Date,AQI,NO,NO2,NOx,O3,PM10,PM2.5
2017-01-01,32,1.7,6.3,7.0,43,13.0,18.3
2017-01-02,23,0.5,3.1,3.3,32,13.8,17.7
2017-01-03,14,0.8,4.6,5.4,44,15.4,10.9
2017-01-04,24,1.0,2.0,2.6,43,27.7,12.7
2017-01-05,39,1.1,9.6,10.2,41,26.7,29.5
2017-01-06,40,3.9,8.3,11.6,41,31.4,27.6
2017-01-07,33,0.6,1.5,1.8,36,20.3,23.3
2017-01-08,25,0.5,1.1,1.5,37,13.2,14.4
2017-01-09,24,0.6,3.9,4.2,38,18.8,13.2
2017-01-10,26,1.2,4.6,5.8,37,16.7,12.6
2017-01-11,24,0.7,3.0,3.3,28,18.9,13.7
2017-01-12,17,1.1,3.6,3.9,37,14.6,22.3
2017-01-13,29,0.7,4.3,4.7,39,25.8,20.1
2017-01-14,37,2.2,8.4,8.8,39,23.0,19.2
2017-01-15,32,0.4,2.9,3.3,37,30.2,10.6
2017-01-16,48,0.8,3.8,4.4,49,35.7,22.8
2017-01-17,46,1.1,5.7,5.8,38,28.1,18.5
2017-01-18,40,2.2,6.2,8.2,33,41.6,25.6
2017-01-19,36,1.7,11.2,12.9,40,29.7,16.2
2017-01-20,38,1.7,8.9,9.9,42,25.6,21.7
2017-01-21,31,5.2,12.2,14.7,43,20.6,17.0
2017-01-22,27,1.5,3.1,3.9,37,34.0,2.4
2017-01-23,57,2.7,4.1,5.7,36,49.9,29.3
2017-01-24,56,3.1,9.5,12.7,33,24.1,23.1
2017-01-25,33,12.0,11.9,22.8,35,31.0,24.3
2017-01-26,57,2.3,8.5,10.7,33,37.6,29.7
2017-01-27,54,4.6,8.0,12.5,27,19.1,16.2
2017-01-28,33,1.9,7.1,8.7,37,22.3,20.8
2017-01-29,32,4.3,11.0,15.3,47,26.2,18.1
2017-01-30,29,4.1,8.3,11.0,29,18.1,24.5
2017-01-31,30,2.6,6.9,9.4,36,14.1,20.7
2017-02-01,18,13.3,10.2,22.1,37,17.9,26.5
2017-02-02,25,6.5,12.1,17.7,40,18.6,27.6
2017-02-03,24,0.9,3.5,4.2,42,18.4,28.9
2017-02-04,27,4.1,9.0,13.2,36,18.6,29.9
2017-02-05,28,1.3,5.2,6.5,33,19.3,18.8
2017-02-06,30,2.6,4.6,6.6,34,25.3,41.1
2017-02-07,33,2.1,5.1,6.9,23,13.0,18.8
2017-02-08,30,0.8,3.8,4.4,59,46.8,12.4
2017-02-09,27,2.0,5.5,7.5,47,13.8,12.5
2017-02-10,24,6.0,8.3,13.6,50,31.1,13.1
2017-02-11,24,1.5,7.8,9.3,40,16.0,17.0
2017-02-12,23,3.1,8.5,11.1,44,17.0,22.3
2017-02-13,3,1.0,5.4,5.9,52,27.9,28.2
2017-02-14,104,0.8,5.8,6.5,53,36.0,11.0
2017-02-15,113,2.4,8.9,10.8,42,67.0,19.7
2017-02-16,42,3.1,10.3,12.5,31,41.5,15.9
2017-02-17,21,2.3,11.4,11.8,66,14.6,15.3
2017-02-18,18,1.4,4.5,5.9,36,18.5,10.2
2017-02-19,16,1.2,3.4,3.8,26,10.6,16.0
2017-02-20,24,5.8,11.2,17.0,35,22.4,13.4
2017-02-21,35,4.0,15.5,18.5,50,24.1,20.4
2017-02-22,35,4.5,16.0,20.5,45,22.3,10.8
2017-02-23,32,5.6,16.7,22.3,58,23.7,15.7
2017-02-24,35,12.4,16.6,27.5,52,30.4,20.4
2017-02-25,32,4.7,15.4,18.4,49,25.0,31.5
2017-02-26,26,2.6,6.2,8.9,36,11.1,15.9
2017-02-27,19,9.9,9.8,19.1,50,18.6,11.6
2017-02-28,24,4.0,9.5,11.7,41,20.2,15.3
2017-03-01,33,18.7,17.7,36.3,54,107.1,14.2
2017-03-02,31,2.3,10.4,12.5,37,15.4,6.7
2017-03-03,26,15.6,18.5,34.2,44,40.1,32.1
2017-03-04,24,0.9,6.1,6.7,30,14.4,9.8
2017-03-05,25,0.8,2.9,3.6,45,24.9,20.2
2017-03-06,29,1.1,5.5,5.9,52,17.8,13.4
2017-03-07,22,32.6,24.2,56.7,34,24.8,13.7
2017-03-08,17,0.8,3.4,4.1,41,10.0,7.2
2017-03-09,14,1.2,3.0,4.0,36,10.7,21.8
2017-03-10,18,2.2,7.7,9.9,37,15.0,18.5
2017-03-11,15,0.8,3.7,4.2,44,20.1,11.4
2017-03-12,29,0.6,5.5,5.8,51,25.8,13.9
2017-03-13,27,0.5,4.4,4.8,49,22.7,24.8
2017-03-14,30,1.2,13.8,14.1,50,22.3,21.6
2017-03-15,19,1.6,9.4,11.0,54,13.7,22.3
2017-03-16,21,2.8,39.4,39.8,53,17.5,18.7
2017-03-17,31,6.4,21.4,24.4,48,18.8,9.3
2017-03-18,23,1.5,23.0,23.5,40,20.0,19.0
2017-03-19,20,1.1,10.2,10.6,50,39.7,10.3
2017-03-20,23,6.1,27.0,31.1,53,25.4,24.9
2017-03-21,28,1.1,7.4,8.1,42,22.4,29.9
2017-03-22,30,0.7,6.8,7.4,33,32.7,14.1
2017-03-23,30,0.9,17.9,18.4,49,65.9,40.3
2017-03-24,33,12.3,46.2,58.5,18,28.7,21.7
2017-03-25,26,5.4,35.2,37.1,46,11.8,10.6
2017-03-26,15,0.5,4.5,4.8,40,9.9,11.0
2017-03-27,13,4.5,21.8,26.3,40,10.5,13.0
2017-03-28,17,3.4,15.9,16.5,29,20.1,18.2
2017-03-29,17,0.5,12.3,12.6,28,15.0,20.4
2017-03-30,17,0.7,7.9,8.6,32,16.1,9.8
2017-03-31,11,1.1,22.2,22.9,33,12.5,16.6
2017-04-01,19,20.2,12.8,33.0,75,14.5,31.2
2017-04-02,25,1.4,4.8,5.7,35,10.6,10.3
2017-04-03,17,2.8,7.9,8.6,30,23.0,16.6
2017-04-04,19,1.2,5.2,5.9,37,11.7,8.4
2017-04-05,15,1.3,3.8,4.5,40,22.9,31.2
2017-04-06,31,0.9,5.0,5.9,46,26.7,20.3
2017-04-07,31,0.8,5.1,5.5,43,15.5,14.4
2017-04-08,20,2.0,14.3,14.6,45,18.6,18.0
2017-04-09,26,1.4,4.2,4.5,48,14.1,14.5
2017-04-10,19,2.7,9.0,9.5,46,13.5,15.8
2017-04-11,3,9.0,14.1,23.2,45,15.5,12.6
2017-04-12,26,1.1,8.2,8.4,41,17.3,13.3
2017-04-13,16,1.7,10.5,12.2,47,11.2,31.4
2017-04-14,20,1.5,7.8,8.1,48,17.7,15.1
2017-04-15,21,1.9,13.0,13.6,45,26.3,10.8
2017-04-16,26,1.6,11.5,12.0,49,17.4,14.1
2017-04-17,21,0.9,6.6,7.1,60,12.8,12.4
2017-04-18,16,2.2,11.9,12.6,48,16.8,5.2
2017-04-19,17,23.1,15.5,38.5,50,18.6,28.1
2017-04-20,20,3.5,9.8,11.5,47,15.8,37.0
2017-04-21,20,4.4,24.0,25.7,39,19.9,23.8
2017-04-22,33,3.3,7.5,10.2,51,46.8,17.0
2017-04-23,28,1.5,4.7,5.2,42,13.8,14.4
2017-04-24,37,2.3,12.1,12.4,52,102.9,20.6
2017-04-25,40,1.6,15.4,16.1,56,20.0,26.0
2017-04-26,30,11.8,23.3,26.0,64,25.7,26.5
2017-04-27,35,51.2,36.7,87.9,62,26.7,32.9
2017-04-28,31,5.3,15.1,20.4,55,21.5,14.0
2017-04-29,22,1.2,9.3,10.2,52,10.6,12.5
2017-04-30,18,0.7,4.2,4.5,62,20.6,18.0
2017-05-01,21,1.3,5.1,5.5,52,16.6,18.3
2017-05-02,24,2.8,18.2,18.8,55,23.9,17.6
2017-05-03,37,9.8,20.5,30.3,51,17.1,25.7
2017-05-04,32,0.7,3.4,4.0,61,23.0,21.0
2017-05-05,35,1.0,9.8,10.2,60,23.0,16.6
2017-05-06,36,1.9,9.3,10.3,55,25.6,20.6
2017-05-07,35,2.3,8.6,9.6,53,17.3,13.6
2017-05-08,34,15.3,33.9,44.1,45,26.6,20.7
2017-05-09,36,14.0,27.2,41.2,52,14.4,21.8
2017-05-10,18,14.8,20.0,34.8,51,12.6,12.4
2017-05-11,20,1.0,8.8,9.8,49,20.8,8.5
2017-05-12,22,0.7,3.3,3.6,64,19.5,5.1
2017-05-13,11,0.7,6.9,7.4,53,12.3,19.7
2017-05-14,12,1.6,8.1,8.6,52,13.1,26.2
2017-05-15,13,5.5,25.3,26.0,57,18.4,23.0
2017-05-16,29,3.3,22.2,25.5,50,23.6,21.4
2017-05-17,28,2.2,14.3,14.8,54,16.7,13.9
2017-05-18,39,0.6,4.0,4.5,62,30.3,16.4
2017-05-19,48,0.8,2.4,2.9,67,30.8,21.9
2017-05-20,37,1.1,2.8,3.8,67,24.1,14.6
2017-05-21,28,0.7,7.2,7.7,61,18.3,23.3
2017-05-22,36,18.2,29.8,41.4,54,31.6,22.9
2017-05-23,51,33.7,41.5,75.2,42,18.1,52.6
2017-05-24,52,14.7,25.0,38.5,50,15.6,15.8
2017-05-25,17,15.8,21.0,36.8,31,15.4,28.1
2017-05-26,13,4.3,15.5,16.2,49,13.5,18.2
2017-05-27,14,1.9,7.3,9.1,53,17.0,11.9
2017-05-28,0,0.8,6.4,7.0,58,10.0,21.4
2017-05-29,4,4.6,10.1,14.7,41,17.2,12.7
2017-05-30,34,15.9,19.8,35.7,52,18.0,37.1
2017-05-31,30,11.7,29.1,38.6,56,20.0,20.7
2017-06-01,25,30.1,18.1,48.2,31,14.7,36.5
2017-06-02,27,2.1,6.1,8.2,42,10.2,10.1
2017-06-03,10,1.3,4.1,4.6,46,10.7,16.4
2017-06-04,20,1.2,21.2,21.8,49,39.6,31.6
2017-06-05,42,1.9,13.2,13.7,45,15.2,23.2
2017-06-06,21,47.6,32.3,79.9,49,16.2,14.8
2017-06-07,21,9.9,16.8,23.8,53,13.2,9.1
2017-06-08,18,4.0,12.2,15.2,47,17.6,31.8
2017-06-09,17,6.2,17.0,19.6,51,19.8,23.9
2017-06-10,0,0.6,18.5,18.9,57,23.7,23.5
2017-06-11,0,0.9,20.8,21.5,51,35.0,31.7
2017-06-12,9,4.5,18.0,21.5,54,21.5,28.6
2017-06-13,16,1.5,10.2,11.7,54,18.1,11.5
2017-06-14,52,0.7,2.0,2.6,63,37.4,18.5
2017-06-15,55,2.8,15.5,18.3,59,33.7,21.8
2017-06-16,35,1.1,9.8,10.2,61,19.4,23.1
2017-06-17,0,2.9,12.6,13.2,34,14.2,20.5
2017-06-18,0,2.8,10.7,11.2,51,21.3,30.3
2017-06-19,5,3.6,11.5,13.8,40,13.1,19.7
2017-06-20,21,4.5,22.0,23.2,40,18.6,19.5
2017-06-21,27,3.8,18.8,22.6,59,26.0,11.5
2017-06-22,26,1.3,7.6,8.3,55,13.8,13.0
2017-06-23,9,1.4,9.6,10.1,44,11.2,6.4
2017-06-24,15,0.7,6.9,7.3,62,16.4,7.5
2017-06-25,25,4.7,11.1,15.9,61,19.1,26.4
2017-06-26,24,1.8,10.8,11.4,60,28.4,19.5
2017-06-27,25,8.1,23.0,26.4,48,14.2,14.1
2017-06-28,27,4.1,27.0,29.1,38,22.6,18.6
2017-06-29,32,15.4,22.8,33.2,53,23.3,17.9
2017-06-30,37,24.8,25.5,47.6,52,18.5,23.9
2017-07-01,28,0.3,3.6,3.8,60,12.9,17.7
2017-07-02,22,0.2,6.7,6.8,55,11.7,13.8
2017-07-03,14,1.3,17.2,17.7,57,13.6,0.0
2017-07-04,15,12.1,19.1,26.2,58,18.3,22.9
2017-07-05,17,1.9,17.3,17.2,52,14.6,10.0
2017-07-06,12,4.0,19.9,21.4,0,12.3,8.0
2017-07-07,12,5.2,23.2,27.5,44,8.4,8.3
2017-07-08,14,3.3,11.1,13.3,58,15.4,16.4
2017-07-09,15,0.5,5.5,5.9,67,14.2,30.9
2017-07-10,19,2.8,9.4,12.2,61,17.7,14.6
2017-07-11,20,4.5,25.3,25.4,65,24.2,23.6
2017-07-12,21,1.3,25.2,25.2,66,17.4,17.5
2017-07-13,17,-0.2,4.1,3.6,65,13.9,28.8
2017-07-14,14,-0.4,1.2,0.5,61,10.4,22.7
2017-07-15,28,0.2,7.6,7.3,61,10.7,24.1
2017-07-16,25,2.2,20.6,20.6,63,16.7,22.2
2017-07-17,31,9.7,22.6,30.4,53,19.0,20.5
2017-07-18,24,2.9,25.3,25.6,52,22.4,15.0
2017-07-19,21,31.2,29.1,60.3,54,14.7,20.0
2017-07-20,20,1.7,14.4,15.3,66,11.7,16.7
2017-07-21,24,0.1,10.6,10.1,69,24.2,25.6
2017-07-22,30,0.3,6.8,6.8,62,25.7,12.2
2017-07-23,30,1.4,5.9,7.3,58,25.6,15.0
2017-07-24,25,0.4,30.7,30.8,67,16.8,17.9
2017-07-25,25,11.4,27.8,37.7,66,20.9,22.3
2017-07-26,3,0.7,11.1,11.4,66,22.9,14.1
2017-07-27,28,3.9,29.0,29.6,56,19.6,21.0
2017-07-28,19,1.2,12.5,13.2,62,14.8,22.8
2017-07-29,12,0.3,6.2,6.3,64,16.6,24.5
2017-07-30,32,1.0,6.5,6.8,58,13.9,37.3
2017-07-31,42,3.4,26.2,26.1,60,30.9,44.6
2017-08-01,57,12.0,30.5,42.1,50,23.4,34.8
2017-08-02,38,15.9,39.3,55.2,57,15.2,9.4
2017-08-03,13,1.2,6.5,6.8,53,9.4,15.5
2017-08-04,12,3.3,15.0,15.3,57,10.6,31.3
2017-08-05,25,2.1,7.0,8.0,54,12.6,26.0
2017-08-06,24,0.2,3.1,3.1,53,15.9,6.8
2017-08-07,10,0.9,20.6,20.7,0,20.7,19.6
2017-08-08,24,1.0,10.6,10.7,61,16.0,6.9
2017-08-09,21,0.4,4.3,4.6,62,15.5,8.3
2017-08-10,25,3.4,23.2,26.6,68,38.7,16.2
2017-08-11,25,2.9,18.2,21.1,69,20.7,19.8
2017-08-12,46,0.0,8.8,8.7,65,37.4,21.1
2017-08-13,52,2.0,9.8,9.7,62,32.0,17.9
2017-08-14,33,6.9,31.1,35.7,67,20.0,13.0
2017-08-15,19,0.5,4.5,4.7,63,13.5,10.0
2017-08-16,24,3.3,19.5,22.8,65,51.1,18.1
2017-08-17,24,3.1,20.6,20.5,48,13.6,14.2
2017-08-18,25,3.7,15.1,18.8,65,19.8,10.9
2017-08-19,26,0.7,7.3,8.0,66,14.9,14.1
2017-08-20,18,0.3,3.8,3.9,66,14.4,10.1
2017-08-21,23,0.6,5.9,5.9,58,72.2,11.8
2017-08-22,28,2.3,10.3,10.4,52,16.2,18.7
2017-08-23,31,7.9,31.3,31.9,59,26.7,22.8
2017-08-24,35,4.3,16.6,18.0,65,25.1,22.2
2017-08-25,25,2.8,9.2,9.9,64,11.0,10.4
2017-08-26,11,1.9,5.9,7.4,60,10.9,11.6
2017-08-27,22,-0.3,1.3,0.6,64,48.8,10.0
2017-08-28,27,0.4,17.5,17.4,66,25.6,12.3
2017-08-29,25,2.2,9.8,11.0,64,18.1,33.1
2017-08-30,9,1.5,18.3,18.6,45,18.6,46.9
2017-08-31,30,3.3,31.0,31.3,66,17.2,18.0
2017-09-01,20,9.0,16.4,25.5,63,14.1,16.0
2017-09-02,13,0.2,3.6,3.5,66,37.2,11.8
2017-09-03,15,0.3,2.4,2.3,51,16.1,24.2
2017-09-04,17,1.2,6.1,6.2,63,25.5,17.7
2017-09-05,35,0.7,9.0,9.0,66,34.3,29.6
2017-09-06,34,1.1,14.1,15.0,68,23.0,18.3
2017-09-07,36,0.5,9.7,9.5,66,37.7,13.3
2017-09-08,37,0.3,3.2,3.4,63,42.5,27.9
2017-09-09,42,0.5,10.5,10.3,63,14.5,10.8
2017-09-10,23,0.2,3.5,3.4,65,52.1,24.7
2017-09-11,35,0.4,1.8,2.2,64,22.7,25.6
2017-09-12,26,0.2,2.5,2.7,67,19.0,13.0
2017-09-13,27,0.4,1.6,2.0,63,66.7,23.5
2017-09-14,51,0.8,5.6,6.3,60,31.4,17.4
2017-09-15,48,1.2,12.2,12.0,58,17.3,0.0
2017-09-16,33,0.6,8.1,8.1,68,26.4,15.3
2017-09-17,38,1.5,7.4,8.0,72,24.6,18.2
2017-09-18,26,0.8,3.0,3.9,66,15.2,11.2
2017-09-19,20,1.6,3.8,5.4,60,17.6,9.7
2017-09-20,13,3.0,15.0,14.9,62,17.0,23.7
2017-09-21,23,1.9,22.4,22.4,62,17.8,29.0
2017-09-22,31,1.1,14.0,14.0,62,33.5,19.6
2017-09-23,19,0.1,2.2,2.2,62,23.2,23.2
2017-09-24,21,0.5,6.3,6.8,64,14.3,16.0
2017-09-25,22,0.3,5.1,5.4,63,17.4,21.1
2017-09-26,29,1.3,7.7,8.9,76,32.0,23.3
2017-09-27,38,1.7,11.5,13.2,60,29.8,14.6
2017-09-28,36,1.6,7.5,7.5,61,17.7,26.8
2017-09-29,26,3.5,26.4,29.9,69,17.9,26.8
2017-09-30,19,2.2,10.4,12.6,67,17.2,9.7
2017-10-01,23,0.3,4.8,5.0,67,19.3,23.4
2017-10-02,37,0.6,1.3,1.2,67,29.4,27.1
2017-10-03,37,0.5,1.0,1.5,53,22.6,20.7
2017-10-04,21,0.4,2.3,2.6,60,17.7,18.8
2017-10-05,26,0.4,0.4,0.4,53,21.0,15.0
2017-10-06,28,3.3,15.2,18.5,58,18.6,14.8
2017-10-07,29,0.6,4.4,5.0,55,18.0,13.8
2017-10-08,27,0.3,5.3,5.5,56,13.8,11.0
2017-10-09,20,2.8,10.0,12.8,58,46.7,19.8
2017-10-10,22,2.7,11.3,14.0,54,16.9,10.1
2017-10-11,35,0.3,1.9,2.0,61,26.8,20.3
2017-10-12,48,0.1,1.8,1.5,56,33.5,38.8
2017-10-13,52,0.0,0.0,0.0,58,38.4,22.6
2017-10-14,43,0.0,0.0,0.0,62,63.2,41.9
2017-10-15,48,0.0,0.0,0.0,58,22.3,21.2
2017-10-16,35,0.0,0.0,0.0,53,32.3,21.1
2017-10-17,46,0.0,0.0,0.0,61,36.0,22.7
2017-10-18,44,0.0,0.0,0.0,50,28.9,23.7
2017-10-19,30,0.0,0.0,0.0,59,35.9,38.3
2017-10-20,38,0.0,0.0,0.0,56,27.0,15.7
2017-10-21,29,0.0,0.0,0.0,65,20.0,13.9
2017-10-22,32,0.0,0.0,0.0,54,22.1,24.6
2017-10-23,28,0.0,0.0,0.0,48,14.0,18.2
2017-10-24,22,0.0,0.0,0.0,52,17.3,20.7
2017-10-25,25,0.0,0.0,0.0,50,17.4,11.1
2017-10-26,0,0.0,0.0,0.0,0,14.9,0.0
2017-10-27,19,0.0,0.0,0.0,0,18.2,8.6
2017-10-28,10,0.0,0.0,0.0,42,26.1,10.2
2017-10-29,21,0.0,0.0,0.0,47,13.6,19.1
2017-10-30,30,0.0,0.0,0.0,51,16.5,37.4
2017-10-31,24,0.0,0.0,0.0,57,16.8,24.6
2017-11-01,22,0.0,0.0,0.0,54,14.9,10.1
2017-11-02,26,0.0,0.0,0.0,60,22.1,15.2
2017-11-03,39,0.0,0.0,0.0,51,26.9,27.8
2017-11-04,40,0.0,0.0,0.0,37,19.0,8.6
2017-11-05,23,0.0,0.0,0.0,52,23.4,16.4
2017-11-06,32,0.0,0.0,0.0,56,20.8,32.2
2017-11-07,41,0.0,0.0,0.0,57,19.7,32.2
2017-11-08,42,0.0,0.0,0.0,53,31.3,15.3
2017-11-09,42,0.0,0.0,0.0,53,30.5,27.1
2017-11-10,27,0.0,0.0,0.0,45,36.9,17.5
2017-11-11,30,0.0,0.0,0.0,46,24.4,30.7
2017-11-12,26,0.0,0.0,0.0,51,21.3,27.7
2017-11-13,27,0.0,0.0,0.0,49,24.1,26.5
2017-11-14,24,0.0,0.0,0.0,55,18.0,30.2
2017-11-15,41,7.2,14.1,21.4,42,19.4,40.8
2017-11-16,33,2.2,10.2,10.0,49,12.2,36.0
2017-11-17,25,2.4,3.7,5.6,59,22.3,25.7
2017-11-18,27,0.7,4.0,4.2,51,16.9,14.7
2017-11-19,18,0.7,1.3,2.0,47,18.3,20.4
2017-11-20,22,1.2,6.2,6.1,54,23.5,21.3
2017-11-21,24,5.5,8.7,14.1,61,19.2,16.9
2017-11-22,33,3.0,7.4,9.8,59,25.0,29.7
2017-11-23,42,2.4,5.0,7.4,59,24.0,34.6
2017-11-24,29,0.4,4.5,5.0,56,18.5,14.9
2017-11-25,37,1.0,6.5,7.1,64,23.5,19.6
2017-11-26,45,0.0,3.1,2.5,50,11.2,40.8
2017-11-27,41,1.8,7.2,9.0,56,13.5,15.8
2017-11-28,20,1.8,11.5,11.3,52,23.9,14.4
2017-11-29,36,1.5,9.3,9.8,55,21.9,34.9
2017-11-30,32,3.6,21.4,25.0,58,26.0,17.0
2017-12-01,24,1.7,6.7,6.6,40,15.6,17.0
2017-12-02,30,1.7,9.2,9.7,44,12.7,37.2
2017-12-03,41,1.7,5.7,5.9,57,21.1,67.0
2017-12-04,44,2.2,7.8,8.9,55,16.8,30.9
2017-12-05,31,3.4,8.5,10.1,58,25.8,36.7
2017-12-06,31,4.5,9.3,12.3,78,23.3,23.0
2017-12-07,32,4.4,9.0,13.4,55,65.6,21.3
2017-12-08,56,2.7,17.2,19.9,42,33.6,69.4
2017-12-09,51,0.9,4.1,3.9,51,17.1,67.1
2017-12-10,54,1.5,5.5,5.7,46,23.8,47.6
2017-12-11,40,1.1,4.8,5.1,35,20.0,33.3
2017-12-12,43,1.5,5.5,5.5,36,21.5,82.8
2017-12-13,43,0.3,2.2,2.4,37,23.0,13.9
2017-12-14,29,1.4,6.2,5.8,58,14.7,25.1
2017-12-15,34,2.9,8.0,10.6,49,73.0,42.0
2017-12-16,40,1.8,11.1,11.1,42,17.9,13.5
2017-12-17,25,0.9,6.8,7.6,50,16.8,14.3
2017-12-18,27,1.9,8.1,8.3,42,26.2,18.4
2017-12-19,39,2.9,7.8,10.4,46,24.0,11.7
2017-12-20,54,0.3,4.5,4.3,56,55.1,21.2
2017-12-21,53,0.6,1.7,1.3,45,28.7,23.8
2017-12-22,42,2.4,7.3,9.5,48,34.3,18.3
2017-12-23,41,0.6,1.1,1.4,50,22.5,13.6
2017-12-24,35,0.9,1.9,2.2,44,17.5,15.5
2017-12-25,21,0.6,0.9,1.4,49,15.2,20.0
2017-12-26,18,0.9,1.8,2.7,56,17.9,12.2
2017-12-27,30,1.3,2.4,3.7,45,25.0,21.4
2017-12-28,31,0.4,1.7,1.6,52,31.3,24.1
2017-12-29,46,0.2,1.4,1.1,47,27.7,25.0
2017-12-30,40,1.3,5.9,5.7,54,23.6,20.1
2017-12-31,29,2.0,3.3,4.1,37,14.7,23.4
2018-01-01,32,0.6,6.7,6.5,44,17.8,20.4
2018-01-02,24,1.5,5.1,6.5,36,25.5,12.3
2018-01-03,17,1.3,6.2,6.6,49,24.6,24.2
2018-01-04,16,1.7,2.8,4.4,36,11.0,11.5
2018-01-05,35,0.8,1.7,2.5,55,48.4,13.5
2018-01-06,81,0.1,1.7,1.7,31,47.9,23.0
2018-01-07,79,0.3,3.1,3.3,48,37.8,21.8
2018-01-08,25,1.4,6.0,6.7,35,33.9,14.6
2018-01-09,43,1.5,5.2,6.1,31,21.0,20.5
2018-01-10,26,2.6,2.9,5.5,30,19.9,22.4
2018-01-11,30,2.1,3.2,4.4,24,20.8,37.5
2018-01-12,40,9.3,10.6,19.9,105,29.4,42.9
2018-01-13,45,1.0,2.5,3.5,39,21.2,36.9
2018-01-14,33,0.2,1.2,1.1,35,20.0,13.3
2018-01-15,21,2.2,5.2,5.9,32,18.2,20.6
2018-01-16,32,0.5,1.2,1.3,36,55.2,18.2
2018-01-17,48,0.3,1.4,1.3,37,33.5,12.9
2018-01-18,49,0.4,3.0,3.1,31,19.9,21.2
2018-01-19,25,0.6,2.2,2.0,36,24.1,21.0
2018-01-20,37,2.7,3.3,5.8,42,22.0,11.6
2018-01-21,32,1.4,2.8,4.1,34,21.3,12.3
2018-01-22,27,2.6,5.1,7.5,33,17.1,20.6
2018-01-23,19,3.1,5.8,8.9,46,12.3,19.7
2018-01-24,23,3.9,5.2,7.7,28,27.9,18.8
2018-01-25,27,4.7,4.9,9.5,39,25.4,16.6
2018-01-26,32,2.5,9.2,9.1,62,24.8,13.8
2018-01-27,39,1.6,8.6,8.7,57,32.6,13.2
2018-01-28,40,0.7,4.6,4.4,36,52.9,16.7
2018-01-29,29,2.1,4.2,5.0,35,20.1,15.6
2018-01-30,34,4.5,9.7,14.2,44,35.6,14.5
2018-01-31,42,14.4,15.0,29.4,33,38.7,16.6
2018-02-01,46,1.0,1.9,2.9,39,28.7,27.9
2018-02-02,48,3.4,7.8,9.1,52,38.7,7.9
2018-02-03,47,2.6,5.9,8.0,34,17.4,6.9
2018-02-04,17,0.9,6.2,6.7,40,11.6,15.6
2018-02-05,21,2.7,4.8,5.9,47,17.2,14.7
2018-02-06,23,2.0,3.8,4.8,34,25.0,16.2
2018-02-07,31,3.2,4.4,7.5,35,29.4,26.7
2018-02-08,32,2.2,5.5,6.9,38,63.8,12.3
2018-02-09,23,1.1,2.9,2.9,28,124.5,17.4
2018-02-10,26,3.2,3.3,6.0,11,17.1,19.0
2018-02-11,16,0.0,0.3,0.2,14,13.7,20.0
2018-02-12,17,2.6,19.0,20.5,21,16.7,14.9
2018-02-13,17,1.1,2.4,3.5,7,17.2,9.1
2018-02-14,33,3.4,6.5,7.1,11,29.1,17.1
2018-02-15,25,1.9,4.5,6.4,41,23.8,19.1
2018-02-16,25,4.9,9.3,12.9,111,36.4,12.3
2018-02-17,34,3.2,2.1,5.2,41,26.3,14.9
2018-02-18,37,1.2,5.9,6.6,46,25.7,13.2
2018-02-19,37,11.2,9.0,20.2,55,26.5,27.9
2018-02-20,46,1.5,1.6,2.8,35,41.0,15.8
2018-02-21,56,1.4,2.9,3.8,48,37.2,20.8
2018-02-22,37,1.4,7.6,9.0,54,26.1,19.8
2018-02-23,29,11.8,17.3,29.1,61,24.8,23.1
2018-02-24,27,4.2,7.2,8.1,51,16.8,16.0
2018-02-25,24,2.2,4.7,5.1,60,17.2,16.8
2018-02-26,22,4.4,6.6,10.6,53,21.2,16.4
2018-02-27,25,4.7,7.5,11.4,43,47.9,16.3
2018-02-28,25,2.2,11.2,13.4,57,21.5,24.5
2018-03-01,29,1.7,9.5,10.2,52,18.5,9.3
2018-03-02,30,1.6,7.6,9.2,51,24.8,30.2
2018-03-03,43,1.4,3.2,4.6,60,26.6,10.9
2018-03-04,46,0.6,2.7,2.2,42,30.4,16.2
2018-03-05,30,1.8,5.0,5.5,50,25.9,29.5
2018-03-06,36,23.5,12.7,36.2,61,30.2,18.7
2018-03-07,35,2.3,4.3,5.1,44,18.3,19.7
2018-03-08,0,1.7,5.6,5.5,51,23.6,36.7
2018-03-09,21,3.7,5.5,9.2,62,20.5,12.2
2018-03-10,18,1.2,2.5,2.8,67,18.5,8.2
2018-03-11,23,0.8,2.1,1.7,60,23.6,8.6
2018-03-12,9,1.7,3.7,5.1,50,24.9,7.2
2018-03-13,35,0.3,3.9,3.8,63,26.6,16.7
2018-03-14,39,1.8,2.2,2.3,53,47.9,14.9
2018-03-15,45,0.3,7.7,8.1,51,44.2,34.9
2018-03-16,0,0.5,0.9,1.4,56,19.2,25.7
2018-03-17,0,0.4,3.4,3.8,55,25.6,16.4
2018-03-18,19,0.3,-0.1,0.0,66,20.3,19.5
2018-03-19,32,1.5,4.1,4.0,57,99.2,8.3
2018-03-20,38,0.4,1.6,1.5,66,22.0,9.7
2018-03-21,32,2.5,7.7,8.8,60,37.4,22.0
2018-03-22,34,20.1,16.7,36.8,63,25.6,22.7
2018-03-23,2,3.4,9.8,12.4,55,19.5,11.7
2018-03-24,4,1.9,8.1,10.0,50,19.0,13.1
2018-03-25,0,-0.1,3.6,3.5,60,44.1,28.1
2018-03-26,2,206.4,10.3,214.7,49,17.7,14.8
2018-03-27,21,4.9,12.0,16.9,54,14.1,15.7
2018-03-28,19,8.4,14.1,21.7,38,16.5,21.3
2018-03-29,24,24.2,18.1,42.4,38,16.6,4.0
2018-03-30,25,1.7,9.2,9.8,52,19.8,0.0
2018-03-31,0,0.9,3.9,3.7,60,20.7,0.0
2018-04-01,2,1.2,4.1,4.4,72,26.2,0.0
2018-04-02,31,1.1,5.9,6.9,75,16.8,29.8
2018-04-03,29,3.8,8.6,11.7,73,22.6,24.3
2018-04-04,32,11.9,22.1,23.1,45,25.5,19.1
2018-04-05,39,2.2,5.2,7.4,59,31.8,14.8
2018-04-06,37,8.1,9.1,17.2,68,27.8,25.6
2018-04-07,33,8.2,10.5,18.7,61,29.2,18.7
2018-04-08,36,0.5,3.0,2.7,71,26.6,22.4
2018-04-09,33,7.2,12.4,19.6,74,27.1,23.0
2018-04-10,41,0.4,1.9,1.5,70,41.6,16.3
2018-04-11,43,0.9,2.8,3.7,71,21.4,15.1
2018-04-12,23,0.0,0.0,0.0,77,44.6,11.2
2018-04-13,54,0.0,0.0,0.0,77,38.2,36.4
2018-04-14,49,0.0,0.0,0.0,53,40.8,18.0
2018-04-15,42,0.0,0.0,0.0,52,22.3,27.5
2018-04-16,44,0.0,0.0,0.0,55,44.7,24.1
2018-04-17,58,0.1,3.9,3.5,63,42.3,35.4
2018-04-18,53,0.2,2.1,1.9,81,22.6,18.6
2018-04-19,33,13.0,14.7,27.7,77,20.5,28.0
2018-04-20,28,0.9,8.9,8.7,60,17.9,18.1
2018-04-21,25,1.2,7.4,8.1,69,18.4,18.1
2018-04-22,31,0.2,8.3,8.0,72,21.1,18.3
2018-04-23,31,8.2,14.7,22.9,73,18.9,11.7
2018-04-24,23,3.7,7.6,11.4,70,17.4,17.3
2018-04-25,19,1.9,13.0,12.9,69,19.0,17.0
2018-04-26,26,3.3,13.2,16.4,66,24.1,18.6
2018-04-27,27,3.7,17.1,20.7,68,20.6,16.1
2018-04-28,23,0.2,0.4,0.3,68,22.0,19.3
2018-04-29,21,0.2,1.2,1.2,63,15.6,13.9
2018-04-30,19,5.0,11.4,16.4,57,12.9,22.0
2018-05-01,22,4.9,8.3,13.2,60,20.7,16.3
2018-05-02,23,2.2,3.9,5.3,61,14.8,8.4
2018-05-03,33,2.0,18.9,19.7,67,38.0,22.2
2018-05-04,46,39.3,24.6,60.7,73,35.4,18.1
2018-05-05,44,2.5,10.8,12.0,62,24.7,28.2
2018-05-06,37,0.0,0.0,0.0,79,23.9,24.3
2018-05-07,48,2.0,2.4,4.4,83,33.3,26.0
2018-05-08,53,2.0,5.4,5.1,62,27.6,13.7
2018-05-09,43,1.7,10.3,10.3,61,37.5,13.4
2018-05-10,37,10.7,14.2,24.4,65,30.1,22.6
2018-05-11,30,0.9,10.9,11.1,55,20.3,14.7
2018-05-12,32,1.5,10.9,11.1,44,25.9,9.2
2018-05-13,18,1.1,4.1,4.7,45,19.7,0.0
2018-05-14,17,2.2,11.5,11.5,63,32.4,16.0
2018-05-15,30,1.3,14.9,16.1,49,19.6,29.5
2018-05-16,27,0.9,12.4,13.0,65,23.1,18.2
2018-05-17,26,1.2,10.1,9.9,71,13.2,14.6
2018-05-18,26,6.5,38.3,42.7,68,20.1,10.0
2018-05-19,30,5.5,34.5,40.0,66,30.6,28.2
2018-05-20,24,1.2,7.0,6.7,66,20.8,8.3
2018-05-21,28,0.7,19.1,19.0,66,28.2,7.6
2018-05-22,29,3.1,28.4,28.5,66,20.2,13.2
2018-05-23,26,1.7,7.2,8.7,76,17.4,22.9
2018-05-24,30,1.8,2.7,4.5,74,24.1,9.7
2018-05-25,37,1.2,15.2,16.1,70,31.1,9.5
2018-05-26,34,1.1,7.2,8.3,72,18.3,18.5
2018-05-27,26,0.2,1.1,0.9,77,19.6,14.5
2018-05-28,22,0.5,10.4,10.5,62,11.5,26.2
2018-05-29,16,2.4,26.4,27.3,61,15.5,11.1
2018-05-30,18,2.6,13.7,13.8,61,15.1,19.5
2018-05-31,30,7.9,23.5,23.8,64,30.1,32.5
2018-06-01,48,18.3,24.1,42.3,59,22.7,35.7
2018-06-02,46,0.6,6.2,6.7,64,12.9,40.9
2018-06-03,22,0.0,2.8,2.7,64,21.5,11.2
2018-06-04,11,0.1,4.0,4.0,67,9.9,20.6
2018-06-05,21,2.0,3.5,5.6,68,36.9,34.0
2018-06-06,40,0.7,23.9,24.5,69,30.4,17.1
2018-06-07,33,0.1,2.1,1.9,64,12.6,20.1
2018-06-08,19,2.0,19.1,19.5,59,30.3,16.2
2018-06-09,28,9.9,26.2,26.8,54,18.8,14.6
2018-06-10,24,1.1,7.0,7.1,46,13.4,17.6
2018-06-11,20,5.3,11.4,16.7,55,13.3,7.2
2018-06-12,22,0.4,2.2,2.4,56,20.1,22.8
2018-06-13,23,1.3,6.2,7.5,60,15.8,11.9
2018-06-14,30,1.9,18.0,18.3,60,22.1,11.1
2018-06-15,34,16.9,25.5,42.4,53,28.9,25.5
2018-06-16,25,3.5,13.7,17.2,62,16.1,16.3
2018-06-17,42,0.4,13.7,13.6,70,34.7,24.8
2018-06-18,43,1.8,8.9,9.2,70,26.6,9.3
2018-06-19,40,10.2,24.9,34.6,66,30.5,25.2
2018-06-20,31,0.4,4.6,5.1,65,17.6,7.2
2018-06-21,11,0.5,7.8,7.7,65,9.0,7.4
2018-06-22,16,2.5,12.2,12.1,59,14.7,18.7
2018-06-23,26,5.3,17.1,21.2,63,16.6,33.4
2018-06-24,27,2.6,15.6,15.7,57,15.8,9.1
2018-06-25,18,0.6,6.5,7.0,69,14.9,10.9
2018-06-26,31,0.4,3.1,3.3,69,17.8,27.9
2018-06-27,36,8.9,24.6,31.9,61,34.1,16.2
2018-06-28,38,8.5,28.2,33.7,55,20.1,15.0
2018-06-29,31,1.8,18.7,18.8,48,24.4,22.6
2018-06-30,28,4.5,24.1,24.6,54,22.3,16.3
2018-07-01,30,2.7,13.0,15.7,47,16.7,21.1
2018-07-02,37,0.1,9.0,8.7,62,26.8,9.6
2018-07-03,38,2.5,11.8,12.4,63,14.3,24.5
2018-07-04,25,10.3,20.4,30.7,58,16.1,23.1
2018-07-05,27,6.5,31.9,38.4,61,21.0,14.4
2018-07-06,29,9.6,39.5,42.6,57,35.3,19.9
2018-07-07,36,3.0,25.7,25.7,55,31.5,10.6
2018-07-08,22,0.7,3.9,3.9,75,16.7,9.1
2018-07-09,28,0.6,3.4,4.0,72,27.8,13.7
2018-07-10,37,0.6,4.6,5.0,69,31.1,25.9
2018-07-11,36,12.7,30.6,43.4,64,20.2,25.1
2018-07-12,28,13.7,30.8,44.5,64,29.0,19.8
2018-07-13,29,9.9,22.1,30.0,50,20.8,7.3
2018-07-14,18,0.5,6.5,7.0,62,18.3,27.8
2018-07-15,22,0.0,17.7,17.6,65,10.1,11.4
2018-07-16,19,4.0,33.5,34.4,63,16.5,15.9
2018-07-17,29,3.1,15.0,17.7,61,24.1,22.7
2018-07-18,29,5.9,25.2,25.5,59,19.1,12.5
2018-07-19,23,9.3,31.8,32.2,59,16.2,14.9
2018-07-20,20,5.9,21.2,27.2,64,19.3,31.5
2018-07-21,29,3.0,16.7,16.7,60,18.5,13.4
2018-07-22,23,1.1,7.0,8.1,63,32.2,21.0
2018-07-23,25,10.5,27.0,29.2,67,31.8,21.2
2018-07-24,33,8.2,24.2,32.3,67,23.5,11.5
2018-07-25,29,6.6,21.8,25.9,66,24.2,25.7
2018-07-26,47,0.4,6.2,5.9,66,32.4,17.9
2018-07-27,48,26.5,32.5,59.0,65,24.3,9.1
2018-07-28,29,0.1,3.9,3.9,65,21.2,10.2
2018-07-29,27,0.9,12.5,12.3,71,18.3,10.6
2018-07-30,31,0.7,11.8,12.0,69,22.6,13.6
2018-07-31,25,1.8,17.6,18.8,67,17.6,9.3
2018-08-01,23,6.9,19.6,26.2,64,18.7,12.5
2018-08-02,23,8.9,22.0,30.9,60,14.5,11.5
2018-08-03,19,1.2,16.4,17.5,66,19.0,11.2
2018-08-04,22,1.5,6.6,6.3,60,15.1,26.9
2018-08-05,20,-0.4,2.6,2.2,56,19.2,23.3
2018-08-06,18,1.5,17.6,17.4,68,18.5,14.2
2018-08-07,19,5.9,18.1,18.8,65,19.7,7.9
2018-08-08,23,1.4,13.7,13.6,62,27.1,11.2
2018-08-09,29,1.2,6.9,7.1,70,44.9,13.9
2018-08-10,34,6.9,16.7,23.5,72,33.0,7.3
2018-08-11,27,2.7,11.2,11.4,60,23.0,28.6
2018-08-12,32,0.9,12.1,12.1,63,18.1,33.4
2018-08-13,20,9.3,21.5,30.7,68,11.9,9.5
2018-08-14,31,0.6,7.2,7.4,82,34.7,9.0
2018-08-15,49,0.5,0.2,0.7,80,68.9,10.4
2018-08-16,55,1.0,2.4,3.4,75,57.5,8.4
2018-08-17,45,0.6,6.4,6.1,77,29.4,25.6
2018-08-18,33,-0.2,6.2,5.7,78,21.1,9.1
2018-08-19,30,1.8,20.8,20.6,77,55.6,30.0
2018-08-20,29,0.2,11.8,11.7,76,17.1,11.0
2018-08-21,23,0.6,6.5,6.4,74,17.0,8.1
2018-08-22,27,0.5,15.3,15.2,81,28.1,14.2
2018-08-23,25,0.7,13.9,13.8,78,20.6,36.5
2018-08-24,23,2.8,16.1,16.3,76,17.7,19.3
2018-08-25,30,0.3,0.3,0.5,78,24.2,25.9
2018-08-26,39,0.0,4.1,3.9,77,29.9,14.1
2018-08-27,41,6.7,19.7,26.5,76,20.8,24.0
2018-08-28,29,3.2,14.2,17.3,74,17.4,20.7
2018-08-29,21,0.6,9.4,9.5,71,16.1,13.1
2018-08-30,19,0.7,4.4,5.0,70,21.5,16.9
2018-08-31,20,4.5,15.8,17.0,49,21.8,22.1
2018-09-01,24,6.1,16.7,19.2,56,15.3,23.1
2018-09-02,38,0.4,3.2,3.4,81,32.4,10.9
2018-09-03,42,2.2,17.8,18.0,70,27.9,11.5
2018-09-04,23,3.1,11.0,12.6,47,13.0,16.5
2018-09-05,13,0.4,5.0,5.4,50,51.6,8.9
2018-09-06,13,0.0,4.4,4.0,50,9.3,6.1
2018-09-07,19,0.3,3.2,2.8,60,20.3,11.4
2018-09-08,19,0.6,3.4,3.5,58,15.6,29.7
2018-09-09,28,0.3,0.5,0.6,69,54.6,12.1
2018-09-10,25,1.7,11.9,12.0,66,13.3,24.7
2018-09-11,23,1.5,5.1,5.3,54,21.4,11.3
2018-09-12,28,2.5,8.6,8.9,56,22.2,15.9
2018-09-13,31,1.6,4.4,5.4,65,55.9,16.6
2018-09-14,31,1.7,4.0,5.3,71,29.4,15.5
2018-09-15,31,0.7,7.8,7.5,52,18.9,13.1
2018-09-16,28,0.1,3.0,2.7,86,18.0,12.6
2018-09-17,23,0.6,4.7,5.0,82,17.9,14.3
2018-09-18,24,1.0,4.9,5.9,45,17.9,47.4
2018-09-19,26,0.7,3.1,3.3,66,19.0,7.2
2018-09-20,14,1.4,4.5,5.7,53,18.8,13.1
2018-09-21,23,1.8,12.6,12.7,58,18.0,7.3
2018-09-22,23,0.4,6.6,6.7,49,19.9,7.2
2018-09-23,20,0.3,4.6,4.7,67,19.5,10.9
2018-09-24,22,0.9,4.9,5.7,72,25.3,20.6
2018-09-25,32,0.5,1.3,1.7,77,27.7,11.6
2018-09-26,34,0.2,0.5,0.6,77,21.7,17.1
2018-09-27,30,1.8,7.1,7.1,64,21.3,24.0
2018-09-28,30,2.6,9.2,11.8,63,24.8,21.8
2018-09-29,25,0.9,7.7,7.7,65,15.7,18.2
2018-09-30,15,2.1,5.4,6.7,69,15.4,9.0
2018-10-01,21,6.4,19.1,25.5,72,22.4,11.9
2018-10-02,22,0.8,6.5,6.7,57,16.5,6.4
2018-10-03,21,15.0,19.0,34.1,58,23.1,10.9
2018-10-04,23,7.3,20.1,26.2,57,19.6,17.9
2018-10-05,26,1.8,10.6,11.6,52,28.0,6.5
2018-10-06,24,1.1,4.3,4.2,72,24.3,13.8
2018-10-07,32,0.7,4.0,3.8,61,23.5,8.6
2018-10-08,29,1.1,7.1,6.7,58,26.1,12.7
2018-10-09,32,4.7,13.7,17.0,64,18.8,15.8
2018-10-10,25,4.5,20.4,23.5,64,21.4,11.5
2018-10-11,21,4.0,15.3,15.6,69,15.5,12.0
2018-10-12,37,0.5,4.8,4.7,81,40.6,16.5
2018-10-13,40,0.3,1.2,1.2,59,20.6,13.1
2018-10-14,30,0.1,4.6,4.4,64,26.7,21.3
2018-10-15,30,1.4,7.1,7.2,59,22.9,32.7
2018-10-16,31,1.7,10.2,11.9,65,26.6,12.9
2018-10-17,30,1.6,1.7,3.3,71,44.3,16.4
2018-10-18,30,0.9,8.0,7.8,63,29.4,29.2
2018-10-19,39,1.9,12.6,12.6,70,30.7,24.7
2018-10-20,35,1.4,7.0,7.2,53,28.6,14.4
2018-10-21,35,1.0,6.3,6.7,53,24.2,18.5
2018-10-22,24,0.4,5.5,5.4,55,12.5,6.4
2018-10-23,18,2.1,8.4,8.8,51,21.6,14.0
2018-10-24,25,8.3,14.7,23.0,53,22.4,28.3
2018-10-25,25,5.0,15.7,20.7,58,19.3,24.3
2018-10-26,36,1.3,8.9,9.1,62,28.5,11.5
2018-10-27,41,2.4,10.6,13.1,67,21.8,18.8
2018-10-28,26,0.5,5.9,5.6,52,12.7,20.3
2018-10-29,14,1.9,7.9,8.0,75,17.5,6.1
2018-10-30,28,1.5,5.9,5.9,62,31.5,10.3
2018-10-31,29,1.9,6.3,7.5,54,16.1,10.7
2018-11-01,36,0.3,2.1,2.0,70,34.1,32.5
2018-11-02,37,6.2,10.5,16.7,64,25.5,21.3
2018-11-03,44,-0.2,3.6,2.9,60,33.6,11.6
2018-11-04,55,0.0,0.6,0.3,62,42.2,27.6
2018-11-05,59,0.6,1.1,1.7,58,37.5,20.3
2018-11-06,54,2.1,8.1,8.2,65,53.3,25.8
2018-11-07,54,3.7,8.5,10.9,59,26.2,13.2
2018-11-08,38,3.5,11.6,15.1,35,51.6,11.5
2018-11-09,33,2.4,5.9,8.2,50,26.6,13.0
2018-11-10,36,0.8,13.6,13.8,54,27.2,10.1
2018-11-11,40,0.1,9.0,8.8,46,22.2,6.8
2018-11-12,0,0.8,5.9,6.1,43,38.4,5.6
2018-11-13,33,2.2,7.3,7.3,54,28.4,15.7
2018-11-14,32,2.1,7.1,8.8,60,18.1,16.8
2018-11-15,22,5.4,9.5,14.9,69,19.4,8.0
2018-11-16,24,2.8,10.9,11.0,77,33.5,7.9
2018-11-17,31,3.0,17.0,20.0,65,26.5,12.3
2018-11-18,37,1.0,9.3,9.2,61,20.9,20.1
2018-11-19,26,0.7,5.8,6.2,61,23.0,10.2
2018-11-20,21,2.6,7.3,7.9,77,17.4,25.6
2018-11-21,19,2.3,16.5,18.8,62,10.4,11.6
2018-11-22,13,2.1,13.9,16.1,61,11.9,10.0
2018-11-23,19,29.9,18.8,48.8,75,19.6,14.5
2018-11-24,18,0.4,3.1,2.9,59,11.2,7.6
2018-11-25,25,0.0,6.9,6.4,108,30.4,21.8
2018-11-26,65,2.6,7.5,9.4,71,52.4,22.5
2018-11-27,57,4.1,8.4,11.7,29,24.3,16.8
2018-11-28,29,1.6,7.5,8.8,0,23.3,16.8
2018-11-29,31,1.8,10.2,11.9,0,25.5,21.0
2018-11-30,28,5.3,5.7,10.9,0,24.5,10.3
2018-12-01,24,0.3,1.9,2.2,0,22.7,17.9
2018-12-02,39,0.4,2.1,2.3,0,25.7,10.9
2018-12-03,38,0.6,6.0,6.6,0,23.1,14.8
2018-12-04,42,0.5,4.0,4.5,0,68.6,11.7
2018-12-05,61,0.4,5.8,6.2,0,35.9,11.6
2018-12-06,57,0.6,5.9,6.4,0,34.8,24.9
2018-12-07,31,1.3,7.9,9.2,0,28.1,17.8
2018-12-08,45,1.5,8.2,9.7,0,32.2,15.8
2018-12-09,56,0.2,2.6,2.5,0,34.8,11.2
2018-12-10,56,0.2,4.5,4.7,0,37.8,15.8
2018-12-11,57,2.5,9.6,12.1,0,39.1,16.5
2018-12-12,45,3.2,9.2,12.4,0,24.7,23.2
2018-12-13,28,4.8,11.2,13.9,0,26.6,15.4
2018-12-14,28,1.9,6.7,8.6,0,13.1,9.7
2018-12-15,17,0.9,5.4,6.1,0,15.6,18.9
2018-12-16,18,1.3,7.0,8.2,0,16.5,20.1
2018-12-17,24,0.8,6.3,7.1,0,18.4,16.8
2018-12-18,25,3.5,8.8,11.7,0,27.1,13.0
2018-12-19,27,0.8,4.6,5.4,0,23.7,24.5
2018-12-20,27,0.5,3.4,3.7,0,16.1,21.3
2018-12-21,20,0.4,4.3,4.6,0,20.2,32.8
2018-12-22,25,0.2,4.1,4.3,0,19.4,14.5
2018-12-23,22,0.3,4.1,4.3,0,14.1,10.3
2018-12-24,12,0.3,5.9,6.2,0,6.3,6.3
2018-12-25,11,0.3,2.6,2.7,0,16.5,7.3
2018-12-26,53,0.5,1.1,1.4,0,37.5,16.2
2018-12-27,62,0.5,2.4,2.5,0,43.4,31.5
2018-12-28,53,1.1,4.0,4.4,0,25.2,14.2
2018-12-29,36,1.3,3.8,5.0,0,22.5,18.4
2018-12-30,31,1.7,5.5,7.2,0,17.8,10.1
2018-12-31,28,1.0,5.6,5.9,0,27.3,14.7
2019-01-01,41,0.7,3.7,4.4,32,35.6,17.3
2019-01-02,35,0.4,1.4,1.8,34,18.2,15.8
2019-01-03,30,0.6,1.9,2.5,34,23.6,15.4
2019-01-04,76,0.3,1.6,1.8,37,84.4,15.0
2019-01-05,77,1.2,4.5,5.7,29,41.3,11.8
2019-01-06,46,1.4,3.8,5.1,28,17.3,9.7
2019-01-07,32,0.5,2.7,3.1,34,24.1,26.3
2019-01-08,38,0.8,4.9,5.5,29,29.8,21.1
2019-01-09,38,0.7,5.0,5.7,52,23.4,15.7
2019-01-10,37,1.1,6.7,7.6,50,33.6,15.7
2019-01-11,35,1.9,4.2,5.7,31,25.4,21.1
2019-01-12,38,0.4,2.9,3.3,44,31.4,22.6
2019-01-13,40,0.5,2.7,3.1,44,27.8,24.0
2019-01-14,37,0.7,6.2,6.6,33,23.8,10.4
2019-01-15,20,1.2,29.6,30.7,32,14.9,7.1
2019-01-16,29,1.2,5.5,6.7,37,30.7,11.9
2019-01-17,43,0.4,3.8,4.1,35,34.8,10.3
2019-01-18,42,0.4,3.6,3.9,27,25.6,8.8
2019-01-19,32,0.8,3.6,4.1,31,16.7,13.9
2019-01-20,40,0.2,2.1,2.1,37,32.0,10.2
2019-01-21,48,0.2,3.5,3.5,35,40.9,19.8
2019-01-22,57,0.4,2.8,3.2,34,47.6,21.6
2019-01-23,55,0.5,5.0,5.4,31,23.2,16.2
2019-01-24,47,0.6,7.5,7.9,35,35.1,18.2
2019-01-25,54,2.7,9.6,12.3,37,40.2,13.7
2019-01-26,51,2.9,7.1,9.8,29,17.1,18.5
2019-01-27,22,1.0,5.3,6.0,27,16.2,10.7
2019-01-28,21,0.5,2.7,3.0,26,19.6,15.9
2019-01-29,35,0.4,4.4,4.2,39,45.3,16.9
2019-01-30,44,0.8,5.7,6.2,41,35.5,20.0
2019-01-31,52,2.1,4.6,6.0,45,39.6,22.2
2019-02-01,55,2.2,8.3,10.5,41,36.9,20.3
2019-02-02,49,1.5,5.1,6.6,36,33.3,17.0
2019-02-03,43,0.0,0.0,0.0,0,0.0,0.0
2019-02-04,3,2.1,5.2,6.0,56,36.2,31.4
2019-02-05,47,1.5,7.5,8.6,38,45.6,39.0
2019-02-06,47,1.1,6.0,7.0,41,33.4,10.2
2019-02-07,36,0.3,7.0,7.3,37,15.3,9.9
2019-02-08,21,0.5,6.0,6.5,40,15.1,13.9
2019-02-09,22,0.7,6.7,7.4,37,16.7,10.9
2019-02-10,28,0.7,5.3,5.9,40,28.1,14.5
2019-02-11,53,1.5,11.3,12.1,30,78.1,21.0
2019-02-12,53,10.5,17.3,27.0,0,104.3,25.2
2019-02-13,48,6.8,8.4,15.2,23,46.0,13.6
2019-02-14,34,10.3,12.2,22.5,67,35.2,12.9
2019-02-15,36,4.5,9.6,12.9,40,46.9,13.2
2019-02-16,66,0.5,3.0,3.2,35,73.2,18.0
2019-02-17,67,0.7,8.4,8.6,48,29.2,17.1
2019-02-18,43,1.1,6.9,7.2,40,36.4,11.9
2019-02-19,33,1.8,8.1,8.8,43,20.8,9.0
2019-02-20,32,6.1,22.3,28.4,66,28.2,35.1
2019-02-21,30,2.4,8.3,9.4,37,24.4,12.1
2019-02-22,28,1.9,7.6,9.1,38,17.6,10.4
2019-02-23,22,0.9,8.6,9.4,36,20.4,0.0
2019-02-24,29,0.6,7.5,7.9,45,18.6,0.0
2019-02-25,24,2.3,4.9,6.4,46,26.2,16.3
2019-02-26,20,1.8,8.9,8.9,46,30.8,10.9
2019-02-27,29,12.0,19.0,31.1,42,37.0,10.9
2019-02-28,39,1.2,6.6,6.4,48,41.1,10.8
2019-03-01,42,2.6,9.9,11.7,56,40.5,0.0
2019-03-02,41,1.6,6.8,7.8,52,31.7,13.0
2019-03-03,32,2.5,8.7,9.4,50,21.5,9.5
2019-03-04,39,9.1,11.5,19.4,38,44.7,0.0
2019-03-05,36,0.7,2.8,3.2,36,34.5,0.0
2019-03-06,34,4.5,12.6,16.1,52,35.9,12.6
2019-03-07,31,13.7,17.7,31.3,44,24.7,10.3
2019-03-08,29,1.9,13.7,14.0,43,95.5,14.3
2019-03-09,25,1.2,15.8,16.4,54,18.9,7.3
2019-03-10,24,0.5,5.0,5.4,48,18.2,18.2
2019-03-11,28,17.4,19.1,36.5,54,42.5,11.9
2019-03-12,30,9.6,13.9,23.5,0,23.7,14.5
2019-03-13,25,12.5,18.0,27.7,0,22.5,22.7
2019-03-14,26,21.5,12.1,33.6,39,25.6,0.0
2019-03-15,35,9.2,17.2,26.4,51,55.8,24.7
2019-03-16,33,4.8,11.0,15.7,56,31.1,13.8
2019-03-17,49,1.2,12.6,13.1,51,85.0,26.7
2019-03-18,53,3.6,11.9,13.8,45,41.1,24.2
2019-03-19,28,2.5,11.1,12.3,37,14.4,13.1
2019-03-20,26,2.4,6.9,8.2,49,25.1,21.6
2019-03-21,26,4.0,14.2,15.1,56,38.2,13.4
2019-03-22,30,13.7,12.3,26.0,50,33.2,27.9
2019-03-23,34,12.7,11.9,24.6,42,22.8,14.7
2019-03-24,23,0.2,5.8,5.6,53,19.8,10.4
2019-03-25,20,6.1,15.0,21.0,51,21.2,7.5
2019-03-26,25,5.0,10.7,14.4,50,72.8,9.1
2019-03-27,26,7.3,19.5,26.8,49,40.0,9.7
2019-03-28,27,5.4,13.4,18.5,39,17.3,11.1
2019-03-29,16,2.0,6.6,7.2,44,20.7,9.6
2019-03-30,20,1.1,4.7,5.8,45,19.2,23.6
2019-03-31,28,1.0,1.1,1.3,45,20.2,18.1
2019-04-01,31,0.6,2.5,2.8,40,21.8,13.4
2019-04-02,31,1.4,3.3,3.5,50,23.9,8.6
2019-04-03,31,1.3,10.8,10.9,50,24.1,9.5
2019-04-04,30,4.0,5.5,9.4,52,26.2,37.2
2019-04-05,27,4.3,11.4,12.1,53,19.7,5.3
2019-04-06,26,2.4,10.9,10.9,43,19.5,0.0
2019-04-07,17,0.4,6.0,6.4,41,9.4,0.0
2019-04-08,4,0.0,0.9,1.0,17,0.0,0.0
2019-04-09,8,0.8,16.7,16.9,49,22.2,32.8
2019-04-10,26,10.8,25.7,26.6,53,23.5,10.6
2019-04-11,26,2.4,30.0,32.0,56,23.0,0.0
2019-04-12,31,0.2,4.0,4.3,63,23.6,0.0
2019-04-13,30,0.7,4.3,4.3,49,15.9,0.0
2019-04-14,22,1.5,7.8,7.8,50,26.4,0.0
2019-04-15,24,2.3,9.6,9.7,54,21.3,29.7
2019-04-16,27,2.8,11.1,10.9,61,21.5,18.0
2019-04-17,24,2.9,13.6,13.6,58,17.6,14.9
2019-04-18,27,2.3,19.7,20.1,60,21.4,19.0
2019-04-19,25,1.2,10.6,10.6,62,29.3,18.9
2019-04-20,39,5.0,16.3,21.3,66,25.2,20.9
2019-04-21,39,7.4,13.9,21.3,65,22.1,19.0
2019-04-22,29,0.8,8.6,9.0,50,23.0,14.3
2019-04-23,14,2.1,9.6,10.9,50,11.8,20.9
2019-04-24,25,9.0,11.5,18.7,53,16.9,27.3
2019-04-25,26,0.2,2.9,2.9,51,16.5,9.6
2019-04-26,25,0.3,2.5,2.8,54,20.4,23.2
2019-04-27,25,8.1,14.7,21.4,44,22.1,30.8
2019-04-28,22,1.0,17.1,17.1,58,13.6,15.6
2019-04-29,32,3.3,27.2,27.5,57,31.8,13.1
2019-04-30,37,0.8,5.0,5.1,57,24.3,17.2
2019-05-01,24,1.8,9.3,10.7,51,18.5,21.1
2019-05-02,24,8.1,23.8,27.9,55,23.5,19.4
2019-05-03,38,15.7,16.4,30.4,53,51.3,24.0
2019-05-04,38,15.7,12.2,22.5,62,22.5,24.4
2019-05-05,30,4.5,12.3,12.4,61,16.9,15.6
2019-05-06,26,3.5,9.7,12.5,37,19.2,13.2
2019-05-07,33,3.0,15.5,15.7,50,21.8,25.0
2019-05-08,34,4.8,23.3,24.0,55,17.4,21.6
2019-05-09,27,7.3,17.3,24.6,61,15.9,19.8
2019-05-10,21,1.8,12.8,12.9,59,22.9,21.9
2019-05-11,21,1.5,12.7,12.7,67,19.0,20.3
2019-05-12,23,0.3,3.9,3.9,60,22.0,12.0
2019-05-13,52,0.3,2.8,2.6,67,48.4,22.3
2019-05-14,53,4.6,16.5,20.3,57,29.5,24.1
2019-05-15,37,1.1,10.3,10.1,59,26.1,17.9
2019-05-16,35,0.1,0.2,0.3,63,23.9,9.9
2019-05-17,40,0.6,6.2,6.0,63,29.6,17.4
2019-05-18,38,7.5,14.9,21.7,62,26.9,20.7
2019-05-19,32,0.0,5.8,5.6,60,21.7,21.4
2019-05-20,33,0.5,1.3,1.3,64,25.5,32.8
2019-05-21,33,4.8,17.8,22.6,63,20.7,13.4
2019-05-22,29,4.4,18.4,22.8,62,21.9,18.8
2019-05-23,39,8.3,11.7,20.0,61,17.9,23.5
2019-05-24,28,3.4,16.7,17.0,48,21.0,16.2
2019-05-25,34,2.7,9.9,9.8,59,24.2,15.8
2019-05-26,33,2.1,15.8,15.9,64,19.2,15.0
2019-05-27,28,11.6,15.6,23.5,48,19.8,18.3
2019-05-28,25,2.0,11.6,13.7,66,28.3,11.5
2019-05-29,48,0.5,36.1,36.6,65,34.8,15.3
2019-05-30,49,5.2,19.1,20.6,57,30.4,20.8
2019-05-31,29,0.4,5.8,6.2,66,25.1,24.0
2019-06-01,27,0.9,5.1,6.0,65,17.9,8.9
2019-06-02,26,0.2,3.9,3.8,60,15.7,9.1
2019-06-03,27,1.2,16.8,17.1,58,34.1,23.7
2019-06-04,33,17.6,29.3,46.9,52,18.2,13.4
2019-06-05,24,0.8,6.6,7.5,65,15.1,18.4
2019-06-06,19,0.8,8.7,8.9,62,20.5,14.0
2019-06-07,21,0.4,2.4,2.5,64,21.4,18.5
2019-06-08,61,0.2,0.0,0.0,69,46.4,21.3
2019-06-09,65,0.6,8.8,8.8,66,44.0,15.3
2019-06-10,51,2.3,11.4,12.9,71,17.8,11.7
2019-06-11,25,8.9,27.0,30.7,60,22.1,15.3
2019-06-12,25,5.4,27.6,33.0,44,17.4,27.8
2019-06-13,28,14.5,22.7,33.5,52,23.9,18.7
2019-06-14,26,23.5,18.8,42.3,51,24.0,14.5
2019-06-15,23,0.3,0.5,0.9,65,14.1,19.4
2019-06-16,26,0.1,0.1,0.1,66,18.5,16.5
2019-06-17,26,0.1,5.0,4.9,66,18.9,21.8
2019-06-18,32,3.6,18.8,20.6,64,35.6,18.5
2019-06-19,31,2.4,12.7,12.9,48,15.2,24.4
2019-06-20,25,1.9,10.2,11.4,64,13.3,14.3
2019-06-21,24,1.1,13.2,13.4,60,24.5,16.7
2019-06-22,31,3.0,16.1,16.7,61,30.7,22.4
2019-06-23,35,0.3,11.3,11.3,64,19.2,12.5
2019-06-24,22,16.6,25.5,39.5,63,16.8,18.8
2019-06-25,19,2.2,10.2,10.4,45,18.2,12.9
2019-06-26,19,5.6,13.1,13.4,54,16.2,17.2
2019-06-27,37,2.4,15.1,15.4,47,45.2,24.7
2019-06-28,53,2.4,19.8,20.2,56,29.0,26.4
2019-06-29,59,2.1,7.7,7.8,46,22.4,15.4
2019-06-30,34,0.6,4.9,4.9,55,13.5,15.6
2019-07-01,30,2.4,6.0,7.3,53,19.8,20.5
2019-07-02,28,1.7,11.2,12.2,59,20.0,27.0
2019-07-03,26,0.4,1.8,1.8,53,20.4,12.3
2019-07-04,25,0.2,4.2,4.2,70,12.1,12.7
2019-07-05,16,0.4,8.0,8.5,61,7.3,23.5
2019-07-06,20,5.1,11.9,15.0,60,20.2,30.5
2019-07-07,23,0.5,4.1,4.3,59,21.3,13.8
2019-07-08,29,1.0,3.8,3.6,70,25.9,14.0
2019-07-09,30,13.7,24.9,38.6,65,33.9,16.6
2019-07-10,35,15.9,27.7,39.8,62,30.4,18.5
2019-07-11,23,5.9,40.2,41.4,60,16.0,16.7
2019-07-12,26,0.5,16.6,16.8,61,23.4,21.7
2019-07-13,33,1.7,9.6,11.3,65,26.6,20.2
2019-07-14,31,0.0,2.6,2.5,68,18.4,2.3
2019-07-15,25,1.0,9.7,9.5,69,24.0,8.3
2019-07-16,28,0.8,13.7,13.8,69,21.8,14.3
2019-07-17,35,1.2,6.7,7.6,71,27.8,19.2
2019-07-18,38,4.0,16.3,20.3,72,25.0,15.8
2019-07-19,30,0.8,23.4,23.6,66,30.0,12.1
2019-07-20,19,0.6,4.6,5.0,69,15.6,14.8
2019-07-21,18,1.1,9.5,9.4,67,20.1,12.8
2019-07-22,32,11.9,18.8,30.4,58,29.9,17.8
2019-07-23,27,4.3,13.8,18.1,46,16.6,23.7
2019-07-24,27,10.2,17.3,21.5,48,19.2,31.3
2019-07-25,38,6.4,9.7,16.1,43,15.8,19.0
2019-07-26,25,1.9,4.8,6.1,61,16.6,8.5
2019-07-27,19,1.1,6.4,6.5,65,18.5,15.4
2019-07-28,23,0.9,13.0,13.1,61,22.6,9.7
2019-07-29,21,1.5,14.6,14.6,56,27.7,12.3
2019-07-30,27,5.7,26.9,32.6,69,22.9,28.3
2019-07-31,28,0.0,0.0,0.0,68,25.4,24.5
2019-08-01,25,2.6,5.9,6.2,61,21.9,19.8
2019-08-02,33,0.4,3.0,3.2,75,27.0,13.2
2019-08-03,28,0.1,0.7,0.6,73,27.8,11.4
2019-08-04,31,-0.2,6.6,6.4,73,30.6,6.9
2019-08-05,32,0.1,0.4,0.3,73,27.6,9.9
2019-08-06,35,0.3,1.8,1.9,71,29.6,16.3
2019-08-07,31,2.8,13.6,16.4,66,21.7,19.6
2019-08-08,24,8.5,25.7,34.3,68,21.0,12.8
2019-08-09,17,1.0,11.3,12.0,67,28.9,12.2
2019-08-10,30,0.6,7.9,7.9,73,0.0,30.7
2019-08-11,34,0.6,9.8,9.6,75,0.0,10.9
2019-08-12,22,0.4,3.3,3.0,74,0.0,13.0
2019-08-13,25,0.6,3.1,3.7,72,29.7,18.4
2019-08-14,33,0.6,1.0,1.3,69,19.8,18.2
2019-08-15,27,2.6,11.9,14.5,70,12.8,6.5
2019-08-16,15,1.3,6.4,6.1,71,13.9,25.0
2019-08-17,16,1.7,10.4,12.0,73,16.7,22.4
2019-08-18,20,0.5,6.7,6.3,50,24.2,5.9
2019-08-19,19,1.0,5.8,5.6,62,21.0,10.6
2019-08-20,19,1.2,12.8,13.6,67,16.8,19.8
2019-08-21,24,0.2,6.6,6.5,75,37.4,18.8
2019-08-22,28,1.1,13.2,13.0,69,35.6,7.7
2019-08-23,25,0.8,17.4,18.2,67,13.8,8.9
2019-08-24,29,0.0,0.6,0.6,70,25.8,13.9
2019-08-25,36,0.0,6.7,6.6,74,27.7,22.7
2019-08-26,44,0.6,6.2,6.1,71,33.3,24.8
2019-08-27,45,0.5,2.9,2.9,72,31.0,11.2
2019-08-28,38,3.7,12.0,15.7,66,34.2,25.4
2019-08-29,30,3.8,13.3,17.1,66,18.8,21.7
2019-08-30,26,2.7,10.1,12.5,66,17.4,73.5
2019-08-31,23,0.1,2.6,2.4,69,31.7,0.0
2019-09-01,25,1.6,13.6,13.6,76,25.5,0.0
2019-09-02,30,4.8,14.6,19.4,79,35.1,24.7
2019-09-03,29,1.6,8.7,10.1,64,18.6,14.2
2019-09-04,17,0.1,4.4,4.4,68,31.8,19.5
2019-09-05,27,0.3,7.6,7.7,73,16.5,34.4
2019-09-06,31,0.4,1.6,1.9,73,27.9,14.2
2019-09-07,31,0.3,4.5,4.5,67,25.8,11.2
2019-09-08,39,0.2,11.2,11.3,73,33.4,19.9
2019-09-09,37,2.9,13.5,16.4,72,29.2,27.6
2019-09-10,27,0.5,1.8,1.7,57,8.9,14.9
2019-09-11,19,1.8,12.9,14.7,67,23.0,11.8
2019-09-12,31,1.4,2.7,4.1,65,20.6,22.9
2019-09-13,34,1.8,5.8,7.6,59,23.6,31.6
2019-09-14,37,1.1,7.5,7.5,66,82.8,23.6
2019-09-15,36,1.0,4.5,5.2,67,15.7,17.0
2019-09-16,22,0.8,4.1,4.9,65,32.1,8.3
2019-09-17,30,0.2,9.2,9.4,63,31.2,18.3
2019-09-18,38,0.6,6.0,6.0,64,28.1,27.4
2019-09-19,38,0.7,4.0,3.9,62,22.4,21.0
2019-09-20,33,2.2,10.8,13.1,61,33.7,25.4
2019-09-21,36,0.8,5.8,5.5,64,25.2,18.7
2019-09-22,33,0.2,6.1,6.0,64,17.8,24.0
2019-09-23,23,2.2,5.3,5.9,71,17.5,17.9
2019-09-24,23,0.9,9.3,10.1,71,23.7,9.7
2019-09-25,30,0.8,5.1,5.4,68,23.8,15.4
2019-09-26,40,0.5,0.4,0.9,67,25.4,31.5
2019-09-27,41,0.2,0.8,1.0,63,25.8,11.4
2019-09-28,31,0.2,5.7,5.9,61,15.6,14.3
2019-09-29,21,2.1,7.0,8.8,53,54.2,32.5
2019-09-30,41,0.4,4.8,5.2,77,47.6,22.9
2019-10-01,37,0.5,1.8,2.0,66,15.4,30.0
2019-10-02,32,0.4,0.2,0.4,67,34.4,21.0
2019-10-03,38,2.3,17.2,19.0,63,30.7,17.0
2019-10-04,27,3.9,10.1,13.2,67,19.6,11.8
2019-10-05,22,0.0,3.5,3.5,58,17.6,21.4
2019-10-06,24,0.3,3.1,2.9,69,18.0,10.6
2019-10-07,24,1.7,9.4,10.9,59,14.1,31.5
2019-10-08,24,0.8,7.2,8.0,64,13.0,9.3
2019-10-09,18,14.1,20.7,31.2,70,18.1,20.0
2019-10-10,22,0.5,2.9,2.9,56,18.2,32.4
2019-10-11,23,2.1,11.6,13.7,57,18.2,19.9
2019-10-12,22,2.5,3.4,5.7,63,19.9,14.7
2019-10-13,21,0.1,4.1,3.9,62,12.5,14.0
2019-10-14,20,0.4,5.5,5.8,61,17.8,19.7
2019-10-15,19,1.6,2.2,2.4,63,15.3,11.3
2019-10-16,26,0.3,-0.9,-0.7,60,27.5,18.6
2019-10-17,36,0.0,1.7,1.4,64,21.1,16.1
2019-10-18,33,4.6,12.6,16.4,62,29.0,13.9
2019-10-19,38,0.2,1.8,1.6,70,35.0,26.1
2019-10-20,42,0.3,2.5,2.7,56,18.9,12.0
2019-10-21,1,0.4,4.3,4.4,68,29.2,26.6
2019-10-22,81,0.5,5.7,5.7,54,25.2,21.1
2019-10-23,32,0.5,2.3,2.5,65,28.8,25.7
2019-10-24,43,1.3,2.1,3.2,63,31.1,20.2
2019-10-25,51,0.7,1.1,1.8,60,32.1,18.7
2019-10-26,53,2.0,1.4,2.6,60,54.6,22.9
2019-10-27,49,2.4,5.4,7.7,56,18.4,23.7
2019-10-28,26,1.2,5.6,5.8,61,29.6,17.9
2019-10-29,26,0.9,4.7,5.2,56,25.9,8.3
2019-10-30,40,1.4,1.8,3.1,56,29.6,24.9
2019-10-31,55,2.1,2.3,4.4,61,37.4,17.1
2019-11-01,56,1.7,2.4,3.5,57,37.2,22.0
2019-11-02,47,0.3,0.8,1.0,55,26.8,19.7
2019-11-03,40,0.4,1.1,1.5,60,22.4,14.7
2019-11-04,33,1.1,2.5,3.6,61,25.2,18.7
2019-11-05,32,2.2,6.9,6.9,65,30.8,20.6
2019-11-06,42,7.0,16.3,23.3,74,39.1,25.4
2019-11-07,40,1.5,4.0,4.8,81,22.6,28.6
2019-11-08,33,2.0,8.4,10.5,71,23.4,13.0
2019-11-09,35,0.5,1.7,2.1,55,21.6,16.4
2019-11-10,30,0.6,3.3,3.7,72,13.8,17.8
2019-11-11,35,0.5,2.1,2.6,78,26.5,18.3
2019-11-12,35,4.5,5.5,10.0,59,24.8,15.7
2019-11-13,30,7.1,11.1,18.1,54,25.2,10.6
2019-11-14,37,1.0,9.5,9.6,61,29.5,17.4
2019-11-15,48,0.9,6.2,6.3,51,33.4,16.5
2019-11-16,47,2.7,13.1,13.3,55,41.7,19.6
2019-11-17,40,1.2,3.8,4.8,54,26.1,29.1
2019-11-18,37,0.4,4.3,4.6,77,42.2,11.6
2019-11-19,30,2.7,8.2,10.1,50,14.8,8.6
2019-11-20,31,4.8,18.8,23.1,50,22.9,19.5
2019-11-21,34,0.9,3.7,4.3,55,21.1,10.4
2019-11-22,37,2.9,5.4,8.1,44,31.6,16.6
2019-11-23,42,0.5,1.9,2.1,50,32.9,15.8
2019-11-24,54,0.2,0.9,1.1,59,30.2,27.1
2019-11-25,44,1.1,2.2,2.9,59,31.2,16.5
2019-11-26,53,1.1,7.5,8.3,77,37.5,17.9
2019-11-27,53,5.2,12.7,18.0,38,35.2,23.8
2019-11-28,2,1.0,2.2,3.2,65,38.3,22.3
2019-11-29,46,5.6,8.8,14.4,65,29.6,21.5
2019-11-30,43,1.8,5.6,6.4,53,18.9,13.5
2019-12-01,30,0.5,4.7,5.1,42,13.7,20.9
2019-12-02,21,2.4,4.4,6.5,43,20.2,8.5
2019-12-03,37,1.1,4.3,4.7,73,31.5,20.7
2019-12-04,55,3.5,11.6,15.2,87,32.6,18.8
2019-12-05,77,5.0,12.6,17.6,91,59.3,20.3
2019-12-06,110,5.2,17.5,22.7,109,78.9,26.8
2019-12-07,108,1.9,5.3,6.5,44,60.0,21.5
2019-12-08,63,1.3,6.3,6.4,79,17.6,12.8
2019-12-09,35,1.5,4.7,5.2,56,29.4,24.6
2019-12-10,36,1.5,4.6,4.9,51,33.0,9.2
2019-12-11,29,1.9,3.6,5.1,69,29.9,9.7
2019-12-12,44,2.4,4.6,5.7,60,33.8,21.1
2019-12-13,41,1.4,4.3,5.7,55,22.6,13.1
2019-12-14,28,0.3,5.4,5.5,48,17.7,11.6
2019-12-15,23,2.4,5.2,6.8,49,18.4,13.8
2019-12-16,22,6.2,10.9,16.0,47,15.6,7.9
2019-12-17,20,0.5,5.6,6.1,61,16.7,16.2
2019-12-18,45,0.0,6.8,7.8,47,43.9,26.6
2019-12-19,57,1.9,3.6,5.5,49,34.2,41.4
2019-12-20,45,0.9,5.2,5.5,42,30.0,13.7
2019-12-21,44,1.0,2.1,3.1,43,25.5,107.2
2019-12-22,43,0.4,2.8,2.9,45,23.4,12.6
2019-12-23,37,1.4,3.1,3.4,37,27.9,21.7
2019-12-24,47,0.9,6.6,7.3,46,32.0,29.8
2019-12-25,47,1.5,4.6,5.0,44,32.3,26.8
2019-12-26,39,0.9,3.5,3.9,51,27.5,18.7
2019-12-27,35,2.1,4.6,6.1,43,25.4,19.5
2019-12-28,39,0.9,1.8,2.0,45,35.9,29.7
2019-12-29,47,1.1,2.6,3.7,41,30.7,11.5
2019-12-30,39,4.4,5.3,9.7,52,32.4,28.1
2019-12-31,39,0.7,2.1,2.7,56,26.6,27.3
2020-01-01,36,0.9,6.6,6.8,42,25.5,18.2
2020-01-02,30,0.4,0.6,0.9,42,22.7,17.4
2020-01-03,44,1.2,5.6,6.3,65,39.9,21.8
2020-01-04,59,0.3,0.1,0.4,42,42.4,27.7
2020-01-05,60,0.0,2.1,2.0,49,28.4,23.0
2020-01-06,60,0.9,3.8,3.8,50,41.2,30.5
2020-01-07,61,0.8,0.5,1.2,39,39.7,23.6
2020-01-08,47,2.7,8.0,9.4,38,22.1,14.0
2020-01-09,36,2.1,9.0,11.1,34,36.1,12.7
2020-01-10,47,0.9,1.1,1.8,37,32.7,11.9
2020-01-11,44,2.6,4.9,7.4,40,20.8,12.0
2020-01-12,29,2.2,5.9,6.5,54,20.4,15.3
2020-01-13,29,5.1,9.9,15.0,37,23.6,29.5
2020-01-14,29,1.9,5.7,6.5,37,20.7,17.1
2020-01-15,24,5.3,5.6,10.9,58,35.3,12.0
2020-01-16,28,2.3,6.6,6.6,61,24.0,10.4
2020-01-17,25,1.6,5.8,6.0,50,31.5,17.0
2020-01-18,27,2.6,9.3,11.9,53,18.7,30.2
2020-01-19,27,0.9,4.1,4.3,44,18.2,10.0
2020-01-20,25,2.8,7.8,10.6,56,23.1,18.2
2020-01-21,28,0.8,2.2,2.2,49,17.9,19.0
2020-01-22,21,4.5,2.5,6.4,39,30.7,15.3
2020-01-23,26,6.9,7.9,14.8,31,59.3,8.9
2020-01-24,27,0.8,3.6,4.0,50,20.4,20.5
2020-01-25,24,0.8,5.1,6.0,58,16.1,13.9
2020-01-26,23,0.9,1.6,2.5,33,23.2,19.5
2020-01-27,23,0.8,1.7,2.5,39,22.5,13.5
2020-01-28,27,3.9,5.9,9.8,36,26.7,18.8
2020-01-29,48,0.7,2.5,2.9,26,34.2,64.3
2020-01-30,52,1.1,3.7,4.6,44,42.9,19.0
2020-01-31,40,4.6,9.0,13.5,41,31.3,43.2
2020-02-01,49,1.2,2.5,3.7,54,42.2,24.8
2020-02-02,54,0.0,0.6,0.4,47,30.0,14.3
2020-02-03,26,1.4,3.1,4.3,31,21.6,10.4
2020-02-04,24,6.9,8.9,15.8,56,31.9,17.5
2020-02-05,51,0.7,3.4,3.3,61,43.8,21.9
2020-02-06,53,4.8,9.6,14.4,43,23.2,19.2
2020-02-07,43,1.1,4.7,5.7,53,62.6,16.5
2020-02-08,50,2.9,6.5,8.3,49,32.3,0.0
2020-02-09,38,0.2,4.9,4.9,45,24.2,0.0
2020-02-10,46,5.8,12.7,18.5,46,44.9,4.8
2020-02-11,48,3.3,8.6,10.6,45,25.7,0.0
2020-02-12,30,7.1,11.7,18.3,89,32.0,0.0
2020-02-13,46,4.3,9.4,11.9,48,102.7,0.0
2020-02-14,44,3.4,8.9,11.5,84,40.4,0.5
2020-02-15,36,1.1,3.9,5.0,46,23.0,0.0
2020-02-16,32,0.0,0.8,0.7,49,18.4,0.0
2020-02-17,32,2.4,8.7,10.6,59,29.4,0.0
2020-02-18,35,2.7,7.6,9.8,65,32.4,19.9
2020-02-19,37,2.9,4.7,4.9,37,20.7,21.9
2020-02-20,31,20.7,11.3,31.9,49,21.5,17.6
2020-02-21,23,13.5,16.0,29.5,53,31.1,8.7
2020-02-22,27,2.2,7.2,9.4,43,21.2,9.0
2020-02-23,19,0.6,9.3,9.5,46,18.1,15.5
2020-02-24,20,2.5,9.2,9.6,57,24.8,6.9
2020-02-25,25,10.6,17.3,27.9,64,22.5,17.1
2020-02-26,32,9.4,14.6,24.0,68,25.4,18.3
2020-02-27,33,3.8,14.6,18.4,59,22.9,12.0
2020-02-28,27,7.7,15.0,22.7,64,24.4,14.1
2020-02-29,29,3.1,6.8,9.9,44,19.2,18.9
2020-03-01,31,0.7,5.0,5.0,54,31.5,14.6
2020-03-02,43,6.0,12.1,13.0,48,36.5,22.2
2020-03-03,38,8.4,41.9,50.3,47,22.3,18.1
2020-03-04,32,5.8,10.0,14.8,43,38.7,13.8
2020-03-05,33,1.0,5.9,6.9,51,15.5,21.0
2020-03-06,17,2.4,7.8,10.1,56,12.5,14.0
2020-03-07,17,1.8,4.5,5.4,58,18.1,19.0
2020-03-08,23,0.9,5.8,6.0,59,28.3,11.9
2020-03-09,24,3.3,16.3,18.8,47,17.3,9.2
2020-03-10,18,0.5,3.0,3.2,46,18.1,12.5
2020-03-11,15,7.8,11.7,19.5,38,40.8,13.3
2020-03-12,14,5.8,10.7,11.9,59,16.9,11.4
2020-03-13,18,10.4,13.1,18.1,50,17.3,14.5
2020-03-14,17,2.8,10.2,10.1,59,19.3,13.0
2020-03-15,22,0.6,6.6,6.5,58,19.4,15.1
2020-03-16,29,12.8,16.4,28.6,48,38.2,14.4
2020-03-17,34,0.8,8.1,8.1,49,27.8,14.2
2020-03-18,30,4.0,10.1,11.1,50,21.5,11.3
2020-03-19,28,12.1,21.8,33.9,48,21.1,16.0
2020-03-20,27,0.8,8.5,9.0,46,16.4,8.3
2020-03-21,28,8.0,13.8,18.9,49,27.3,10.9
2020-03-22,31,0.5,14.3,14.2,37,17.0,16.2
2020-03-23,39,0.1,6.2,6.1,43,250.6,8.5
2020-03-24,54,0.3,1.6,1.6,55,26.7,24.8
2020-03-25,34,6.9,11.0,17.2,45,23.2,11.7
2020-03-26,24,1.6,9.3,10.5,47,16.8,12.1
2020-03-27,21,1.6,11.0,10.9,50,23.8,10.4
2020-03-28,21,0.2,1.9,1.9,54,24.3,8.6
2020-03-29,17,1.3,3.5,4.0,53,12.4,12.5
2020-03-30,23,2.2,6.0,6.3,54,53.4,14.0
2020-03-31,23,1.4,6.6,7.0,53,15.4,7.8
2020-04-01,18,8.7,12.1,19.2,56,17.4,6.6
2020-04-02,17,2.4,11.5,12.9,45,19.6,14.3
2020-04-03,25,2.5,10.1,10.3,57,26.7,19.3
2020-04-04,26,2.9,8.0,10.3,48,16.2,9.6
2020-04-05,16,1.3,2.1,2.8,54,14.0,7.3
2020-04-06,24,1.1,7.9,7.9,53,21.4,12.6
2020-04-07,38,2.6,10.0,10.2,66,39.8,18.9
2020-04-08,40,4.1,14.2,18.3,51,25.0,15.5
2020-04-09,28,0.7,3.1,3.7,51,22.1,13.4
2020-04-10,28,0.4,4.7,4.8,50,22.6,14.0
2020-04-11,24,2.2,11.6,11.8,60,20.2,19.1
2020-04-12,24,0.6,3.1,3.1,49,16.9,12.4
2020-04-13,30,0.3,1.8,1.8,65,25.0,11.8
2020-04-14,40,0.1,0.7,0.5,57,28.0,12.9
2020-04-15,38,0.2,0.8,0.7,60,20.7,15.7
2020-04-16,24,0.1,0.3,0.2,51,15.7,8.3
2020-04-17,37,0.1,1.2,1.0,53,36.7,19.0
2020-04-18,37,-0.1,1.5,1.4,60,27.3,31.1
2020-04-19,37,-0.2,4.1,3.8,50,22.6,15.1
2020-04-20,29,1.0,8.8,9.4,50,36.1,12.2
2020-04-21,33,2.9,8.1,10.6,31,36.9,24.5
2020-04-22,34,1.2,5.2,5.7,53,31.5,13.6
2020-04-23,24,1.8,7.8,8.8,53,17.6,11.3
2020-04-24,22,3.1,6.0,9.1,52,18.2,13.6
2020-04-25,22,1.9,5.3,7.1,52,15.0,11.3
2020-04-26,30,0.4,4.3,4.2,53,30.5,25.2
2020-04-27,33,0.9,6.6,6.9,52,24.5,19.5
2020-04-28,38,1.5,8.5,8.7,57,30.8,16.4
2020-04-29,38,3.7,11.1,13.9,58,23.9,18.8
2020-04-30,34,4.4,19.7,20.3,56,25.6,11.3
2020-05-01,36,1.2,14.4,14.4,51,33.1,16.6
2020-05-02,35,1.5,7.4,8.1,53,16.4,9.6
2020-05-03,30,0.1,0.3,0.4,47,22.6,0.0
2020-05-04,31,1.3,7.6,8.5,60,29.6,0.0
2020-05-05,29,1.2,5.7,6.9,57,23.3,0.0
2020-05-06,25,0.1,3.9,3.6,55,11.0,0.0
2020-05-07,23,6.2,17.5,23.7,48,22.5,0.0
2020-05-08,28,0.5,7.4,7.6,53,25.4,0.0
2020-05-09,32,0.7,4.1,4.1,52,22.3,0.0
2020-05-10,31,0.6,4.3,4.2,47,41.9,0.0
2020-05-11,31,1.6,9.2,9.2,45,20.5,19.1
2020-05-12,30,1.7,6.6,7.9,53,14.6,13.4
2020-05-13,27,1.2,4.3,5.6,53,14.8,11.9
2020-05-14,18,2.3,10.6,12.9,50,22.5,13.4
2020-05-15,34,3.9,17.4,17.8,39,19.7,24.7
2020-05-16,33,1.3,8.7,8.5,49,22.0,12.9
2020-05-17,29,1.3,8.2,8.7,55,38.6,19.8
2020-05-18,27,2.2,6.2,7.9,50,20.8,11.4
2020-05-19,29,1.9,10.3,10.3,52,31.1,23.2
2020-05-20,28,1.0,15.6,15.5,51,20.6,12.1
2020-05-21,25,1.5,13.1,13.0,50,22.0,17.1
2020-05-22,32,2.0,11.0,10.8,53,23.8,14.5
2020-05-23,46,2.9,16.2,16.7,38,32.6,31.9
2020-05-24,50,0.4,4.9,5.3,53,22.4,15.0
2020-05-25,18,0.3,8.7,9.1,53,9.1,8.4
2020-05-26,17,2.0,12.7,14.7,44,21.1,21.0
2020-05-27,21,0.5,7.8,7.8,36,12.2,18.5
2020-05-28,30,2.6,25.6,26.9,26,24.9,15.3
2020-05-29,31,3.5,15.9,19.4,0,15.1,7.9
2020-05-30,14,1.3,2.9,4.2,0,11.0,15.5
2020-05-31,20,0.2,0.8,1.0,0,15.4,13.6
2020-06-01,13,0.3,2.3,2.5,0,10.5,9.5
2020-06-02,29,0.3,3.7,3.8,0,22.2,8.0
2020-06-03,29,8.5,14.7,23.2,0,14.8,15.5
2020-06-04,32,1.4,14.1,15.5,0,26.8,17.2
2020-06-05,31,0.8,12.3,12.2,0,15.4,17.7
2020-06-06,26,0.2,2.7,2.8,0,20.3,18.3
2020-06-07,23,2.1,2.5,2.4,0,18.4,14.0
2020-06-08,23,8.1,26.2,34.3,59,18.4,7.4
2020-06-09,21,2.3,11.2,13.2,60,19.9,12.2
2020-06-10,24,7.8,19.3,27.1,56,24.2,0.0
2020-06-11,29,7.5,19.5,25.0,57,20.8,8.0
2020-06-12,20,1.5,10.3,11.5,55,20.9,9.2
2020-06-13,26,1.7,12.7,12.7,38,21.6,12.2
2020-06-14,25,0.4,9.8,9.8,55,20.1,16.5
2020-06-15,25,3.8,14.4,17.2,62,12.3,23.9
2020-06-16,24,6.1,24.3,30.3,57,11.6,9.2
2020-06-17,14,2.9,21.0,23.9,61,14.2,9.3
2020-06-18,15,0.1,6.7,6.8,58,11.1,19.0
2020-06-19,20,6.4,23.4,27.3,67,18.9,21.8
2020-06-20,20,0.7,4.3,4.8,49,13.0,12.0
2020-06-21,13,0.1,2.1,2.0,52,11.9,12.2
2020-06-22,15,0.5,8.7,8.6,59,16.5,19.1
2020-06-23,19,1.6,7.3,7.7,55,19.9,9.6
2020-06-24,21,2.3,12.2,14.5,57,14.2,13.4
2020-06-25,15,0.6,5.6,5.7,68,7.9,16.5
2020-06-26,17,0.9,4.9,5.5,63,13.0,8.0
2020-06-27,15,0.5,4.8,4.9,62,14.3,7.0
2020-06-28,21,0.3,8.0,8.1,61,17.5,10.0
2020-06-29,24,1.2,12.7,13.1,53,23.0,12.9
2020-06-30,18,1.9,5.3,5.7,47,14.3,9.7
2020-07-01,17,1.7,12.9,12.9,54,17.0,27.6
2020-07-02,29,5.7,14.3,20.0,62,10.9,13.9
2020-07-03,26,4.0,25.5,29.5,61,37.9,24.1
2020-07-04,36,5.2,19.0,24.2,58,23.1,18.1
2020-07-05,32,0.2,3.4,3.4,67,14.2,17.8
2020-07-06,20,4.0,32.7,36.7,66,19.3,11.6
2020-07-07,28,0.6,6.6,6.3,66,24.4,28.7
2020-07-08,30,0.0,3.8,3.7,71,23.1,8.3
2020-07-09,24,1.3,7.7,7.7,64,16.7,10.5
2020-07-10,39,5.6,21.4,24.9,56,40.6,26.4
2020-07-11,44,2.5,16.0,15.9,61,16.5,18.8
2020-07-12,28,1.3,12.2,12.1,63,12.2,26.3
2020-07-13,23,3.0,18.9,20.3,61,14.5,9.0
2020-07-14,19,3.2,17.6,20.9,40,17.0,8.0
2020-07-15,16,0.3,8.3,8.6,64,10.1,16.0
2020-07-16,11,0.3,2.6,2.8,63,7.4,8.3
2020-07-17,11,0.2,2.9,3.0,62,15.2,13.3
2020-07-18,21,1.0,6.2,7.2,48,65.2,13.7
2020-07-19,25,0.2,7.2,7.3,64,23.2,25.0
2020-07-20,19,1.1,6.8,6.7,48,13.9,6.8
2020-07-21,13,4.1,14.5,18.6,63,18.7,7.9
2020-07-22,31,0.0,3.2,3.0,73,27.6,16.9
2020-07-23,38,0.1,3.2,3.1,72,29.3,27.8
2020-07-24,35,0.2,6.6,6.4,68,21.1,10.8
2020-07-25,25,1.5,7.0,8.2,69,13.3,15.6
2020-07-26,23,0.5,6.0,5.9,65,13.4,11.6
2020-07-27,21,1.8,17.4,17.2,57,23.1,8.5
2020-07-28,31,1.4,17.7,17.7,64,22.3,10.8
2020-07-29,28,3.0,14.1,14.0,64,15.2,10.2
2020-07-30,18,1.4,13.2,14.5,59,18.1,14.7
2020-07-31,21,0.4,9.2,9.6,67,20.3,16.0
2020-08-01,19,0.2,1.9,2.1,65,14.6,8.1
2020-08-02,25,0.1,1.7,1.8,65,18.4,13.9
2020-08-03,26,8.9,7.6,13.4,56,22.6,14.4
2020-08-04,25,2.6,15.6,15.9,58,25.1,13.0
2020-08-05,44,10.5,29.1,29.9,61,32.7,22.5
2020-08-06,46,5.7,22.1,27.8,58,16.6,12.9
2020-08-07,18,2.4,10.9,13.4,68,25.6,13.6
2020-08-08,21,0.7,3.3,3.2,68,17.0,10.5
2020-08-09,26,0.7,3.1,3.4,70,19.2,17.2
2020-08-10,22,6.8,22.5,29.3,63,26.6,27.6
2020-08-11,18,0.4,21.2,21.1,62,16.8,13.1
2020-08-12,28,0.9,3.6,4.3,60,27.4,19.9
2020-08-13,22,1.9,12.8,13.2,65,21.3,15.6
2020-08-14,24,0.8,8.9,8.9,58,16.6,16.7
2020-08-15,18,1.0,4.0,4.4,60,12.3,9.7
2020-08-16,24,0.5,9.5,9.7,50,25.2,20.7
2020-08-17,28,2.4,4.7,6.7,58,13.4,14.1
2020-08-18,21,0.6,3.9,4.5,66,22.8,15.4
2020-08-19,23,0.4,5.5,5.5,76,22.5,20.3
2020-08-20,32,2.4,12.3,14.7,78,35.3,24.0
2020-08-21,55,0.2,2.9,3.1,71,93.5,25.5
2020-08-22,44,0.5,4.2,4.2,66,21.2,17.6
2020-08-23,33,0.3,1.0,0.9,66,48.1,9.5
2020-08-24,28,1.3,10.6,11.7,68,20.2,12.4
2020-08-25,25,0.2,6.7,6.6,74,17.6,12.1
2020-08-26,31,0.1,0.6,0.7,71,23.6,17.2
2020-08-27,33,0.9,3.6,4.5,69,48.5,10.3
2020-08-28,25,3.9,32.2,32.4,65,34.3,9.5
2020-08-29,30,1.4,22.2,22.5,65,32.8,12.7
2020-08-30,28,0.1,5.3,5.3,67,24.0,12.5
2020-08-31,34,0.5,2.7,2.9,66,25.6,19.7
2020-09-01,31,0.9,6.3,7.2,67,29.0,11.5
2020-09-02,36,0.4,4.6,4.7,62,54.1,13.1
2020-09-03,30,0.8,3.8,3.9,54,16.0,15.3
2020-09-04,23,2.1,10.5,12.6,60,35.3,18.5
2020-09-05,20,0.3,8.5,8.5,71,27.8,15.6
2020-09-06,28,0.3,13.1,13.4,66,28.1,14.4
2020-09-07,27,0.2,2.0,2.0,62,19.9,10.0
2020-09-08,25,1.8,13.2,13.2,64,22.9,13.0
2020-09-09,28,5.2,20.3,25.5,64,22.7,6.7
2020-09-10,23,0.3,5.7,5.7,67,19.3,14.3
2020-09-11,28,0.6,7.5,7.7,61,28.6,12.2
2020-09-12,25,0.6,3.7,4.3,63,14.0,9.2
2020-09-13,24,-0.1,0.2,0.2,65,60.3,12.0
2020-09-14,27,0.2,10.1,10.0,68,17.4,20.1
2020-09-15,40,0.8,6.3,6.3,63,36.2,10.1
2020-09-16,53,0.5,4.8,4.7,66,46.4,0.0
2020-09-17,58,7.5,6.6,9.3,57,54.8,0.0
2020-09-18,48,8.0,0.8,8.6,68,31.2,0.0
2020-09-19,41,7.9,8.8,16.6,66,24.4,0.0
2020-09-20,34,8.5,8.0,15.9,57,21.7,0.0
2020-09-21,40,9.9,9.1,18.8,64,35.7,11.7
2020-09-22,39,3.5,12.6,12.8,61,14.0,12.3
2020-09-23,20,4.4,14.8,19.2,56,13.1,12.2
2020-09-24,21,2.4,9.8,12.2,59,28.6,10.7
2020-09-25,27,0.8,10.7,10.9,62,31.2,14.3
2020-09-26,28,0.9,7.8,8.7,72,20.6,10.9
2020-09-27,40,-0.1,2.8,2.7,65,41.7,27.0
2020-09-28,51,0.1,3.1,3.0,66,33.7,13.0
2020-09-29,42,0.0,0.9,0.7,70,29.2,12.7
2020-09-30,38,1.2,7.0,6.9,62,22.5,10.4
2020-10-01,28,7.7,14.9,18.4,63,17.3,12.2
2020-10-02,19,2.4,15.7,18.0,63,16.2,15.9
2020-10-03,20,1.0,4.4,4.6,60,17.2,10.7
2020-10-04,21,0.5,4.4,4.8,57,18.6,10.8
2020-10-05,27,3.6,4.3,7.9,62,24.5,17.4
2020-10-06,26,0.4,1.3,1.2,64,13.1,7.5
2020-10-07,29,1.3,3.7,4.3,63,26.2,14.8
2020-10-08,32,1.9,4.8,6.6,64,25.7,10.2
2020-10-09,22,0.6,4.9,5.4,60,40.1,11.7
2020-10-10,24,0.4,1.4,1.4,64,28.1,14.6
2020-10-11,29,0.2,0.4,0.5,61,27.1,6.6
2020-10-12,41,0.3,2.4,2.5,57,37.7,14.9
2020-10-13,39,0.7,6.1,6.3,59,23.1,16.0
2020-10-14,19,2.4,7.8,9.4,63,20.2,9.3
2020-10-15,22,1.0,6.4,6.7,45,24.4,8.9
2020-10-16,11,2.3,7.4,7.4,55,14.2,8.9
2020-10-17,22,2.9,8.5,11.4,59,14.1,16.6
2020-10-18,22,1.1,5.7,6.0,77,22.4,16.8
2020-10-19,22,2.7,10.1,12.7,47,18.8,8.9
2020-10-20,27,0.5,1.7,1.9,52,19.1,34.7
2020-10-21,28,1.5,15.2,15.7,53,59.2,12.8
2020-10-22,29,7.1,15.8,22.8,67,27.6,26.7
2020-10-23,21,5.2,14.0,19.2,57,11.4,14.9
2020-10-24,16,0.9,3.3,3.6,57,15.5,13.6
2020-10-25,15,1.1,3.2,3.2,56,9.6,16.9
2020-10-26,14,0.7,6.4,6.5,61,12.2,9.7
2020-10-27,23,2.8,7.2,10.0,45,17.4,20.3
2020-10-28,24,6.5,7.5,14.0,52,19.0,6.0
2020-10-29,24,1.5,6.1,7.6,62,53.2,9.7
2020-10-30,27,2.2,8.2,9.2,53,20.7,22.3
2020-10-31,30,0.4,2.6,2.8,55,24.8,8.4
2020-11-01,32,0.1,5.6,5.6,63,31.4,16.4
2020-11-02,20,3.1,9.9,11.9,85,21.5,11.1
2020-11-03,25,0.9,4.5,5.4,44,33.6,18.7
2020-11-04,24,0.5,3.8,4.2,46,17.2,11.5
2020-11-05,27,0.7,3.2,3.7,70,32.2,14.8
2020-11-06,20,1.3,11.9,12.3,62,36.4,26.9
2020-11-07,24,1.8,9.5,9.6,59,23.8,12.1
2020-11-08,25,1.7,4.6,6.3,59,20.4,8.8
2020-11-09,25,1.3,5.0,5.8,47,15.4,26.2
2020-11-10,16,1.8,3.2,5.0,51,16.6,13.2
2020-11-11,39,2.1,5.3,7.0,49,152.2,13.3
2020-11-12,41,0.7,2.4,3.0,44,19.2,16.2
2020-11-13,24,4.2,8.0,12.2,48,22.0,14.7
2020-11-14,22,2.8,7.1,8.9,51,90.6,8.4
2020-11-15,25,4.2,5.2,6.0,44,31.0,12.0
2020-11-16,20,3.9,6.0,9.9,47,22.7,20.0
2020-11-17,29,1.2,3.3,4.0,45,22.5,16.5
2020-11-18,31,3.4,9.1,12.5,61,25.0,9.0
2020-11-19,34,1.7,2.1,3.8,51,32.0,9.6
2020-11-20,31,2.1,6.2,8.3,51,22.7,13.6
2020-11-21,32,0.9,6.5,6.2,46,25.6,10.5
2020-11-22,37,-0.1,3.3,3.0,50,27.8,8.3
2020-11-23,36,2.5,7.6,7.8,52,23.5,20.9
2020-11-24,35,6.3,16.1,22.0,43,30.2,18.1
2020-11-25,26,0.3,2.4,2.4,59,26.2,15.6
2020-11-26,37,0.6,4.5,5.1,48,33.9,15.9
2020-11-27,34,0.2,1.0,0.8,48,33.0,15.2
2020-11-28,48,0.8,0.8,1.2,49,49.3,13.9
2020-11-29,44,0.4,2.5,2.8,51,36.1,28.1
2020-11-30,48,5.2,19.7,24.9,45,27.6,12.2
2020-12-01,38,0.7,2.8,3.1,43,30.1,15.3
2020-12-02,28,6.8,10.1,16.9,75,22.8,14.1
2020-12-03,52,2.7,1.4,4.2,45,45.9,21.4
2020-12-04,61,1.3,3.7,4.6,41,32.6,13.4
2020-12-05,45,1.4,6.6,8.0,42,80.6,21.6
2020-12-06,44,0.1,3.0,3.0,38,24.9,12.4
2020-12-07,36,1.2,5.7,6.6,38,41.4,11.6
2020-12-08,33,0.0,1.4,1.1,27,39.8,14.4
2020-12-09,26,2.5,4.8,6.6,54,24.4,10.3
2020-12-10,26,0.3,2.9,2.7,52,26.3,10.4
2020-12-11,32,0.8,1.2,2.0,41,33.2,12.7
2020-12-12,34,0.2,0.2,0.3,37,21.9,7.2
2020-12-13,38,0.4,1.2,1.2,40,30.0,13.1
2020-12-14,40,2.2,6.0,5.8,68,27.4,17.2
2020-12-15,42,1.0,6.3,6.4,53,36.3,20.1
2020-12-16,39,0.3,2.7,2.8,42,21.5,9.6
2020-12-17,28,0.9,6.7,7.7,48,26.3,12.1
2020-12-18,37,2.0,6.8,8.3,50,31.0,16.3
2020-12-19,45,4.7,13.5,18.1,73,28.9,17.7
2020-12-20,42,1.5,10.2,11.3,53,28.5,13.8
2020-12-21,34,2.4,7.1,9.2,56,20.3,18.5
2020-12-22,30,1.2,4.5,4.9,45,18.2,13.7
2020-12-23,21,2.1,6.4,8.0,46,21.8,6.8
2020-12-24,28,0.8,2.2,3.0,59,26.6,10.0
2020-12-25,44,0.3,1.0,1.2,34,37.7,18.5
2020-12-26,42,0.2,2.4,2.6,38,27.8,13.4
2020-12-27,26,4.7,2.7,7.3,37,21.6,19.8
2020-12-28,25,0.3,1.1,1.1,42,22.5,18.7
2020-12-29,31,4.4,3.4,7.9,34,27.4,17.0
2020-12-30,33,0.9,1.9,2.1,38,32.8,8.7
2020-12-31,29,1.7,4.8,5.3,58,22.5,12.7
2021-01-01,29,1.4,6.0,6.4,46,33.4,20.1
