Date,PM10,TEMP,Temp,WS
2018-01-01,34.8,,,2.9
2018-01-02,14.8,,,3.0
2018-01-03,11.9,,,3.6
2018-01-04,21.9,,,5.8
2018-01-05,39.0,,,6.2
2018-01-06,43.4,,,2.4
2018-01-07,46.2,,,2.5
2018-01-08,29.9,,,2.3
2018-01-09,20.9,,,2.0
2018-01-10,100.5,,,2.0
2018-01-11,20.4,,,1.9
2018-01-12,23.0,,,2.5
2018-01-13,25.1,,,3.2
2018-01-14,13.0,,,3.5
2018-01-15,20.7,,,3.8
2018-01-16,109.4,,,5.3
2018-01-17,43.8,,,6.2
2018-01-18,31.2,,,4.8
2018-01-19,30.5,,,3.8
2018-01-20,24.3,,,2.9
2018-01-21,19.1,,,3.1
2018-01-22,17.2,,,2.6
2018-01-23,15.8,,,1.7
2018-01-24,23.6,,,2.2
2018-01-25,15.8,,,2.0
2018-01-26,24.8,,,1.3
2018-01-27,26.3,,,1.6
2018-01-28,20.4,,,2.7
2018-01-29,24.2,,,3.3
2018-01-30,29.7,,,3.7
2018-01-31,37.1,,,4.8
2018-02-01,36.7,,,6.0
2018-02-02,27.9,,,2.8
2018-02-03,20.0,,,4.9
2018-02-04,17.5,,,2.3
2018-02-05,24.5,,,1.8
2018-02-06,20.0,,,2.3
2018-02-07,32.3,,,4.2
2018-02-08,16.7,,,3.1
2018-02-09,10.2,19.0,,2.4
2018-02-10,72.6,23.0,,3.0
2018-02-11,11.0,23.0,,3.9
2018-02-12,15.1,27.0,,3.3
2018-02-13,29.3,23.0,,3.8
2018-02-14,29.2,25.0,,3.0
2018-02-15,22.3,25.0,,1.7
2018-02-16,22.7,29.0,,2.3
2018-02-17,24.3,26.0,,3.4
2018-02-18,29.4,26.0,,2.3
2018-02-19,28.6,26.0,,2.4
2018-02-20,40.2,26.0,,5.2
2018-02-21,32.0,23.0,,2.4
2018-02-22,28.0,22.0,,2.5
2018-02-23,22.8,22.0,,2.1
2018-02-24,21.4,23.0,,1.7
2018-02-25,22.4,24.0,,1.7
2018-02-26,18.0,23.0,,2.3
2018-02-27,17.7,24.0,,3.3
2018-02-28,24.6,23.0,,4.4
2018-03-01,22.4,24.0,,4.2
2018-03-02,25.4,24.0,,4.2
2018-03-03,35.1,25.0,,4.2
2018-03-04,33.0,25.0,,2.8
2018-03-05,34.4,26.0,,1.6
2018-03-06,33.8,27.0,,1.6
2018-03-07,15.8,25.0,,2.3
2018-03-08,16.4,22.0,,3.0
2018-03-09,19.3,25.0,,1.9
2018-03-10,19.6,23.0,,1.8
2018-03-11,18.5,22.0,,2.6
2018-03-12,17.0,18.0,,2.6
2018-03-13,28.0,22.0,,4.3
2018-03-14,21.2,21.0,,2.2
2018-03-15,28.8,21.0,,1.3
2018-03-16,32.7,22.0,,1.5
2018-03-17,31.0,23.0,,3.2
2018-03-18,18.6,22.0,,3.9
2018-03-19,28.0,23.0,,3.4
2018-03-20,22.3,24.0,,3.5
2018-03-21,30.9,24.0,,2.4
2018-03-22,22.6,24.0,,2.4
2018-03-23,20.7,22.0,,3.6
2018-03-24,18.8,22.0,,3.9
2018-03-25,114.3,22.0,,1.4
2018-03-26,22.5,24.0,,2.9
2018-03-27,14.6,24.0,,2.9
2018-03-28,15.3,23.0,,2.6
2018-03-29,21.0,24.0,,2.2
2018-03-30,15.5,22.0,,1.7
2018-03-31,38.8,22.0,,2.0
2018-04-01,26.6,21.0,,2.0
2018-04-02,19.0,21.0,,1.5
2018-04-03,21.4,23.0,,1.6
2018-04-04,26.3,23.0,,2.4
2018-04-05,23.6,22.0,,2.1
2018-04-06,38.2,23.0,,1.5
2018-04-07,22.7,22.0,,3.1
2018-04-08,27.7,21.0,,2.9
2018-04-09,23.0,21.0,,2.1
2018-04-10,44.0,21.0,,4.1
2018-04-11,42.6,,,
2018-04-12,45.7,,,
2018-04-13,45.1,,,
2018-04-14,34.9,,,
2018-04-15,28.3,,,
2018-04-16,43.0,20.0,,2.1
2018-04-17,46.6,23.0,,2.0
2018-04-18,27.2,18.0,,5.0
2018-04-19,22.3,18.0,,2.6
2018-04-20,52.8,19.0,,3.5
2018-04-21,16.9,20.0,,3.4
2018-04-22,22.7,19.0,,3.2
2018-04-23,26.1,18.0,,2.1
2018-04-24,16.4,17.0,,2.3
2018-04-25,18.4,19.0,,2.2
2018-04-26,41.6,19.0,,1.2
2018-04-27,20.4,19.0,,3.7
2018-04-28,20.6,19.0,,6.0
2018-04-29,21.9,21.0,,5.0
2018-04-30,14.0,20.0,,3.3
2018-05-01,29.4,20.0,,2.1
2018-05-02,19.6,21.0,,2.9
2018-05-03,34.9,17.0,,1.3
2018-05-04,52.9,19.0,,1.1
2018-05-05,57.3,18.0,,2.1
2018-05-06,21.4,19.0,,2.2
2018-05-07,31.2,18.0,,2.9
2018-05-08,30.7,18.0,,2.4
2018-05-09,23.6,20.0,,2.6
2018-05-10,22.5,19.0,,2.8
2018-05-11,22.6,20.0,,3.1
2018-05-12,15.5,18.0,,2.1
2018-05-13,152.2,22.0,,2.9
2018-05-14,18.5,22.0,,2.1
2018-05-15,17.8,20.0,,3.8
2018-05-16,19.5,20.0,,2.6
2018-05-17,21.4,16.0,,3.9
2018-05-18,93.7,18.0,,3.6
2018-05-19,25.8,17.0,,1.9
2018-05-20,22.2,18.0,,2.1
2018-05-21,25.8,19.0,,3.8
2018-05-22,22.8,19.0,,1.5
2018-05-23,21.5,16.0,,3.9
2018-05-24,30.8,16.0,,4.0
2018-05-25,36.8,15.0,,3.7
2018-05-26,30.5,14.0,,3.8
2018-05-27,21.5,15.0,,4.0
2018-05-28,22.7,12.0,,2.5
2018-05-29,36.0,13.0,,2.0
2018-05-30,32.7,13.0,,2.1
2018-05-31,66.6,14.0,,1.9
2018-06-01,46.5,16.0,,2.6
2018-06-02,18.9,16.0,,4.4
2018-06-03,27.4,16.0,,3.2
2018-06-04,23.0,17.0,,3.5
2018-06-05,34.5,16.0,,3.9
2018-06-06,33.2,14.0,,3.8
2018-06-07,27.8,12.0,,4.3
2018-06-08,48.5,15.0,,2.1
2018-06-09,62.4,16.0,,1.9
2018-06-10,34.8,15.0,,1.4
2018-06-11,13.0,12.0,,3.2
2018-06-12,25.1,14.0,,4.7
2018-06-13,21.2,16.0,,2.4
2018-06-14,38.3,16.0,,3.2
2018-06-15,51.0,17.0,,1.7
2018-06-16,96.2,18.0,,2.0
2018-06-17,53.2,17.0,,2.8
2018-06-18,28.7,18.0,,2.8
2018-06-19,30.3,18.0,,1.6
2018-06-20,30.8,,,
2018-06-21,15.2,13.0,,3.8
2018-06-22,31.7,13.0,,2.4
2018-06-23,34.9,15.0,,2.8
2018-06-24,19.6,16.0,,2.4
2018-06-25,13.7,13.0,,4.2
2018-06-26,22.7,12.0,,4.6
2018-06-27,71.9,13.0,,1.7
2018-06-28,59.1,14.0,,1.8
2018-06-29,53.2,12.0,,2.0
2018-06-30,58.9,14.0,,1.0
2018-07-01,33.1,14.0,,3.6
2018-07-02,30.8,15.0,,4.2
2018-07-03,38.1,13.0,,2.7
2018-07-04,37.1,13.0,,3.0
2018-07-05,43.3,13.0,,2.3
2018-07-06,54.0,15.0,,1.7
2018-07-07,56.3,15.0,,1.8
2018-07-08,24.6,16.0,,4.5
2018-07-09,34.2,16.0,,3.6
2018-07-10,38.6,14.0,,5.0
2018-07-11,36.0,14.0,,3.6
2018-07-12,65.2,15.0,,2.2
2018-07-13,52.0,13.0,,2.0
2018-07-14,23.0,16.0,,4.1
2018-07-15,34.5,15.0,,4.3
2018-07-16,34.5,16.0,,2.2
2018-07-17,39.0,16.0,,3.6
2018-07-18,51.9,15.0,,2.2
2018-07-19,24.9,16.0,,1.5
2018-07-20,54.6,15.0,,3.0
2018-07-21,52.5,16.0,,2.9
2018-07-22,28.3,15.0,,2.7
2018-07-23,65.5,14.0,,2.0
2018-07-24,52.6,14.0,,1.9
2018-07-25,51.0,14.0,,3.6
2018-07-26,35.9,17.0,,5.5
2018-07-27,67.9,15.0,,3.3
2018-07-28,51.9,15.0,,3.6
2018-07-29,20.9,17.0,,4.4
2018-07-30,41.9,14.0,,2.6
2018-07-31,29.8,15.0,,2.9
2018-08-01,24.6,16.0,,1.7
2018-08-02,165.4,15.0,,3.5
2018-08-03,34.1,14.0,,1.5
2018-08-04,49.9,15.0,,2.5
2018-08-05,12.2,14.0,,2.8
2018-08-06,28.0,16.0,,2.2
2018-08-07,61.5,17.0,,2.0
2018-08-08,24.0,15.0,,4.1
2018-08-09,52.6,16.0,,3.9
2018-08-10,54.8,16.0,,2.8
2018-08-11,39.6,17.0,,2.6
2018-08-12,33.2,16.0,,1.7
2018-08-13,40.6,15.0,,4.4
2018-08-14,32.2,15.0,,5.7
2018-08-15,37.4,14.0,,5.8
2018-08-16,27.4,17.0,,3.7
2018-08-17,24.6,15.0,,4.7
2018-08-18,33.6,14.0,,3.9
2018-08-19,46.5,14.0,,2.1
2018-08-20,18.3,17.0,,3.3
2018-08-21,14.8,13.0,,3.7
2018-08-22,32.0,13.0,,3.2
2018-08-23,27.2,13.0,,4.5
2018-08-24,26.6,14.0,,4.1
2018-08-25,64.3,15.0,,4.8
2018-08-26,38.2,14.0,,3.1
2018-08-27,43.9,15.0,,1.8
2018-08-28,25.9,17.0,,3.1
2018-08-29,27.6,17.0,,3.7
2018-08-30,27.6,15.0,,2.8
2018-08-31,30.5,17.0,,2.1
2018-09-01,26.8,17.0,,2.1
2018-09-02,36.6,17.0,,4.0
2018-09-03,27.5,14.0,,1.5
2018-09-04,22.9,12.0,,2.9
2018-09-05,17.2,16.0,,2.8
2018-09-06,14.7,14.0,,3.4
2018-09-07,23.9,15.0,,4.2
2018-09-08,14.2,16.0,,3.8
2018-09-09,26.7,13.0,,4.4
2018-09-10,18.3,15.0,,2.5
2018-09-11,33.0,17.0,,2.7
2018-09-12,34.1,17.0,,3.0
2018-09-13,25.3,14.0,,3.2
2018-09-14,17.1,16.0,,3.6
2018-09-15,48.4,20.0,,2.5
2018-09-16,32.6,17.0,,3.9
2018-09-17,16.4,19.0,,4.5
2018-09-18,17.1,17.0,,2.6
2018-09-19,13.6,18.0,,3.5
2018-09-20,14.3,20.0,,3.4
2018-09-21,20.4,17.0,,2.5
2018-09-22,26.3,17.0,,2.1
2018-09-23,28.8,15.0,,3.7
2018-09-24,19.0,16.0,,4.0
2018-09-25,31.0,13.0,,6.7
2018-09-26,23.3,14.0,,5.7
2018-09-27,19.2,15.0,,3.5
2018-09-28,26.2,15.0,,3.3
2018-09-29,27.4,16.0,,3.3
2018-09-30,26.1,18.0,,2.6
2018-10-01,17.7,18.0,,2.6
2018-10-02,16.8,17.0,,2.7
2018-10-03,19.2,18.0,,2.0
2018-10-04,19.1,17.0,,2.6
2018-10-05,20.5,18.0,,3.0
2018-10-06,21.4,19.0,,3.6
2018-10-07,38.2,19.0,,3.4
2018-10-08,26.2,17.0,,2.6
2018-10-09,30.9,16.0,,2.5
2018-10-10,22.1,16.0,,3.2
2018-10-11,26.4,17.0,,4.0
2018-10-12,32.7,16.0,,6.5
2018-10-13,19.5,14.0,,3.6
2018-10-14,35.8,16.0,,3.4
2018-10-15,32.0,18.0,,2.6
2018-10-16,29.3,15.0,,3.3
2018-10-17,18.3,15.0,,3.9
2018-10-18,28.0,17.0,,3.2
2018-10-19,26.7,20.0,,2.6
2018-10-20,46.2,20.0,,2.1
2018-10-21,28.9,20.0,,2.4
2018-10-22,19.0,20.0,,1.9
2018-10-23,18.7,20.0,,2.2
2018-10-24,37.8,19.0,,1.7
2018-10-25,24.2,19.0,,2.9
2018-10-26,63.7,17.0,,2.4
2018-10-27,26.1,19.0,,4.9
2018-10-28,10.4,18.0,,1.8
2018-10-29,33.4,18.0,,2.3
2018-10-30,30.9,15.0,,3.0
2018-10-31,18.4,18.0,,2.2
2018-11-01,29.3,15.0,,4.8
2018-11-02,28.5,17.0,,2.6
2018-11-03,57.1,18.0,,2.5
2018-11-04,72.2,18.0,,4.0
2018-11-05,78.9,17.0,,3.2
2018-11-06,109.1,20.0,,1.7
2018-11-07,85.4,21.0,,2.0
2018-11-08,25.9,21.0,,1.6
2018-11-09,24.1,21.0,,3.7
2018-11-10,23.2,17.0,,2.0
2018-11-11,25.4,18.0,,2.9
2018-11-12,24.7,20.0,,1.7
2018-11-13,27.8,20.0,,1.6
2018-11-14,20.0,21.0,,3.6
2018-11-15,16.4,21.0,,2.9
2018-11-16,22.0,22.0,,2.4
2018-11-17,34.1,21.0,,1.3
2018-11-18,22.1,21.0,,1.8
2018-11-19,17.7,16.0,,2.4
2018-11-20,24.6,15.0,,1.8
2018-11-21,220.0,17.0,,2.1
2018-11-22,24.0,18.0,,1.7
2018-11-23,26.8,21.0,,2.9
2018-11-24,10.4,18.0,,4.0
2018-11-25,46.6,20.0,,3.2
2018-11-26,52.4,21.0,,1.6
2018-11-27,25.6,21.0,,2.1
2018-11-28,29.4,22.0,,2.4
2018-11-29,21.2,23.0,,2.2
2018-11-30,203.4,21.0,,4.3
2018-12-01,33.2,20.0,,4.8
2018-12-02,28.3,23.0,,4.3
2018-12-03,17.4,20.0,,3.2
2018-12-04,27.2,21.0,,2.7
2018-12-07,25.8,19.0,,2.3
2018-12-08,37.0,19.0,,2.0
2018-12-09,32.1,20.0,,2.2
2018-12-10,33.8,20.0,,2.1
2018-12-11,33.5,23.0,,2.8
2018-12-12,37.2,23.0,,1.3
2018-12-13,61.1,24.0,,2.1
2018-12-14,19.8,23.0,,3.2
2018-12-15,44.1,23.0,,3.2
2018-12-16,21.1,24.0,,1.4
2018-12-17,18.3,24.0,,1.3
2018-12-18,15.0,24.0,,1.8
2018-12-19,14.7,23.0,,1.7
2018-12-20,39.3,21.0,,2.2
2018-12-21,19.9,20.0,,2.8
2018-12-22,22.0,22.0,,1.8
2018-12-23,13.7,21.0,,2.5
2018-12-24,14.3,20.0,,3.0
2018-12-25,17.8,20.0,,5.0
2018-12-26,34.5,21.0,,2.5
2018-12-27,31.0,21.0,,1.9
2018-12-28,25.8,22.0,,1.6
2018-12-29,21.7,24.0,,2.5
2018-12-30,19.4,23.0,,1.6
2018-12-31,24.7,22.0,,1.9
2019-01-01,21.8,23.0,,1.8
2019-01-02,23.2,23.0,,1.7
2019-01-03,20.2,23.0,,2.4
2019-01-04,32.2,22.0,,2.8
2019-01-05,42.5,23.0,,1.8
2019-01-06,13.8,23.0,,2.1
2019-01-07,24.6,24.0,,1.8
2019-01-08,34.4,24.0,,1.8
2019-01-09,115.3,25.0,,3.0
2019-01-10,34.5,26.0,,2.5
2019-01-11,24.3,26.0,,2.0
2019-01-12,47.4,25.0,,2.6
2019-01-13,26.2,26.0,,2.7
2019-01-14,457.1,21.0,,2.1
2019-01-15,64.5,20.0,,1.7
2019-01-16,27.3,23.0,,2.3
2019-01-17,27.6,23.0,,2.2
2019-01-18,21.2,24.0,,2.1
2019-01-19,21.7,25.0,,1.8
2019-01-20,37.2,23.0,,2.2
2019-01-21,32.0,23.0,,3.2
2019-01-22,31.2,22.0,,2.4
2019-01-23,83.9,23.0,,2.0
2019-01-24,37.5,21.0,,1.8
2019-01-25,34.5,22.0,,1.6
2019-01-26,20.7,22.0,,1.8
2019-01-27,17.3,22.0,,2.4
2019-01-28,19.9,24.0,,2.1
2019-01-29,46.5,27.0,,2.8
2019-01-30,30.0,27.0,,2.4
2019-01-31,42.7,27.0,,2.6
2019-02-01,56.5,26.0,,1.6
2019-02-02,33.5,25.0,,1.4
2019-02-03,26.9,24.0,,3.6
2019-02-04,28.8,26.0,,2.7
2019-02-05,60.8,27.0,,1.7
2019-02-06,22.2,26.0,,2.4
2019-02-07,21.1,21.0,,2.3
2019-02-08,20.0,22.0,,2.3
2019-02-09,27.4,25.0,,3.2
2019-02-10,20.8,26.0,,1.8
2019-02-11,52.7,26.0,,2.1
2019-02-12,96.0,25.0,,2.0
2019-02-13,23.9,25.0,,1.9
2019-02-14,63.4,28.0,,1.7
2019-02-15,36.2,26.0,,2.3
2019-02-16,32.4,23.0,,2.6
2019-02-17,33.4,25.0,,3.5
2019-02-18,25.5,23.0,,1.8
2019-02-19,25.5,24.0,,1.4
2019-02-20,31.2,26.0,,2.8
2019-02-21,30.4,25.0,,4.0
2019-02-22,19.1,22.0,,3.0
2019-02-23,23.4,21.0,,1.7
2019-02-24,27.0,21.0,,2.5
2019-02-25,25.1,22.0,,3.6
2019-02-26,20.5,23.0,,1.8
2019-02-27,28.7,22.0,,1.8
2019-02-28,24.7,22.0,,2.3
2019-03-01,66.7,23.0,,1.4
2019-03-02,39.6,25.0,,2.4
2019-03-03,22.6,24.0,,1.8
2019-03-04,34.7,23.0,,2.1
2019-03-05,21.3,22.0,,2.0
2019-03-06,45.5,24.0,,1.4
2019-03-07,23.5,25.0,,3.5
2019-03-08,19.0,23.0,,2.8
2019-03-09,19.2,20.0,,2.4
2019-03-10,34.3,22.0,,1.8
2019-03-11,20.8,23.0,,1.4
2019-03-12,33.9,23.0,,2.2
2019-03-13,32.1,25.0,,1.4
2019-03-14,30.7,25.0,,1.2
2019-03-15,57.2,25.0,,3.2
2019-03-16,33.5,26.0,,2.3
2019-03-17,25.7,26.0,,3.1
2019-03-18,44.7,23.0,,2.1
2019-03-19,17.3,20.0,,1.9
2019-03-20,24.1,23.0,,1.1
2019-03-21,29.0,25.0,,2.5
2019-03-22,34.5,24.0,,1.5
2019-03-23,28.2,24.0,,1.6
2019-03-24,36.1,23.0,,2.0
2019-03-25,24.3,24.0,,3.2
2019-03-26,25.1,24.0,,4.0
2019-03-27,23.4,23.0,,3.5
2019-03-28,20.3,22.0,,2.5
2019-03-29,47.9,24.0,,3.3
2019-03-30,19.9,24.0,,3.3
2019-03-31,21.6,24.0,,4.5
2019-04-01,23.9,22.0,,4.1
2019-04-02,25.9,21.0,,2.2
2019-04-03,19.5,19.0,,1.5
2019-04-04,19.8,21.0,,1.3
2019-04-05,19.9,21.0,,1.4
2019-04-06,19.6,17.0,,1.0
2019-04-07,12.4,18.0,,1.9
2019-04-08,16.3,19.0,,1.9
2019-04-09,22.2,21.0,,1.7
2019-04-10,35.6,22.0,,1.1
2019-04-11,21.9,21.0,,2.1
2019-04-12,21.8,19.0,,2.5
2019-04-13,25.3,17.0,,2.1
2019-04-14,25.6,19.0,,2.0
2019-04-15,22.1,20.0,,1.3
2019-04-16,29.0,20.0,,1.0
2019-04-17,20.4,19.0,,1.4
2019-04-18,21.0,20.0,,1.8
2019-04-19,35.2,20.0,,1.0
2019-04-20,53.2,21.0,,1.0
2019-04-21,30.9,20.0,,3.1
2019-04-22,12.9,18.0,,1.6
2019-04-23,20.3,19.0,,1.5
2019-04-24,19.8,19.0,,2.0
2019-04-25,15.1,20.0,,1.7
2019-04-26,19.5,20.0,,2.2
2019-04-27,16.8,23.0,,1.4
2019-04-28,15.5,19.0,,1.3
2019-04-29,32.6,18.0,,2.4
2019-04-30,26.4,18.0,,2.0
2019-05-01,27.3,17.0,,1.8
2019-05-02,26.2,18.0,,1.6
2019-05-03,34.1,20.0,,1.3
2019-05-04,27.3,20.0,,1.7
2019-05-05,22.6,21.0,,1.9
2019-05-06,29.5,19.0,,1.9
2019-05-07,20.6,20.0,,2.5
2019-05-08,19.6,20.0,,2.5
2019-05-09,13.6,21.0,,3.3
2019-05-10,25.4,20.0,,2.1
2019-05-11,29.9,20.0,,1.9
2019-05-12,31.1,20.0,,5.8
2019-05-13,52.2,18.0,,3.8
2019-05-14,35.6,17.0,,1.8
2019-05-15,25.2,20.0,,3.8
2019-05-16,27.1,18.0,,3.5
2019-05-17,39.2,17.0,,3.1
2019-05-18,31.9,17.0,,2.3
2019-05-19,25.3,18.0,,3.7
2019-05-20,23.1,17.0,,2.4
2019-05-21,19.7,17.0,,1.6
2019-05-22,30.6,17.0,,1.5
2019-05-23,17.3,17.0,,1.3
2019-05-24,29.5,19.0,,1.5
2019-05-25,34.8,19.0,,0.9
2019-05-26,29.5,19.0,,1.0
2019-05-27,21.5,19.0,,2.8
2019-05-28,31.0,20.0,,5.0
2019-05-29,60.5,18.0,,3.6
2019-05-30,23.9,20.0,,2.2
2019-05-31,17.9,17.0,,3.2
2019-06-01,22.7,14.0,,4.1
2019-06-02,25.8,14.0,,3.4
2019-06-03,45.2,14.0,,1.3
2019-06-04,34.0,16.0,,1.9
2019-06-05,53.3,,16.13,5.3
2019-06-06,19.7,,14.67,4.0
2019-06-07,22.5,,12.77,3.9
2019-06-08,44.3,,16.33,6.8
2019-06-09,44.2,,15.42,2.1
2019-06-10,32.5,,16.03,2.3
2019-06-11,34.9,,16.72,2.2
2019-06-12,24.7,,15.55,1.2
2019-06-13,42.4,,15.43,1.2
2019-06-14,37.9,,16.72,2.3
2019-06-15,15.9,,16.72,4.5
2019-06-16,23.6,,16.37,4.3
2019-06-17,20.4,,14.3,4.2
2019-06-18,53.9,,14.5,1.8
2019-06-19,39.4,,15.42,1.9
2019-06-20,21.7,,15.68,3.8
2019-06-21,31.5,,16.1,3.3
2019-06-22,48.0,,14.43,0.6
2019-06-23,36.2,,15.4,3.0
2019-06-24,29.6,,14.85,2.2
2019-06-25,24.7,,14.67,2.0
2019-06-26,38.5,,14.22,1.5
2019-06-27,35.1,,15.15,1.2
2019-06-28,49.7,,14.37,1.2
2019-06-29,36.0,,16.43,1.7
2019-06-30,36.7,10.0,15.0,1.8
2019-07-01,21.5,18.0,10.0,3.1
2019-07-02,21.2,17.0,,3.8
2019-07-03,27.4,18.0,,4.1
2019-07-04,26.3,17.0,,3.5
2019-07-05,13.4,12.0,,3.4
2019-07-06,57.5,14.0,,3.2
2019-07-07,52.2,13.0,,1.6
2019-07-08,30.2,14.0,,4.1
2019-07-09,39.7,14.0,,2.9
2019-07-10,30.9,16.0,,1.7
2019-07-11,43.5,17.0,,2.6
2019-07-12,22.3,15.0,,2.2
2019-07-13,34.0,18.0,,2.8
2019-07-14,19.2,17.0,,3.3
2019-07-15,27.3,16.0,,4.1
2019-07-16,38.1,15.0,,4.4
2019-07-17,40.5,15.0,,5.4
2019-07-18,38.2,15.0,,2.1
2019-07-19,61.7,15.0,,4.3
2019-07-20,17.3,15.0,,3.7
2019-07-21,50.4,15.0,,2.1
2019-07-22,55.2,16.0,,2.0
2019-07-23,28.3,15.0,,2.1
2019-07-24,35.5,15.0,,2.0
2019-07-25,46.7,15.0,,1.8
2019-07-26,13.2,17.0,,3.3
2019-07-27,28.2,17.0,,3.2
2019-07-28,57.4,16.0,,3.1
2019-07-29,57.2,18.0,,2.8
2019-07-30,17.1,16.0,,4.0
2019-07-31,20.6,13.0,,3.2
2019-08-01,41.0,12.0,,3.2
2019-08-02,28.9,15.0,,5.2
2019-08-03,37.5,14.0,,5.9
2019-08-04,25.6,14.0,,4.7
2019-08-05,31.1,12.0,,5.0
2019-08-06,28.1,14.0,,3.9
2019-08-07,31.7,15.0,,3.5
2019-08-08,29.2,16.0,,2.1
2019-08-09,17.5,15.0,,2.8
2019-08-10,39.6,18.0,,2.8
2019-08-11,40.1,19.0,,2.5
2019-08-12,37.8,16.0,,3.9
2019-08-13,27.8,15.0,,5.4
2019-08-14,30.6,15.0,,5.1
2019-08-15,21.2,14.0,,3.1
2019-08-16,23.5,14.0,,4.2
2019-08-17,31.8,16.0,,3.2
2019-08-18,13.4,11.0,,2.5
2019-08-19,35.5,14.0,,3.3
2019-08-20,30.1,14.0,,5.1
2019-08-21,32.2,15.0,,5.1
2019-08-22,26.0,14.0,,4.3
2019-08-23,15.8,13.0,,1.9
2019-08-24,28.5,15.0,,4.4
2019-08-25,32.9,16.0,,5.6
2019-08-26,38.6,16.0,,6.1
2019-08-27,39.0,15.0,,3.5
2019-08-28,28.9,15.0,,3.2
2019-08-29,30.7,15.0,,4.3
2019-08-30,40.8,15.0,,2.9
2019-08-31,20.9,14.0,,3.6
2019-09-01,36.0,16.0,,1.8
2019-09-02,30.6,16.0,,1.6
2019-09-03,24.2,17.0,,4.9
2019-09-04,23.5,19.0,,4.3
2019-09-05,38.8,17.0,,5.3
2019-09-06,25.0,14.0,,5.2
2019-09-07,36.0,16.0,,5.1
2019-09-08,41.1,17.0,,4.8
2019-09-09,31.5,17.0,,3.9
2019-09-10,14.0,15.0,,4.8
2019-09-11,27.0,14.0,,3.8
2019-09-12,39.5,15.0,,3.9
2019-09-13,23.0,16.0,,3.3
2019-09-14,24.1,17.0,,4.5
2019-09-15,24.5,16.0,,2.1
2019-09-16,21.5,16.0,,3.7
2019-09-17,21.4,18.0,,4.4
2019-09-18,27.6,16.0,,2.8
2019-09-19,30.5,15.0,,1.7
2019-09-20,52.2,16.0,,2.4
2019-09-21,29.7,17.0,,3.3
2019-09-22,31.6,15.0,,3.2
2019-09-23,19.7,17.0,,4.0
2019-09-24,28.9,16.0,,5.1
2019-09-25,28.4,15.0,,6.4
2019-09-26,37.2,14.0,,6.4
2019-09-27,32.1,16.0,,5.8
2019-09-28,26.3,16.0,,4.7
2019-09-29,31.8,18.0,,3.1
2019-09-30,25.6,18.0,,4.8
2019-10-01,24.5,15.0,,5.2
2019-10-02,40.3,14.0,,6.7
2019-10-03,45.9,14.0,,3.9
2019-10-04,28.8,15.0,,3.5
2019-10-05,24.1,16.0,,3.5
2019-10-06,27.1,16.0,,2.3
2019-10-07,20.3,17.0,,3.7
2019-10-08,16.5,18.0,,3.2
2019-10-09,20.2,20.0,,3.6
2019-10-10,38.1,19.0,,4.7
2019-10-11,18.2,17.0,,4.1
2019-10-12,18.9,18.0,,2.4
2019-10-13,24.8,18.0,,2.1
2019-10-14,22.1,15.0,,4.5
2019-10-15,13.7,18.0,,3.9
2019-10-16,29.2,16.0,,4.9
2019-10-17,25.0,16.0,,4.4
2019-10-18,18.6,20.0,,2.4
2019-10-19,28.6,18.0,,3.7
2019-10-20,25.3,18.0,,2.3
2019-10-21,47.1,18.0,,4.1
2019-10-22,25.6,17.0,,4.4
2019-10-23,36.5,15.0,,6.6
2019-10-24,35.9,16.0,,5.3
2019-10-25,40.7,15.0,,4.2
2019-10-26,38.1,17.0,,2.8
2019-10-27,36.2,20.0,,1.8
2019-10-28,37.0,21.0,,2.7
2019-10-29,15.7,17.0,,1.9
2019-10-30,35.1,17.0,,3.3
2019-10-31,36.0,18.0,,2.3
2019-11-01,42.0,16.0,,3.1
2019-11-02,26.9,17.0,,2.3
2019-11-03,21.5,20.0,,1.8
2019-11-04,24.2,22.0,,1.7
2019-11-05,170.0,25.0,,1.2
2019-11-06,35.2,25.0,,1.9
2019-11-07,18.7,24.0,,3.7
2019-11-08,26.3,22.0,,4.3
2019-11-09,25.2,21.0,,4.8
2019-11-10,25.3,21.0,,4.9
2019-11-11,21.7,17.0,,2.3
2019-11-12,22.0,16.0,,2.7
2019-11-13,31.5,19.0,,2.6
2019-11-14,24.9,20.0,,3.0
2019-11-15,32.9,18.0,,3.9
2019-11-16,38.0,21.0,,3.0
2019-11-17,25.0,22.0,,3.5
2019-11-18,27.1,20.0,,2.1
2019-11-19,23.7,17.0,,1.6
2019-11-20,30.0,20.0,,2.5
2019-11-21,24.7,18.0,,2.1
2019-11-22,25.0,18.0,,2.3
2019-11-23,27.2,20.0,,2.3
2019-11-24,32.2,19.0,,2.0
2019-11-25,29.3,20.0,,1.8
2019-11-26,33.6,23.0,,1.2
2019-11-27,37.2,23.0,,1.5
2019-11-28,36.0,23.0,,2.5
2019-11-29,25.7,24.0,,2.8
2019-11-30,25.0,24.0,,3.3
2019-12-01,30.2,22.0,,4.9
2019-12-02,18.6,23.0,,5.0
2019-12-03,32.2,22.0,,4.5
2019-12-04,42.8,25.0,,1.7
2019-12-05,58.2,25.0,,1.6
2019-12-06,75.4,24.0,,3.0
2019-12-07,79.0,26.0,,2.1
2019-12-08,25.9,24.0,,3.8
2019-12-09,27.8,20.0,,1.9
2019-12-10,22.0,22.0,,1.8
2019-12-11,21.8,22.0,,1.8
2019-12-12,35.0,25.0,,1.3
2019-12-13,31.0,22.0,,2.0
2019-12-14,25.6,21.0,,1.6
2019-12-15,18.4,22.0,,2.8
2019-12-16,80.4,23.0,,4.1
2019-12-17,26.6,22.0,,4.8
2019-12-18,41.1,19.0,,3.8
2019-12-19,35.3,20.0,,1.6
2019-12-20,30.1,22.0,,1.6
2019-12-21,20.5,20.0,,1.9
2019-12-22,28.1,21.0,,2.5
2019-12-23,29.9,20.0,,1.9
2019-12-24,38.6,22.0,,1.6
2019-12-25,34.5,21.0,,1.5
2019-12-26,27.7,22.0,,1.3
2019-12-27,21.8,20.0,,1.8
2019-12-28,29.9,20.0,,2.4
2019-12-29,25.8,19.0,,1.9
2019-12-30,42.7,21.0,,2.3
2019-12-31,35.9,23.0,,1.3
2020-01-01,29.4,21.0,,1.6
