Date,BC(370),BC(880),NO,NO2,NOx,PM10,RH,Temp,WS
2017-01-01,,57.0,10.8,12.6,19.1,29.1,85.6,23.0,4.0
2017-01-02,,84.0,1.0,4.4,4.8,16.5,91.9,23.0,4.2
2017-01-03,,73.67,0.0,0.0,0.0,15.1,91.8,23.0,5.8
2017-01-04,,138.67,0.7,1.4,1.9,21.2,83.4,19.0,3.9
2017-01-05,,713.83,14.9,15.2,24.3,55.1,77.5,19.0,1.8
2017-01-06,,54.83,30.9,13.1,44.0,70.1,86.4,20.0,3.2
2017-01-07,,226.83,2.0,7.3,7.9,15.2,70.4,20.0,3.2
2017-01-08,,124.67,0.9,1.6,2.1,14.0,68.9,20.0,3.3
2017-01-09,,118.17,1.0,6.6,7.2,16.9,85.2,21.0,4.3
2017-01-10,,159.17,1.2,3.7,4.6,27.6,91.5,21.0,4.3
2017-01-11,,355.33,1.9,7.8,9.7,939.2,91.9,22.0,3.4
2017-01-12,,342.0,12.0,10.4,22.4,14.8,91.3,23.0,4.5
2017-01-13,,317.0,16.4,15.4,31.8,27.3,87.7,22.0,3.9
2017-01-14,,118.17,11.8,9.6,20.7,22.7,86.3,24.0,2.7
2017-01-15,,324.83,3.5,7.3,10.5,29.4,89.7,24.0,5.6
2017-01-16,,221.17,2.5,4.5,5.6,41.1,85.5,21.0,2.5
2017-01-17,,236.0,8.8,8.9,16.6,27.9,82.6,23.0,2.3
2017-01-18,,610.83,7.4,17.1,24.5,18.9,84.9,23.0,4.2
2017-01-19,,145.33,2.4,6.5,8.8,31.1,89.9,20.0,4.0
2017-01-20,,1607.0,7.8,15.5,21.9,25.6,79.6,20.0,4.1
2017-01-21,,99.67,52.3,25.0,77.3,79.2,89.0,22.0,5.7
2017-01-22,,114.33,0.8,1.1,1.8,32.5,89.7,21.0,6.1
2017-01-23,,261.67,2.5,3.7,6.2,33.5,73.4,20.0,5.1
2017-01-24,,462.67,28.1,17.3,45.3,23.2,76.7,22.0,2.4
2017-01-25,,191.0,20.6,12.9,33.5,28.0,89.5,21.0,4.6
2017-01-26,,138.83,7.2,13.6,20.3,38.4,80.0,21.0,2.6
2017-01-27,,114.0,50.8,20.5,71.4,22.7,81.8,21.0,3.0
2017-01-28,,781.83,14.3,9.6,22.1,22.1,81.5,24.0,1.8
2017-01-29,,103.33,18.7,9.3,25.6,25.4,88.0,24.0,2.7
2017-01-30,,426.17,9.6,11.6,18.3,15.8,84.2,24.0,2.7
2017-01-31,,486.17,18.4,14.5,30.8,14.5,84.1,24.0,2.0
2017-02-01,,483.17,19.7,11.1,30.8,21.5,88.9,22.0,3.6
2017-02-02,,422.33,3.9,11.0,14.9,26.1,89.6,23.0,4.6
2017-02-03,,188.17,14.8,10.5,25.3,20.7,89.8,24.0,3.9
2017-02-04,,132.67,21.4,14.0,28.9,24.5,89.0,23.0,3.2
2017-02-05,,861.5,10.1,12.0,15.6,20.9,85.0,24.0,2.6
2017-02-06,,431.33,9.4,9.3,14.5,22.4,88.9,27.0,3.5
2017-02-07,,,4.0,8.7,12.6,14.4,89.5,26.0,4.1
2017-02-08,,,25.1,26.3,51.5,24.7,90.3,22.0,2.7
2017-02-09,,,26.9,23.8,49.6,15.0,87.4,21.0,2.9
2017-02-10,,,69.3,26.8,93.8,18.9,89.7,21.0,1.5
2017-02-11,,,26.6,19.0,37.9,16.5,89.5,21.0,2.7
2017-02-12,,,26.5,14.3,39.0,18.5,90.8,23.0,4.3
2017-02-13,,,2.1,3.1,5.0,33.4,91.1,25.0,5.9
2017-02-14,,,33.6,33.4,67.0,14.6,91.8,19.0,1.9
2017-02-15,,,37.8,26.8,64.7,30.0,88.5,22.0,1.5
2017-02-16,,,49.8,30.8,80.6,13.0,92.5,20.0,2.2
2017-02-17,,,28.2,46.3,69.8,14.6,91.9,22.0,2.0
2017-02-18,,,16.9,17.0,32.2,16.0,91.4,25.0,2.8
2017-02-19,,,9.1,12.4,18.6,14.9,89.7,25.0,3.4
2017-02-20,,,18.4,28.0,46.4,29.7,91.5,24.0,3.4
2017-02-21,,,46.7,29.0,75.7,28.7,81.8,23.0,3.1
2017-02-22,,,54.1,23.4,72.4,24.0,87.0,25.0,2.1
2017-02-23,,,81.0,59.9,140.9,25.1,88.2,26.0,2.2
2017-02-24,,,41.4,27.2,68.6,19.1,87.4,24.0,1.6
2017-02-25,,,43.2,20.6,63.7,19.9,89.2,25.0,2.6
2017-02-26,,,15.6,14.8,25.6,15.3,89.0,24.0,2.1
2017-02-27,,,82.0,25.6,107.6,18.9,86.1,25.0,2.4
2017-02-28,,,75.0,31.3,106.3,17.1,89.2,25.0,2.6
2017-03-01,,,54.4,28.6,75.5,15.2,88.5,23.0,1.8
2017-03-02,,,62.3,18.4,76.2,18.3,90.2,23.0,1.7
2017-03-03,,,68.1,20.4,85.4,22.9,87.6,23.0,3.2
2017-03-04,,,42.6,16.3,58.9,20.8,90.3,23.0,2.8
2017-03-05,,,3.0,4.2,5.8,23.4,86.5,22.0,2.9
2017-03-06,,,74.8,26.3,100.1,16.7,83.7,23.0,2.8
2017-03-07,,,71.0,28.4,88.9,20.9,90.9,22.0,2.3
2017-03-08,,,30.1,23.2,53.3,9.2,91.6,20.0,4.4
2017-03-09,,,28.2,30.3,54.7,13.8,85.9,21.0,4.7
2017-03-10,,,15.3,18.5,29.4,22.1,93.3,22.0,3.8
2017-03-11,,,38.6,27.6,66.2,21.6,93.7,23.0,2.6
2017-03-12,,,10.0,14.0,21.4,27.7,92.8,22.0,4.8
2017-03-13,,,7.3,15.0,22.3,30.9,89.5,21.0,4.0
2017-03-14,,,4.6,23.9,28.4,17.5,87.1,21.0,2.8
2017-03-15,,,28.6,20.7,42.1,29.5,79.8,21.0,4.0
2017-03-16,,,93.4,29.3,122.6,30.8,83.1,22.0,1.9
2017-03-17,,,93.1,20.9,114.0,20.9,85.8,22.0,2.3
2017-03-18,,,26.6,18.7,45.3,21.8,88.2,22.0,1.6
2017-03-19,,,17.0,30.2,38.2,21.6,89.4,23.0,1.2
2017-03-20,,,108.0,27.9,132.4,22.3,88.4,22.0,3.7
2017-03-21,,,2.5,4.8,5.9,13.6,77.0,21.0,1.8
2017-03-22,,,8.1,11.1,17.5,17.8,82.2,23.0,2.9
2017-03-23,,,17.0,25.8,41.8,17.9,88.0,23.0,2.7
2017-03-24,,,43.4,26.5,66.6,21.4,89.2,23.0,2.9
2017-03-25,,,18.9,15.5,31.6,64.6,89.7,22.0,2.5
2017-03-26,,,12.2,11.2,23.3,23.9,90.3,22.0,3.1
2017-03-27,,,16.1,21.0,32.4,21.5,92.1,24.0,2.8
2017-03-28,,,72.9,23.9,95.0,19.8,91.9,24.0,2.1
2017-03-29,,,9.5,22.4,31.9,18.2,92.4,21.0,3.9
2017-03-30,,,10.6,25.3,35.0,11.8,90.0,23.0,3.1
2017-03-31,,,30.4,22.3,51.5,15.2,87.6,22.0,1.5
2017-04-01,,,74.6,26.2,86.9,20.2,91.3,23.0,2.2
2017-04-02,,,13.4,13.6,24.0,17.1,91.4,23.0,2.6
2017-04-03,1796.33,1444.67,23.8,22.1,45.9,17.7,92.9,25.0,1.6
2017-04-04,4424.67,3477.33,28.8,20.0,48.8,27.7,92.8,23.0,2.8
2017-04-05,240.0,194.67,34.4,25.7,60.1,16.7,93.6,23.0,4.2
2017-04-06,2388.17,1503.33,2.2,3.9,5.9,23.8,77.9,20.0,4.6
2017-04-07,2675.17,2347.17,32.3,26.3,48.9,18.1,88.4,20.0,3.0
2017-04-08,1675.67,1163.0,48.1,24.7,68.7,21.6,91.9,20.0,2.3
2017-04-09,4531.5,3917.5,14.9,20.6,26.6,16.7,89.5,20.0,2.8
2017-04-10,1848.83,1471.17,50.0,44.6,94.6,20.6,85.2,22.0,2.5
2017-04-11,2063.5,1850.67,17.2,25.8,41.5,24.4,85.0,23.0,3.6
2017-04-12,2905.33,2290.0,25.7,31.3,54.9,26.6,91.9,21.0,3.8
2017-04-13,502.67,362.83,32.8,33.3,66.1,18.7,93.4,20.0,3.5
2017-04-14,2685.33,1833.0,3.2,9.6,12.1,23.6,91.6,21.0,2.9
2017-04-15,2533.83,1606.17,30.9,23.3,46.2,0.0,91.3,20.0,4.1
2017-04-16,1151.0,969.67,23.6,30.9,53.1,0.0,90.8,20.0,3.1
2017-04-17,3993.33,3466.83,12.2,23.3,35.5,0.0,91.7,19.0,3.9
2017-04-18,7222.5,5568.17,102.9,28.5,131.4,20.6,90.0,20.0,1.9
2017-04-19,2982.0,2120.5,115.8,31.8,134.3,24.4,91.2,19.0,1.2
2017-04-20,5091.5,4354.5,32.8,34.4,52.1,20.4,89.9,19.0,1.5
2017-04-21,3477.17,2306.83,96.0,47.7,128.8,16.1,90.4,17.0,1.6
2017-04-22,2008.0,1254.33,33.1,45.9,67.2,20.2,86.8,20.0,1.8
2017-04-23,3200.17,2667.33,14.1,20.3,34.4,17.1,89.9,19.0,3.7
2017-04-24,4919.33,2853.0,34.5,36.2,70.7,22.7,85.6,20.0,1.6
2017-04-25,8664.0,6452.83,53.8,37.9,66.2,17.9,90.8,21.0,1.9
2017-04-26,7182.5,5493.67,118.5,53.8,151.4,26.7,90.8,21.0,1.5
2017-04-27,5389.0,4403.0,134.3,49.3,160.9,25.9,90.7,21.0,1.9
2017-04-28,3397.33,2346.83,85.5,35.8,104.1,18.9,91.0,22.0,1.8
2017-04-29,861.0,498.33,39.2,32.8,68.7,22.5,91.5,19.0,2.2
2017-04-30,3453.33,1912.0,5.7,12.9,18.6,24.6,92.2,18.0,4.2
2017-05-01,10427.5,5177.5,156.8,42.5,188.5,24.1,85.1,16.0,2.6
2017-05-02,10834.0,7775.17,244.4,43.9,275.0,27.5,87.5,16.0,1.8
2017-05-03,307.83,235.83,178.3,37.2,206.1,30.4,90.9,16.0,2.4
2017-05-04,6629.33,4106.33,1.4,8.5,9.3,22.9,89.6,17.0,2.9
2017-05-05,8730.67,4408.0,45.8,39.3,85.1,30.6,87.3,18.0,2.6
2017-05-06,6441.17,3419.67,79.5,33.5,95.2,31.9,90.9,18.0,2.1
2017-05-07,7171.0,4748.33,29.5,25.7,41.2,30.4,90.3,18.0,2.4
2017-05-08,9783.17,6609.67,130.4,49.6,158.2,26.2,90.4,20.0,1.7
2017-05-09,6367.5,5136.0,136.7,48.7,161.7,25.2,90.7,20.0,2.2
2017-05-10,2382.33,2075.67,92.8,33.0,123.7,14.9,91.2,19.0,2.3
2017-05-11,1203.83,1042.33,25.6,28.9,50.5,27.4,90.7,19.0,2.6
2017-05-12,12058.5,6047.33,12.8,22.8,34.0,11.2,92.2,19.0,2.0
2017-05-13,7908.83,3180.0,38.7,27.8,66.6,30.6,86.0,16.0,1.6
2017-05-14,4718.0,2692.33,40.7,25.3,49.3,23.0,91.1,17.0,1.4
2017-05-15,10890.33,7332.33,27.4,33.7,57.8,19.3,87.0,17.0,1.2
2017-05-16,1681.5,1212.33,111.8,38.9,148.1,25.7,88.9,17.0,3.1
2017-05-17,680.0,547.0,10.0,27.8,33.0,18.9,90.0,21.0,4.3
2017-05-18,378.33,272.17,5.0,8.1,13.1,33.7,88.4,18.0,5.5
2017-05-19,598.5,783.67,1.2,4.3,5.5,26.7,77.2,16.0,2.9
2017-05-20,18657.83,7529.33,0.7,2.0,2.7,24.7,81.3,16.0,7.1
2017-05-21,14695.67,5510.17,35.4,38.6,69.8,34.3,86.2,15.0,1.7
2017-05-22,8850.83,6639.67,117.2,46.1,140.1,32.6,90.2,14.0,2.3
2017-05-23,7766.33,3244.5,153.2,45.0,178.7,35.3,90.8,15.0,2.6
2017-05-24,9141.67,5775.17,80.1,42.1,107.3,18.4,91.5,18.0,3.7
2017-05-25,9429.0,6424.83,130.7,55.6,159.3,23.9,92.4,17.0,1.5
2017-05-26,6350.83,3028.17,108.1,37.1,145.3,23.7,91.3,18.0,3.3
2017-05-27,7219.0,3548.33,17.3,26.8,43.1,17.3,92.2,19.0,3.0
2017-05-28,8772.83,4446.5,32.6,35.2,60.6,19.5,92.1,17.0,1.4
2017-05-29,5473.33,3411.67,164.8,35.0,187.7,31.7,92.0,18.0,1.7
2017-05-30,16693.5,6517.5,75.3,36.4,104.1,23.2,88.1,17.0,1.9
2017-05-31,9460.83,6971.33,110.7,46.1,156.9,40.5,91.7,18.0,2.1
2017-06-01,2272.5,1448.5,157.2,45.2,193.6,26.0,92.1,17.0,2.0
2017-06-02,9381.17,4693.67,17.8,30.6,47.7,10.3,89.7,16.0,3.9
2017-06-03,10209.33,3918.17,21.4,28.3,48.0,28.6,89.1,15.0,2.4
2017-06-04,11259.67,5051.83,28.5,20.7,42.7,31.5,89.7,16.0,1.1
2017-06-05,9229.83,6287.0,36.4,29.4,60.6,37.1,92.0,16.0,2.4
2017-06-06,7169.0,5828.33,133.7,46.0,154.7,22.5,91.9,14.0,1.6
2017-06-07,13384.5,7709.83,148.8,35.3,183.8,21.9,91.9,15.0,2.2
2017-06-08,10557.33,6701.17,162.3,43.5,205.8,27.5,90.2,15.0,1.4
2017-06-09,2472.5,1036.33,164.2,43.0,199.6,31.8,91.1,13.0,1.3
2017-06-10,12847.0,5848.83,1.3,5.7,6.8,25.3,,,
2017-06-11,11852.67,8286.0,40.9,35.7,65.6,33.8,,,
2017-06-12,1599.67,1251.17,175.0,36.7,211.0,22.2,91.1,16.0,2.4
2017-06-13,770.17,455.33,8.4,30.2,38.6,19.3,91.1,17.0,5.0
2017-06-14,4430.5,3414.67,2.3,4.1,5.1,30.4,80.0,15.0,5.6
2017-06-15,1635.83,979.0,83.0,55.0,135.8,31.9,75.9,15.0,2.3
2017-06-16,19734.0,7802.5,7.2,21.2,28.4,17.6,89.7,16.0,2.7
2017-06-17,8498.83,3297.17,82.6,34.8,101.9,49.5,91.5,14.0,3.4
2017-06-18,12320.67,5577.0,38.6,35.1,60.9,22.7,92.3,16.0,2.1
2017-06-19,7897.5,5811.67,85.9,57.9,139.1,24.5,90.0,16.0,2.0
2017-06-20,1254.0,956.83,106.2,44.2,148.3,22.7,90.6,17.0,3.1
2017-06-21,2849.67,2130.17,12.6,30.5,39.7,26.3,76.3,16.0,3.6
2017-06-22,5432.0,5157.33,14.5,38.4,52.9,24.8,90.9,16.0,4.3
2017-06-23,2349.17,1333.0,58.2,51.6,109.8,15.0,91.2,18.0,2.0
2017-06-24,8658.83,4099.67,7.5,21.0,28.5,16.4,91.7,14.0,3.9
2017-06-25,13795.0,6110.5,19.2,32.5,44.9,31.7,88.3,16.0,4.0
2017-06-26,17875.33,10140.0,41.7,38.6,80.0,47.2,88.5,14.0,1.7
2017-06-27,13035.33,7917.0,165.9,49.0,212.0,43.5,90.7,14.0,1.8
2017-06-28,14854.33,7584.33,163.6,53.5,195.5,37.2,91.0,15.0,1.4
2017-06-29,12717.17,8897.0,123.7,46.9,154.9,39.7,91.3,16.0,1.0
2017-06-30,1764.33,1716.67,214.0,46.4,260.4,35.4,91.8,16.0,2.5
2017-07-01,4541.0,2186.0,14.5,20.5,35.1,19.4,90.6,16.0,4.6
2017-07-02,12843.5,5552.67,46.3,23.1,67.2,21.3,92.4,15.0,1.9
2017-07-03,7814.5,4809.83,36.4,42.6,72.6,22.4,92.2,14.0,1.9
2017-07-04,16099.5,9321.17,134.7,38.0,172.7,31.8,91.7,15.0,2.3
2017-07-05,8706.67,5230.33,169.6,56.2,220.1,31.5,91.4,15.0,1.9
2017-07-06,7742.5,5539.33,47.0,62.9,94.7,19.7,91.9,15.0,1.7
2017-07-07,18891.67,7859.17,94.9,58.6,153.5,12.3,91.8,16.0,3.4
2017-07-08,5178.5,1895.83,63.1,43.2,87.1,40.3,92.1,16.0,2.4
2017-07-09,4669.0,1921.17,17.0,32.1,47.3,17.3,91.0,15.0,4.0
2017-07-10,13307.17,6916.67,16.0,23.6,39.6,23.1,85.7,15.0,2.2
2017-07-11,17082.33,6905.17,106.5,50.5,157.0,36.8,91.6,15.0,2.5
2017-07-12,1216.0,777.67,35.0,49.5,74.3,30.8,91.8,12.0,3.1
2017-07-13,950.67,539.33,16.5,29.3,45.8,17.7,85.9,10.0,3.6
2017-07-14,16593.5,7339.5,8.3,20.0,21.6,18.6,83.0,11.0,2.5
2017-07-15,13367.83,6366.67,33.3,41.6,71.0,39.8,89.1,14.0,1.6
2017-07-16,10113.17,7596.0,50.6,38.1,64.6,43.5,90.5,16.0,2.8
2017-07-17,15087.17,9762.17,182.0,48.7,230.7,32.2,90.5,15.0,1.9
2017-07-18,15991.67,8021.17,159.6,53.9,191.8,36.0,90.1,16.0,2.0
2017-07-19,9281.67,4445.83,117.3,43.8,142.3,42.8,91.6,16.0,2.5
2017-07-20,1353.33,820.17,94.0,32.0,119.8,27.0,92.5,17.0,4.1
2017-07-21,671.33,534.5,1.2,5.9,6.1,28.2,89.1,14.0,4.5
2017-07-22,2943.33,1593.67,0.5,3.2,3.3,46.4,88.2,15.0,4.0
2017-07-23,12675.5,5524.17,14.6,31.7,46.3,19.0,86.9,16.0,2.6
2017-07-24,1738.17,1390.0,41.0,51.7,85.1,36.5,87.1,15.0,3.8
2017-07-25,12904.33,6180.0,15.2,40.0,52.2,17.1,90.9,16.0,2.5
2017-07-26,11715.5,8066.33,69.4,42.1,94.7,41.4,89.4,15.0,2.9
2017-07-27,7899.33,2852.5,166.7,47.5,201.3,28.3,91.1,14.0,2.7
2017-07-28,17380.67,6688.33,20.3,43.8,55.2,21.9,89.3,14.0,2.4
2017-07-29,11772.33,6201.67,41.4,34.9,70.5,38.5,89.2,11.0,2.0
2017-07-30,14248.33,7624.67,64.9,37.8,93.1,34.3,90.9,13.0,2.0
2017-07-31,15965.67,7931.5,179.3,46.6,215.8,51.4,91.1,14.0,2.3
2017-08-01,9202.5,6926.33,,,,36.9,86.3,16.0,3.6
2017-08-02,4743.83,2387.5,,,,24.2,91.4,15.0,3.2
2017-08-03,12636.67,7054.5,,,,12.5,86.8,14.0,3.7
2017-08-04,7866.83,4169.17,,,,33.3,88.0,13.0,1.6
2017-08-05,9473.5,3917.5,,,,21.8,90.2,14.0,2.5
2017-08-06,1379.67,987.67,,,,32.8,87.6,16.0,3.6
2017-08-07,7370.83,4985.33,,,,16.3,90.5,19.0,2.0
2017-08-08,1667.67,1398.17,,,,20.1,91.7,18.0,2.9
2017-08-09,2250.83,1303.0,,,,15.1,89.6,16.0,3.0
2017-08-10,6031.5,4497.17,,,,19.5,90.7,16.0,3.5
2017-08-11,610.5,347.33,,,,22.6,91.6,15.0,3.8
2017-08-12,7298.0,2488.0,,,,37.4,84.9,17.0,5.3
2017-08-13,9157.0,5418.83,,,,38.7,90.3,17.0,2.4
2017-08-14,3272.5,1523.0,,,,24.6,91.4,15.0,4.5
2017-08-15,7476.83,3735.5,,,,20.4,88.8,15.0,4.8
2017-08-16,9292.67,5987.0,,,,29.8,90.0,16.0,4.9
2017-08-17,5467.33,3790.67,,,,30.8,90.4,17.0,2.7
2017-08-18,5761.33,2860.67,,,,22.8,92.0,15.0,2.2
2017-08-19,1096.67,499.83,,,,17.1,91.6,15.0,3.1
2017-08-20,4358.83,2295.17,,,,19.6,89.5,15.0,4.9
2017-08-21,7119.67,5907.5,,,,34.0,85.7,16.0,1.9
2017-08-22,7349.83,5746.5,,,,29.5,89.5,15.0,2.0
2017-08-23,7935.83,5904.0,,,,21.7,91.0,15.0,1.9
2017-08-24,7300.17,5979.33,,,,20.2,91.3,16.0,2.1
2017-08-25,4363.83,3422.0,,,,19.2,90.4,16.0,3.1
2017-08-26,758.83,476.5,,,,17.2,91.0,17.0,3.0
2017-08-27,7728.17,4201.17,,,,34.6,90.0,15.0,4.6
2017-08-28,4454.67,2641.33,,,,24.8,90.9,17.0,5.0
2017-08-29,4988.33,4455.33,,,,19.3,91.6,18.0,2.7
2017-08-30,4559.83,2428.17,,,,22.1,92.1,16.0,1.8
2017-08-31,4438.83,3614.67,,,,16.6,91.2,18.0,3.1
2017-09-01,1543.5,991.83,,,,19.6,90.8,16.0,1.6
2017-09-02,1003.17,535.0,,,,11.0,89.5,16.0,2.8
2017-09-03,3472.67,2305.33,,,,10.4,82.8,16.0,1.6
2017-09-04,5020.67,3642.5,,,,14.5,87.6,17.0,2.9
2017-09-05,1643.0,1132.67,,,,21.7,87.8,17.0,3.7
2017-09-06,433.17,313.5,,,,14.7,89.7,16.0,3.0
2017-09-07,1074.83,830.83,,,,30.7,83.3,16.0,6.6
2017-09-08,1871.33,1239.17,,,,25.2,82.0,16.0,4.9
2017-09-09,431.0,297.0,,,,21.8,89.3,13.0,7.5
2017-09-10,2399.0,1302.67,,,,25.4,82.6,13.0,6.4
2017-09-11,394.33,210.67,,,,23.3,86.1,12.0,5.0
2017-09-12,453.17,381.17,,,,22.6,82.8,14.0,4.4
2017-09-13,438.5,310.33,,,,22.5,84.3,16.0,4.7
2017-09-14,1684.33,1410.33,,,,33.0,85.3,19.0,5.2
2017-09-15,520.33,364.67,,,,20.8,88.8,21.0,3.3
2017-09-16,3483.67,1598.67,,,,25.7,85.4,16.0,5.9
2017-09-17,2068.17,784.17,,,,25.9,89.3,18.0,4.4
2017-09-18,2747.83,1610.0,,,,19.8,83.5,13.0,5.3
2017-09-19,3726.17,1765.0,,,,17.4,89.6,16.0,2.5
2017-09-20,5020.5,2428.33,,,,18.9,90.0,18.0,3.2
2017-09-21,2892.67,2367.67,,,,21.4,88.7,17.0,4.0
2017-09-22,4337.0,2553.5,,,,24.1,90.3,15.0,2.6
2017-09-23,1230.67,1180.0,,,,15.7,78.0,17.0,2.0
2017-09-24,1152.83,942.67,,,,,,,
2017-09-25,2662.5,2075.67,,,,32.1,78.4,18.0,5.2
2017-09-26,3057.33,2731.5,,,,28.9,89.7,19.0,6.0
2017-09-27,2513.83,2250.67,,,,29.0,90.3,18.0,1.6
2017-09-28,4453.0,3768.67,,,,20.4,85.8,18.0,3.7
2017-09-29,1999.17,1478.0,,,,19.0,87.3,17.0,3.1
2017-09-30,3965.5,2136.67,,,,,,,
2017-10-01,421.17,180.33,,,,31.5,,,0.0
2017-10-02,2414.0,2193.67,,,,31.6,81.5,16.0,5.3
2017-10-03,521.83,472.17,,,,12.6,83.3,16.0,3.6
2017-10-04,517.0,301.67,,,,15.1,81.2,17.0,3.1
2017-10-05,2998.17,2288.5,,,,18.1,81.4,18.0,2.3
2017-10-06,2281.5,1558.33,,,,22.7,87.9,18.0,1.5
2017-10-07,1525.67,1210.0,,,,21.4,87.8,18.0,3.5
2017-10-08,2860.33,2191.33,,,,40.6,89.8,20.0,3.3
2017-10-09,4203.5,3111.33,,,,25.8,91.1,19.0,2.5
2017-10-10,147.0,143.5,,,,15.7,90.4,17.0,4.0
2017-10-11,340.83,303.17,,,,31.3,85.3,16.0,4.9
2017-10-12,524.5,463.0,,,,25.5,76.8,17.0,3.1
2017-10-13,916.83,853.67,,,,20.7,89.2,16.0,4.0
2017-10-14,238.67,195.0,,,,33.4,90.1,21.0,3.7
2017-10-15,178.83,156.33,,,,20.1,79.2,16.0,4.0
2017-10-16,274.67,222.33,,,,20.8,77.2,17.0,3.6
2017-10-17,709.0,546.5,,,,27.6,82.1,16.0,3.4
2017-10-18,2907.17,2613.17,,,,19.8,84.3,16.0,2.5
2017-10-19,580.33,396.33,,,,15.1,84.4,17.0,1.9
2017-10-20,300.0,266.0,,,,15.3,79.3,16.0,1.9
2017-10-21,1028.0,485.67,,,,16.0,81.2,16.0,4.4
2017-10-22,1505.67,1220.5,,,,19.9,85.6,17.0,4.6
2017-10-23,285.33,226.17,,,,14.9,90.6,19.0,2.7
2017-10-24,315.83,278.0,,,,22.9,88.4,17.0,4.8
2017-10-25,642.67,561.67,,,,15.1,,,
2017-10-26,1227.67,882.17,,,,17.5,,,
2017-10-27,2824.33,2208.83,,,,14.9,,,
2017-10-28,840.5,603.0,,,,12.3,,,
2017-10-29,1193.5,952.0,,,,17.4,,,
2017-10-30,2569.33,2388.33,,,,23.1,,,
2017-10-31,1140.33,929.17,,,,21.3,,,
2017-11-01,889.17,775.67,,,,16.7,,,
2017-11-02,1489.5,1331.17,,,,20.6,,,
2017-11-03,2062.5,742.33,,,,28.2,,,
2017-11-04,1263.67,905.83,,,,25.9,,,
2017-11-05,1634.17,734.0,,,,18.5,,,
2017-11-06,2672.67,2272.33,,,,30.4,,,
2017-11-07,1935.17,771.17,,,,22.9,,,
2017-11-08,1378.83,1149.17,,,,30.2,,,3.6
2017-11-09,1386.67,958.33,,,,21.8,,,1.8
2017-11-10,1124.67,897.0,,,,24.4,,,1.9
2017-11-11,419.67,353.5,,,,25.0,,,2.7
2017-11-12,1944.67,1670.33,,,,14.1,,,1.9
2017-11-13,2056.0,1797.33,,,,18.5,,,3.0
2017-11-14,2669.0,2383.0,,,,20.6,,,2.3
2017-11-15,3142.83,2601.67,,,,10.6,,,3.0
2017-11-16,2286.5,1759.67,,,,13.2,,,3.3
2017-11-17,1074.83,968.5,,,,23.2,,,2.5
2017-11-18,709.0,577.0,,,,17.8,,,5.9
2017-11-19,1398.5,1157.83,,,,9.1,,,3.9
2017-11-20,1418.67,1108.0,,,,13.0,,,2.9
2017-11-21,2526.17,2061.0,,,,23.8,,,3.1
2017-11-22,2536.33,2044.33,,,,25.1,,,2.6
2017-11-23,2822.17,2192.5,,,,16.9,,,2.6
2017-11-24,1115.0,863.33,,,,25.0,,,1.9
2017-11-25,1597.17,744.0,,,,20.4,,,2.1
2017-11-26,1709.5,1399.5,,,,16.4,,,2.8
2017-11-27,1717.33,1425.83,,,,16.1,,,3.0
2017-11-28,1424.5,1223.17,,,,12.0,,,2.2
2017-11-29,2421.0,2034.0,,,,15.2,,,2.3
2017-11-30,2960.83,2370.67,,,,24.2,,,2.7
2017-12-01,1773.67,1320.5,,,,20.3,,,2.9
2017-12-02,1422.17,815.17,,,,11.9,,,2.7
2017-12-03,1613.83,1353.5,,,,10.9,,,2.1
2017-12-04,2303.17,1989.5,,,,20.8,,,2.9
2017-12-05,2013.0,1712.83,,,,16.3,,,2.8
2017-12-06,2036.17,1699.17,,,,28.9,,,2.6
2017-12-07,2775.17,2117.67,,,,20.5,,,3.0
2017-12-08,2669.5,1245.0,,,,24.8,,,3.2
2017-12-09,1777.0,1430.33,,,,18.6,,,3.5
2017-12-10,2618.33,2302.5,,,,25.8,,,2.0
2017-12-11,602.33,482.67,,,,19.5,,,3.5
2017-12-12,1995.0,1600.17,,,,17.1,,,3.1
2017-12-13,1424.67,1165.83,,,,18.3,,,3.5
2017-12-14,1441.17,1043.83,,,,15.9,,,2.3
2017-12-15,3353.5,2217.67,,,,21.6,,,2.7
2017-12-16,688.33,533.5,,,,18.8,,,2.7
2017-12-17,1863.67,1458.5,,,,18.9,,,2.3
2017-12-18,1150.0,904.17,,,,19.7,,,3.3
2017-12-19,193.83,162.83,,,,22.4,,,4.0
2017-12-20,1225.83,944.17,,,,27.5,,,3.8
2017-12-21,1141.33,990.83,,,,22.3,,,3.9
2017-12-22,863.5,672.83,,,,22.9,,,2.3
2017-12-23,512.0,335.5,,,,22.6,,,3.3
2017-12-24,1126.5,437.17,,,,16.4,,,3.0
2017-12-25,172.17,224.5,,,,14.3,,,3.2
2017-12-26,564.83,465.67,,,,14.6,,,3.6
2017-12-27,573.83,488.83,,,,24.5,,,2.6
2017-12-28,620.5,482.0,,,,25.6,,,2.9
2017-12-29,712.5,611.17,,,,26.5,,,2.6
2017-12-30,829.5,686.5,,,,22.5,,,3.8
2017-12-31,1701.67,951.5,,,,18.7,,,3.5
2018-01-01,468.5,475.5,,,,44.1,,,2.6
2018-01-02,765.33,564.67,,,,14.9,,,2.8
2018-01-03,700.33,1067.0,,,,13.9,,,2.9
2018-01-04,437.33,358.67,,,,19.5,,,5.3
2018-01-05,239.83,141.67,,,,36.5,,,6.4
2018-01-06,810.0,599.17,,,,38.9,,,5.2
2018-01-07,637.0,555.67,,,,47.5,,,3.3
2018-01-08,1026.67,960.33,,,,48.2,,,2.3
2018-01-09,1044.83,687.67,,,,17.5,,,3.3
2018-01-10,735.33,749.0,,,,19.6,,,3.5
2018-01-11,1547.33,1340.67,,,,16.9,,,3.2
2018-01-12,981.33,504.5,,,,20.1,,,2.5
2018-01-13,417.67,327.83,,,,16.7,,,3.2
2018-01-14,943.33,956.33,,,,16.3,,,3.2
2018-01-15,840.5,679.17,,,,16.4,,,3.9
2018-01-16,1061.83,1601.5,,,,26.0,,,5.3
2018-01-17,2167.33,1365.67,,,,163.4,,,5.5
2018-01-18,1587.5,1410.83,,,,27.4,0.0,,3.5
2018-01-19,699.17,609.17,,,,59.7,91.1,21.0,3.7
2018-01-20,2495.33,2678.17,,,,23.3,84.6,26.0,2.7
2018-01-21,3610.5,1098.67,,,,25.1,86.9,25.0,2.9
2018-01-22,1678.67,1767.83,,,,16.2,89.9,25.0,1.9
2018-01-23,1454.67,1797.0,,,,18.9,89.6,26.0,1.7
2018-01-24,1450.83,1102.17,,,,24.9,90.2,27.0,1.8
2018-01-25,1843.67,1603.0,,,,27.4,85.7,26.0,2.0
2018-01-26,1161.17,1511.17,,,,23.5,81.8,28.0,2.1
2018-01-27,759.17,703.67,,,,23.8,88.2,28.0,2.9
2018-01-28,683.83,546.0,,,,17.7,90.4,27.0,3.0
2018-01-29,1798.0,1623.83,,,,22.2,80.9,27.0,3.1
2018-01-30,852.33,771.0,,,,22.8,83.8,25.0,3.4
2018-01-31,1874.67,1294.33,,,,26.0,72.3,25.0,4.4
2018-02-01,1461.83,1167.17,,,,34.2,90.9,23.0,4.0
2018-02-02,1448.0,959.5,,,,32.3,81.4,23.0,3.1
2018-02-03,608.5,591.67,,,,24.7,88.3,23.0,5.0
2018-02-04,2679.17,2517.67,,,,29.1,90.6,22.0,2.6
2018-02-05,1057.5,501.5,,,,53.6,91.7,24.0,2.0
2018-02-06,1663.67,1239.33,,,,25.5,88.8,23.0,3.1
2018-02-07,1186.33,923.33,,,,30.7,79.5,24.0,4.0
2018-02-08,341.0,295.0,,,,18.7,73.6,22.0,3.9
2018-02-09,2550.67,1964.17,,,,11.8,90.3,20.0,3.5
2018-02-10,2133.5,1728.17,,,,18.7,92.1,22.0,3.4
2018-02-11,912.4,743.33,,,,14.5,92.4,24.0,3.5
2018-02-12,3953.67,3348.33,,,,19.2,92.5,26.0,2.9
2018-02-13,3071.33,2816.83,,,,23.7,92.7,24.0,2.2
2018-02-14,3303.5,2683.17,,,,20.4,91.6,25.0,3.1
2018-02-15,1767.5,1356.67,,,,22.4,88.6,27.0,2.6
2018-02-16,3068.5,2488.17,,,,25.2,87.4,28.0,2.4
2018-02-17,2181.5,1707.17,,,,31.1,88.6,27.0,2.3
2018-02-18,1149.67,933.33,,,,25.1,89.8,26.0,2.2
2018-02-19,2747.5,2434.0,,,,35.2,90.2,27.0,1.9
2018-02-20,4152.0,3544.67,,,,49.2,91.3,27.0,5.7
2018-02-21,1995.0,1449.75,,,,30.8,87.9,23.0,4.1
2018-02-22,2652.0,2167.83,,,,23.9,87.5,22.0,4.6
2018-02-23,4496.33,3468.5,,,,21.9,89.0,23.0,2.0
2018-02-24,2925.5,2280.67,,,,18.7,86.4,23.0,1.2
2018-02-25,1002.67,812.33,,,,20.0,87.6,25.0,2.4
2018-02-26,3122.83,2409.67,,,,17.2,86.6,24.0,3.7
2018-02-27,2804.83,2383.0,,,,21.5,84.7,24.0,3.6
2018-02-28,1143.5,931.0,,,,23.1,78.4,22.0,4.1
2018-03-01,1013.83,833.5,,,,18.6,83.5,23.0,3.9
2018-03-02,1484.33,1288.33,,,,26.6,87.2,24.0,3.4
2018-03-03,1097.83,872.0,,,,33.8,74.3,24.0,4.1
2018-03-04,988.17,958.67,,,,30.4,82.3,25.0,2.7
2018-03-05,4927.5,3820.17,,,,27.9,88.5,27.0,1.7
2018-03-06,4073.83,3390.0,,,,27.1,86.5,26.0,1.8
2018-03-07,1945.67,1543.17,,,,11.0,87.8,24.0,4.0
2018-03-08,3567.5,3103.0,,,,16.3,89.7,22.0,3.5
2018-03-09,4580.17,3613.5,,,,26.3,87.8,25.0,2.2
2018-03-10,1307.33,1024.17,,,,16.5,73.5,23.0,2.3
2018-03-11,1016.17,815.17,,,,18.8,78.1,22.0,3.8
2018-03-12,2235.83,1740.0,,,,21.7,87.9,18.0,2.6
2018-03-13,557.5,511.5,,,,24.7,78.5,22.0,4.8
2018-03-14,1092.83,788.67,,,,23.8,85.8,22.0,2.3
2018-03-15,5213.67,4451.83,,,,22.0,86.0,21.0,2.3
2018-03-16,5015.6,3998.6,,,,24.2,87.1,23.0,2.6
2018-03-17,3000.0,2462.33,,,,22.5,89.3,22.0,3.0
2018-03-18,658.83,472.0,,,,17.8,70.5,22.0,3.3
2018-03-19,1847.0,1588.67,,,,27.0,82.2,23.0,2.8
2018-03-20,2123.67,1731.33,,,,24.0,89.5,23.0,3.1
2018-03-21,3898.5,3080.17,,,,25.8,89.4,23.0,2.7
2018-03-22,6235.25,4957.0,,,,22.3,90.7,23.0,2.1
2018-03-23,4079.83,3514.0,,,,19.8,89.0,21.0,3.1
2018-03-24,1121.0,852.83,,,,20.4,90.4,22.0,3.4
2018-03-25,1489.6,1010.4,,,,15.2,90.9,22.0,1.2
2018-03-26,2941.67,2303.83,,,,19.1,90.2,24.0,3.1
2018-03-27,9570.8,7343.4,,,,18.7,91.4,23.0,2.0
2018-03-28,6209.0,5098.0,,,,20.8,86.2,23.0,2.4
2018-03-29,2599.33,1818.67,,,,24.8,87.7,24.0,3.2
2018-03-30,1687.5,1236.83,,,,15.9,89.4,24.0,2.7
2018-03-31,3284.5,2599.0,,,,14.4,87.6,22.0,3.6
2018-04-01,1233.67,571.33,,,,26.9,84.3,22.0,1.5
2018-04-02,2151.17,1755.0,,,,17.8,78.9,21.0,1.2
2018-04-03,1777.5,1455.67,,,,22.0,82.9,23.0,2.9
2018-04-04,3387.5,2461.0,,,,19.4,88.8,24.0,3.5
2018-04-05,2224.0,1842.0,,,,28.5,85.0,22.0,1.8
2018-04-06,6504.4,5596.8,,,,31.4,89.2,22.0,1.4
2018-04-07,2315.0,1017.67,,,,20.9,85.3,22.0,3.8
2018-04-08,1385.67,1031.83,,,,20.4,88.9,21.0,4.1
2018-04-09,4502.83,3926.67,,,,19.9,85.2,21.0,3.4
2018-04-10,337.83,266.17,,,,36.3,83.6,21.0,10.4
2018-04-11,1261.67,1059.17,,,,63.7,82.7,12.0,3.4
2018-04-12,761.17,599.67,,,,39.4,60.1,12.0,1.6
2018-04-13,2145.8,1640.4,,,,57.1,,,
2018-04-14,1730.33,949.17,,,,37.5,,,
2018-04-15,2607.2,2116.5,,,,36.7,,,
2018-04-16,673.67,476.17,,,,42.6,,,
2018-04-17,1301.0,1170.0,,,,46.4,84.1,22.0,4.5
2018-04-18,584.33,513.33,,,,25.6,83.9,18.0,5.0
2018-04-19,4885.75,3889.5,,,,28.2,79.1,19.0,3.1
2018-04-20,3177.17,1812.67,,,,16.2,84.6,19.0,4.2
2018-04-21,663.67,581.5,,,,15.4,86.5,20.0,4.5
2018-04-22,1706.33,1186.0,,,,25.2,83.8,19.0,2.6
2018-04-23,3337.83,2579.0,,,,26.0,75.9,18.0,1.5
2018-04-24,3654.75,1565.67,,,,16.9,86.8,18.0,2.4
2018-04-25,5323.67,2497.5,,,,20.0,87.2,20.0,1.4
2018-04-26,7401.5,5792.5,,,,24.5,87.8,19.0,1.2
2018-04-27,7373.33,5737.0,,,,31.3,88.7,19.0,3.5
2018-04-28,729.17,1063.67,,,,23.7,90.9,19.0,5.3
2018-04-29,973.0,724.67,,,,24.1,90.5,21.0,3.5
2018-04-30,4593.0,3922.67,,,,16.9,90.1,19.0,3.1
2018-05-01,2067.67,1704.17,,,,20.3,87.8,21.0,2.7
2018-05-02,6676.17,5294.67,,,,17.6,83.5,20.0,2.4
2018-05-03,5511.2,3745.33,,,,26.9,85.9,17.0,2.2
2018-05-04,8905.33,5066.17,,,,32.9,89.6,19.0,1.7
2018-05-05,10106.67,5188.0,,,,33.1,88.8,19.0,1.7
2018-05-06,9144.8,4652.2,,,,34.0,89.6,19.0,2.7
2018-05-07,1085.67,614.83,,,,30.1,83.1,18.0,2.5
2018-05-08,2872.0,2397.5,,,,37.1,79.3,19.0,2.5
2018-05-09,4800.83,3233.0,,,,31.2,88.3,20.0,2.1
2018-05-10,2685.5,2175.5,,,,23.7,91.0,19.0,2.2
2018-05-11,6894.4,5324.2,,,,31.5,88.2,20.0,2.1
2018-05-12,3270.17,2676.17,,,,14.6,90.7,18.0,1.4
2018-05-13,1545.67,1098.83,,,,17.9,90.9,22.0,2.2
2018-05-14,5887.0,4317.6,,,,28.8,90.9,22.0,2.2
2018-05-15,6647.17,4840.67,,,,24.7,91.0,21.0,2.6
2018-05-16,4731.5,3506.33,,,,62.5,91.1,20.0,4.3
2018-05-17,5161.17,2859.33,,,,15.2,89.5,17.0,2.9
2018-05-18,8653.33,4530.6,,,,31.4,85.9,18.0,3.4
2018-05-19,3981.67,2334.67,,,,26.5,89.0,18.0,3.1
2018-05-20,2078.5,1288.17,,,,14.7,90.7,18.0,3.2
2018-05-21,6962.2,4469.8,,,,22.1,90.6,19.0,4.7
2018-05-22,1047.5,696.83,,,,24.9,91.0,18.0,2.8
2018-05-23,1145.5,777.5,,,,18.0,87.2,15.0,4.4
2018-05-24,485.17,301.5,,,,22.2,82.7,16.0,4.8
2018-05-25,4064.33,2223.83,,,,28.2,87.2,16.0,4.4
2018-05-26,950.83,603.83,,,,20.5,90.0,15.0,2.7
2018-05-27,596.83,347.17,,,,16.4,81.5,16.0,3.9
2018-05-28,10414.17,4862.17,,,,34.8,87.8,12.0,1.7
2018-05-29,15700.5,8098.2,,,,85.1,87.3,14.0,1.2
2018-05-30,19915.5,8768.4,,,,51.7,89.6,13.0,1.3
2018-05-31,15516.2,6891.0,,,,37.8,90.3,15.0,1.6
2018-06-01,10291.6,6728.75,,,,37.3,90.4,15.0,2.1
2018-06-02,1103.33,646.17,,,,22.8,79.1,16.0,3.8
2018-06-03,4146.2,1967.0,,,,17.1,90.2,16.0,3.2
2018-06-04,2065.0,1078.83,,,,19.4,90.2,16.0,3.7
2018-06-05,850.5,357.5,,,,34.2,90.9,16.0,2.9
2018-06-06,7191.83,3511.17,,,,40.1,88.8,14.0,2.1
2018-06-07,1724.0,1108.33,,,,15.9,85.6,13.0,2.3
2018-06-08,14387.83,7882.17,,,,32.1,87.8,16.0,2.1
2018-06-09,10132.75,5404.5,,,,29.0,90.3,16.0,1.7
2018-06-10,10560.5,4874.75,,,,34.0,90.7,14.0,1.4
2018-06-11,2458.83,1803.0,,,,22.7,87.6,12.0,1.7
2018-06-12,698.0,416.33,,,,25.4,85.8,15.0,4.3
2018-06-13,4233.2,2602.6,,,,32.3,87.0,16.0,3.6
2018-06-14,9898.6,5349.2,,,,36.9,88.7,16.0,3.3
2018-06-15,14627.5,6188.33,,,,56.2,90.0,17.0,2.6
2018-06-16,2841.67,1792.5,,,,20.4,91.1,18.0,3.4
2018-06-17,10050.2,4333.5,,,,42.1,88.4,17.0,2.6
2018-06-18,7684.17,4962.5,,,,28.3,89.8,18.0,5.3
2018-06-19,7541.17,5884.5,,,,26.6,89.7,17.0,1.8
2018-06-20,4729.67,2964.5,,,,20.0,89.6,12.0,3.3
2018-06-21,3277.33,1729.83,,,,12.4,82.8,13.0,4.6
2018-06-22,14753.4,7431.2,,,,38.9,87.0,14.0,1.2
2018-06-23,11665.6,4863.5,,,,33.5,89.2,15.0,2.6
2018-06-24,5897.83,2533.17,,,,29.2,91.1,15.0,4.1
2018-06-25,3392.5,2688.0,,,,15.8,90.2,13.0,4.2
2018-06-26,4632.17,2080.67,,,,29.5,85.3,12.0,4.9
2018-06-27,17620.17,8077.67,,,,51.5,90.5,14.0,1.1
2018-06-28,14411.17,6684.5,,,,47.0,90.5,14.0,2.4
2018-06-29,20556.4,8003.0,,,,50.0,91.0,13.0,1.8
2018-06-30,14383.83,6081.17,,,,36.8,91.0,14.0,1.4
2018-07-01,7171.33,3161.83,,,,27.2,88.4,13.0,2.3
2018-07-02,3738.83,2359.5,,,,25.5,86.4,16.0,3.9
2018-07-03,11340.0,4599.17,,,,40.0,90.0,14.0,1.9
2018-07-04,15584.0,7945.6,,,,33.4,90.3,14.0,1.8
2018-07-05,8062.17,5677.33,,,,29.7,80.6,13.0,2.0
2018-07-06,13378.0,6994.2,,,,41.6,89.1,14.0,1.4
2018-07-07,12198.67,5100.67,,,,38.5,89.1,15.0,3.3
2018-07-08,8999.8,3773.2,,,,26.7,89.8,17.0,4.4
2018-07-09,560.17,492.33,,,,25.5,86.9,16.0,5.6
2018-07-10,1781.5,1494.67,,,,30.2,81.0,14.0,5.1
2018-07-11,13788.4,6612.2,,,,37.0,88.1,15.0,3.3
2018-07-12,14145.33,6679.33,,,,35.8,90.1,16.0,1.6
2018-07-13,11924.5,5936.83,,,,33.6,90.6,14.0,1.6
2018-07-14,4160.17,1931.17,,,,19.0,90.2,15.0,3.8
2018-07-15,12332.33,5023.83,,,,34.2,90.9,14.0,3.9
2018-07-16,5109.83,3187.67,,,,22.9,91.1,16.0,3.4
2018-07-17,11308.67,6691.4,,,,41.1,90.7,16.0,2.9
2018-07-18,13906.0,6040.4,,,,32.1,90.8,16.0,2.3
2018-07-19,0.0,0.0,,,,24.1,90.7,16.0,3.2
2018-07-20,0.0,0.0,,,,51.8,90.8,15.0,3.1
2018-07-21,9832.4,5241.0,,,,34.4,90.1,16.0,1.6
2018-07-22,4382.67,2564.83,,,,34.9,88.9,15.0,3.4
2018-07-23,9428.8,7960.8,,,,30.9,90.1,15.0,1.9
2018-07-24,13242.33,8408.33,,,,45.6,90.4,14.0,1.0
2018-07-25,9122.0,7608.5,,,,39.6,90.8,14.0,4.3
2018-07-26,6091.67,4537.67,,,,32.2,,,
2018-07-27,7588.8,5901.2,,,,30.0,,,
2018-07-28,10980.8,5662.2,,,,50.8,,,
2018-07-29,8638.0,4179.0,,,,34.6,,,
2018-07-30,6781.2,3884.2,,,,22.9,85.1,8.0,0.4
2018-07-31,7321.5,4887.83,,,,28.2,88.2,15.0,2.4
2018-08-01,7313.0,6554.17,,,,27.9,89.8,16.0,2.4
2018-08-02,6609.4,5398.8,,,,22.9,90.2,16.0,1.9
2018-08-03,9955.6,5738.8,,,,35.4,90.0,15.0,1.2
2018-08-04,9029.5,5664.5,,,,31.1,91.1,16.0,1.4
2018-08-05,3525.0,1971.5,,,,25.6,88.3,14.0,2.3
2018-08-06,8629.2,6036.2,,,,27.4,90.3,15.0,2.0
2018-08-07,6780.5,4825.83,,,,24.4,90.6,17.0,1.6
2018-08-08,5449.0,5091.67,,,,27.6,90.4,15.0,2.4
2018-08-09,7126.6,4164.2,,,,29.8,90.0,16.0,3.4
2018-08-10,12041.0,5792.6,,,,38.4,89.4,16.0,1.2
2018-08-11,6964.5,5109.2,,,,27.5,91.0,16.0,2.1
2018-08-12,5553.2,3492.4,,,,22.5,90.4,16.0,1.8
2018-08-13,5840.83,5029.67,,,,23.0,89.7,15.0,3.2
2018-08-14,275.0,256.17,,,,32.6,89.6,12.0,3.4
2018-08-15,384.17,295.0,,,,64.5,69.9,15.0,4.4
2018-08-16,932.17,1050.17,,,,24.2,81.4,16.0,4.0
2018-08-17,3289.8,2178.4,,,,26.9,86.0,15.0,3.5
2018-08-18,5201.4,2734.2,,,,37.3,86.1,15.0,3.8
2018-08-19,8541.0,5233.33,,,,37.9,90.1,14.0,2.6
2018-08-20,34959.0,34179.75,,,,33.8,90.2,17.0,3.2
2018-08-21,8880.5,9170.67,,,,60.7,89.0,14.0,4.6
2018-08-22,34456.0,37333.0,,,,57.9,88.3,15.0,5.5
2018-08-23,7863.83,7344.5,,,,27.0,88.5,14.0,3.8
2018-08-24,2747.0,1739.83,,,,28.4,88.3,15.0,3.0
2018-08-25,495.33,305.0,,,,20.2,78.2,15.0,4.3
2018-08-26,2567.2,3297.0,,,,24.3,79.3,14.0,2.3
2018-08-27,8744.67,8798.0,,,,24.6,86.5,16.0,1.4
2018-08-28,6372.17,6007.5,,,,24.2,89.9,16.0,3.2
2018-08-29,35962.33,37799.33,,,,30.1,90.4,17.0,4.5
2018-08-30,10614.8,10311.2,,,,24.4,91.1,16.0,2.9
2018-08-31,27332.67,27687.0,,,,40.1,90.8,17.0,3.5
2018-09-01,3170.0,2607.5,,,,17.7,90.2,17.0,3.1
2018-09-02,479.8,397.33,,,,32.1,89.9,16.0,6.2
2018-09-03,15067.67,13689.67,,,,71.3,86.5,14.0,3.4
2018-09-04,45475.75,49439.5,,,,35.0,90.4,13.0,2.1
2018-09-05,8491.2,8778.6,,,,23.6,77.2,15.0,1.7
2018-09-06,3546.5,3682.0,,,,16.3,85.2,13.0,2.3
2018-09-07,1119.5,1284.0,,,,27.3,74.4,15.0,2.3
2018-09-08,726.33,651.33,,,,16.0,71.1,17.0,2.7
2018-09-09,431.0,395.0,,,,14.7,69.1,14.0,4.2
2018-09-10,20361.5,28884.75,,,,21.3,84.2,15.0,2.4
2018-09-11,4251.33,2258.17,,,,25.4,84.7,17.0,2.1
2018-09-12,14707.83,14714.17,,,,29.4,89.3,18.0,1.4
2018-09-13,1477.83,752.17,,,,19.4,87.3,15.0,2.4
2018-09-14,3113.17,2245.83,,,,15.8,79.3,17.0,3.2
2018-09-15,4140.5,2979.83,,,,24.6,87.0,18.0,2.5
2018-09-16,2232.67,1227.83,,,,14.9,79.1,17.0,3.1
2018-09-17,3448.67,3191.17,,,,19.3,88.3,20.0,3.5
2018-09-18,3238.67,3464.17,,,,16.3,89.7,17.0,3.1
2018-09-19,1485.6,1370.5,,,,13.1,87.6,18.0,5.5
2018-09-20,1849.83,2003.83,,,,18.4,80.5,20.0,2.4
2018-09-21,2005.17,1940.0,,,,19.7,84.3,17.0,3.0
2018-09-22,4717.33,2510.0,,,,26.1,88.2,17.0,2.5
2018-09-23,1814.67,1430.67,,,,18.8,88.2,16.0,2.9
2018-09-24,913.83,806.0,,,,17.2,86.2,16.0,5.0
2018-09-25,234.83,264.0,,,,23.9,71.8,13.0,6.5
2018-09-26,234.83,214.33,,,,22.8,74.7,15.0,4.7
2018-09-27,1844.0,1224.83,,,,16.4,82.3,15.0,3.2
2018-09-28,3336.33,2370.67,,,,21.1,88.9,16.0,3.4
2018-09-29,3994.33,2350.0,,,,16.9,87.0,16.0,3.3
2018-09-30,2420.33,1567.0,,,,14.8,87.2,18.0,3.3
2018-10-01,3448.17,3555.83,,,,16.6,85.3,18.0,2.9
2018-10-02,1784.5,1688.83,,,,15.3,88.5,18.0,2.5
2018-10-03,1508.67,1576.67,,,,17.9,87.3,18.0,1.8
2018-10-04,2755.5,2759.33,,,,17.6,87.6,17.0,1.9
2018-10-05,3868.83,3931.33,,,,18.5,89.2,19.0,2.2
2018-10-06,1027.67,1016.83,,,,18.2,85.9,19.0,3.2
2018-10-07,1696.83,1871.67,,,,21.3,88.5,19.0,3.6
2018-10-08,1174.0,970.83,,,,18.9,85.1,19.0,2.9
2018-10-09,3832.4,3203.8,,,,16.4,86.0,16.0,2.7
2018-10-10,3229.75,2871.0,,,,14.8,80.8,16.0,3.4
2018-10-11,3460.33,3378.67,,,,23.4,87.1,18.0,3.3
2018-10-12,248.17,247.0,,,,32.3,87.3,16.0,6.2
2018-10-13,823.83,659.67,,,,19.5,81.4,14.0,4.7
2018-10-14,1778.33,1030.17,,,,30.5,83.7,15.0,2.3
2018-10-15,6584.0,6392.0,,,,0.0,88.3,19.0,2.6
2018-10-16,3372.0,3450.0,,,,0.0,87.1,15.0,3.5
2018-10-17,145.33,141.5,,,,0.0,80.6,15.0,3.9
2018-10-18,1602.83,1484.5,,,,0.0,86.0,16.0,2.3
2018-10-19,3920.83,4215.17,,,,0.0,88.7,19.0,2.9
2018-10-20,3850.8,2276.4,,,,0.0,86.9,21.0,3.2
2018-10-21,1750.0,1409.17,,,,0.0,85.3,20.0,3.3
2018-10-22,2179.5,2041.17,,,,0.0,87.7,20.0,2.6
2018-10-23,8925.2,8934.4,,,,0.0,87.0,19.0,2.9
2018-10-24,6780.6,6199.0,,,,0.0,88.0,20.0,2.4
2018-10-25,3705.17,3660.5,,,,0.0,82.4,19.0,4.3
2018-10-26,866.0,793.33,,,,0.0,87.4,18.0,3.3
2018-10-27,1156.83,1162.67,,,,0.0,89.2,21.0,3.2
2018-10-28,788.5,580.33,,,,0.0,89.4,19.0,3.2
2018-10-29,4477.33,5135.0,,,,0.0,86.6,17.0,4.9
2018-10-30,1161.6,1069.2,,,,0.0,83.1,15.0,3.6
2018-10-31,10176.0,11040.5,,,,0.0,87.3,20.0,3.5
2018-11-01,482.5,509.0,,,,0.0,78.8,15.0,5.9
2018-11-02,2037.83,2043.17,,,,0.0,70.2,18.0,4.1
2018-11-03,144.83,170.17,,,,0.0,85.1,19.0,5.7
2018-11-04,190.0,148.0,,,,0.0,88.0,17.0,6.1
2018-11-05,486.5,527.33,,,,0.0,76.9,18.0,4.7
2018-11-06,5209.83,5015.17,,,,0.0,83.1,21.0,2.8
2018-11-07,5432.0,5029.8,,,,0.0,87.8,22.0,3.3
2018-11-08,3048.67,3151.83,,,,0.0,89.3,21.0,3.7
2018-11-09,9989.0,9390.5,,,,0.0,88.7,23.0,3.4
2018-11-10,3749.5,1778.0,,,,0.0,86.6,18.0,2.7
2018-11-11,1518.33,1173.33,,,,0.0,88.8,19.0,2.5
2018-11-12,776.0,801.0,,,,0.0,89.7,19.0,2.4
2018-11-13,2328.25,2226.5,,,,0.0,87.5,21.0,3.1
2018-11-14,2152.5,1924.5,,,,0.0,86.0,21.0,3.3
2018-11-15,2171.75,2041.0,,,,0.0,79.5,20.0,3.2
2018-11-16,1714.0,1803.0,38.0,27.7,55.6,0.0,,,
2018-11-17,1441.67,1284.67,17.5,15.6,29.9,0.0,,,
2018-11-18,935.33,873.67,14.1,10.3,24.4,0.0,,,
2018-11-19,481.5,519.5,6.4,14.1,16.5,0.0,,,
2018-11-20,1262.5,1458.33,32.9,29.9,62.8,0.0,,,
2018-11-21,1907.33,2357.0,49.7,40.2,66.5,0.0,0.0,0.0,0.0
2018-11-22,2105.33,2202.83,53.2,30.6,83.8,0.0,82.0,19.0,2.7
2018-11-23,1835.67,1816.2,67.2,32.1,88.5,0.0,87.0,21.0,2.8
2018-11-24,917.6,965.0,10.1,14.6,24.3,0.0,90.0,18.0,3.1
2018-11-25,497.0,489.17,3.7,10.0,13.4,0.0,90.8,22.0,3.5
2018-11-26,1628.17,1688.17,33.4,23.8,57.3,49.1,89.5,22.0,3.6
2018-11-27,0.0,0.0,37.3,36.1,63.7,20.2,89.6,22.0,2.4
2018-11-28,212.0,193.33,35.7,22.9,58.6,27.2,84.7,23.0,4.2
2018-11-29,2881.33,3012.0,51.6,24.7,76.3,28.6,87.6,22.0,2.8
2018-11-30,720.33,760.0,11.4,11.3,22.7,23.7,81.5,20.0,4.8
2018-12-01,400.67,402.0,5.6,6.9,12.4,31.4,87.7,19.0,5.1
2018-12-02,367.0,393.83,5.8,6.5,11.9,30.4,87.9,22.0,3.8
2018-12-03,1120.67,1350.67,16.0,25.2,41.3,21.6,88.8,20.0,4.3
2018-12-04,2843.67,3009.17,39.2,30.6,69.8,26.6,90.4,21.0,5.3
2018-12-05,252.5,284.83,2.4,12.6,14.9,31.1,83.4,20.0,5.1
2018-12-06,1375.17,1583.67,23.3,31.4,54.7,24.1,82.5,17.0,5.0
2018-12-07,1041.67,1003.5,20.8,19.2,38.4,25.2,87.3,19.0,2.6
2018-12-08,520.67,480.83,7.3,11.6,18.5,25.4,83.1,21.0,3.2
2018-12-09,266.0,248.5,5.3,5.2,10.2,34.1,74.9,22.0,2.4
2018-12-10,235.67,227.33,2.2,4.6,6.0,29.1,80.0,21.0,3.1
2018-12-11,1989.5,2293.17,41.4,26.2,66.9,29.6,86.2,23.0,2.8
2018-12-12,1327.17,1308.83,22.2,22.9,41.5,17.4,85.0,22.0,2.0
2018-12-13,1202.5,1097.5,14.9,11.1,26.0,21.7,82.5,23.0,2.0
2018-12-14,2164.17,2401.67,39.4,21.4,54.7,22.7,87.2,23.0,3.1
2018-12-15,673.83,720.5,10.0,13.7,19.3,15.8,88.9,22.0,2.8
2018-12-16,631.33,558.0,10.6,14.3,18.0,188.6,88.4,25.0,2.5
2018-12-17,1030.8,967.83,14.8,20.5,32.4,14.8,86.5,25.0,2.4
2018-12-18,1016.33,1060.0,21.6,16.3,36.0,18.8,83.9,25.0,2.9
2018-12-19,411.83,447.5,3.4,12.4,15.8,15.9,88.0,22.0,4.0
2018-12-20,489.83,543.5,4.1,11.7,14.0,26.0,90.0,21.0,4.3
2018-12-21,215.17,235.67,9.6,11.4,19.6,20.6,87.0,21.0,4.8
2018-12-22,486.17,446.67,10.9,11.1,19.3,14.1,86.0,22.0,2.5
2018-12-23,677.0,749.67,15.5,13.1,28.6,12.4,90.6,20.0,2.6
2018-12-24,2095.83,1983.67,22.9,34.7,57.6,8.3,91.7,20.0,3.8
2018-12-25,505.0,382.33,5.3,7.5,12.1,15.1,90.6,20.0,4.4
2018-12-26,156.83,156.17,1.9,2.4,4.3,34.3,86.6,21.0,4.2
2018-12-27,236.67,279.0,5.2,6.1,10.9,32.7,74.1,21.0,2.2
2018-12-28,669.0,469.33,23.8,17.1,40.9,24.8,81.4,23.0,2.1
2018-12-29,833.67,804.67,12.5,10.0,22.5,24.3,86.1,24.0,2.1
2018-12-30,414.83,416.0,3.6,5.6,7.1,16.6,87.4,24.0,2.9
2018-12-31,222.33,267.17,2.8,9.7,12.6,21.4,83.6,22.0,2.9
2019-01-01,843.17,914.5,3.0,4.2,7.2,23.1,77.7,22.0,1.7
2019-01-02,768.83,610.17,1.3,5.4,5.7,14.5,85.0,23.0,3.3
2019-01-03,402.33,445.17,2.2,8.2,10.5,21.7,83.5,23.0,3.7
2019-01-04,108.83,115.67,1.7,3.5,4.7,31.9,78.7,23.0,3.8
2019-01-05,593.75,354.83,3.6,9.4,10.5,35.6,84.8,24.0,3.4
2019-01-06,495.0,316.5,17.6,8.0,25.7,20.1,86.3,24.0,3.3
2019-01-07,464.67,505.33,8.9,11.2,20.1,26.6,77.9,25.0,3.0
2019-01-08,788.67,944.83,10.2,13.3,23.5,17.4,78.5,25.0,2.1
2019-01-09,1285.67,1291.83,24.0,16.4,37.4,22.5,82.0,25.0,3.0
2019-01-10,1427.67,1310.17,17.9,10.7,26.2,23.8,85.4,27.0,3.4
2019-01-11,1430.33,1433.5,47.0,13.5,60.5,23.6,88.2,26.0,3.5
2019-01-12,729.67,744.33,9.9,9.6,17.6,22.6,77.9,26.0,2.9
2019-01-13,389.5,434.33,5.5,10.2,15.7,30.3,80.5,25.0,3.1
2019-01-14,316.83,315.33,1.9,7.9,8.2,24.8,86.4,21.0,4.0
2019-01-15,1054.5,1104.17,18.1,16.2,33.1,18.0,89.4,20.0,1.5
2019-01-16,823.5,919.5,34.5,16.7,51.2,28.5,87.3,24.0,3.0
2019-01-17,487.0,460.83,8.2,6.9,15.1,25.0,76.7,23.0,3.3
2019-01-18,335.33,452.0,1.9,5.7,7.6,20.8,82.7,23.0,2.9
2019-01-19,344.17,417.67,3.1,7.9,10.4,20.7,84.8,25.0,4.4
2019-01-20,86.33,107.67,1.2,3.0,3.0,30.8,84.7,23.0,4.6
2019-01-21,81.33,96.33,0.4,3.0,3.1,28.8,71.8,23.0,4.2
2019-01-22,526.83,468.17,5.0,3.8,8.8,30.8,71.7,23.0,2.7
2019-01-23,339.17,319.83,2.9,6.1,8.3,22.6,78.6,24.0,3.8
2019-01-24,683.5,765.67,9.3,10.3,18.0,32.7,87.7,22.0,3.4
2019-01-25,2228.0,2497.67,78.1,32.1,98.7,29.3,86.1,23.0,1.9
2019-01-26,942.17,815.0,10.0,10.4,19.7,18.4,80.6,22.0,2.9
2019-01-27,734.33,526.5,15.9,8.7,21.8,15.2,83.8,23.0,4.0
2019-01-28,214.83,167.5,1.6,1.0,2.0,16.5,88.3,25.0,2.6
2019-01-29,854.17,1045.83,14.1,16.9,28.1,27.9,82.1,29.0,3.0
2019-01-30,1180.33,1233.17,13.5,20.4,32.3,29.2,80.5,27.0,2.8
2019-01-31,2132.5,1984.5,36.6,17.6,50.8,31.6,84.8,26.0,2.7
2019-02-01,2355.5,2438.67,27.7,22.3,43.5,28.5,82.3,25.0,2.6
2019-02-02,1554.17,1317.5,22.4,14.6,33.8,34.0,86.4,26.0,2.3
2019-02-03,381.67,343.17,6.3,8.0,11.5,28.1,74.0,24.0,3.3
2019-02-04,1402.83,1516.5,29.2,21.9,51.1,30.1,83.7,26.0,2.6
2019-02-05,1967.5,2107.33,45.4,20.2,57.0,28.0,86.2,27.0,1.9
2019-02-06,913.33,901.0,20.7,11.5,28.0,19.6,86.6,27.0,2.3
2019-02-07,730.17,693.83,13.3,17.9,27.9,17.7,73.3,21.0,3.2
2019-02-08,807.17,863.5,15.1,19.2,32.3,20.3,69.1,22.0,3.2
2019-02-09,921.83,885.67,10.0,15.4,25.5,24.0,75.4,24.0,3.2
2019-02-10,577.8,566.6,7.7,10.7,16.5,19.7,84.6,26.0,2.3
2019-02-11,3583.67,3717.5,66.8,27.5,91.3,20.1,82.6,27.0,3.5
2019-02-12,551.0,508.17,4.0,8.5,10.4,20.6,87.9,26.0,3.7
2019-02-13,2642.83,2906.33,60.9,21.6,82.5,19.6,86.4,26.0,1.7
2019-02-14,2930.33,3079.33,71.1,18.8,86.6,30.9,86.7,27.0,2.4
2019-02-15,2529.33,2818.67,53.2,18.3,66.4,24.1,85.9,26.0,2.1
2019-02-16,557.83,524.17,4.6,13.5,14.3,25.1,76.0,23.0,3.0
2019-02-17,1059.0,1074.33,14.8,11.3,24.7,28.2,84.7,25.0,3.2
2019-02-18,1291.5,1290.33,22.9,19.3,38.0,20.7,87.6,24.0,2.6
2019-02-19,1478.5,1547.17,32.4,21.7,53.8,21.2,80.5,25.0,2.0
2019-02-20,2936.0,3039.4,59.1,25.6,84.7,20.8,85.3,25.0,2.2
2019-02-21,972.0,1015.67,14.4,16.4,29.0,23.9,83.5,26.0,3.5
2019-02-22,1384.0,1483.67,17.7,27.1,41.3,23.7,88.9,23.0,2.4
2019-02-23,903.67,747.0,9.5,11.5,18.2,20.0,90.7,21.0,1.4
2019-02-24,444.0,362.25,5.7,11.7,13.9,21.7,81.4,22.0,3.9
2019-02-25,972.5,936.0,18.6,17.0,35.5,29.6,63.5,22.0,3.9
2019-02-26,1243.83,1368.5,31.8,34.0,65.8,14.3,69.4,23.0,2.2
2019-02-27,3595.83,3916.0,70.6,25.7,96.4,20.8,84.3,23.0,2.2
2019-02-28,900.83,766.17,6.4,24.0,25.2,28.8,81.8,21.0,2.1
2019-03-01,12375.0,3923.17,25.3,34.8,57.2,23.4,74.1,22.0,1.8
2019-03-02,2012.0,1761.83,16.9,19.5,36.4,19.4,82.5,23.0,2.4
2019-03-03,2600.5,1695.33,24.2,17.8,42.0,18.4,79.9,25.0,4.0
2019-03-04,3183.67,3308.5,90.4,25.7,110.0,23.9,85.4,25.0,1.6
2019-03-05,1180.67,1259.67,13.7,14.3,26.7,17.9,82.2,22.0,1.6
2019-03-06,4176.67,4151.67,97.9,27.4,125.4,24.3,86.9,25.0,2.2
2019-03-07,3185.5,3081.5,80.6,30.7,100.8,28.5,88.9,24.0,3.0
2019-03-08,4155.83,4021.5,84.3,27.5,102.3,15.8,90.6,22.0,3.5
2019-03-09,1198.17,1238.17,19.8,20.1,36.6,26.1,90.3,20.0,2.5
2019-03-10,453.17,374.33,4.9,13.3,16.5,19.2,83.8,24.0,2.1
2019-03-11,4489.33,4795.83,98.4,26.7,120.6,17.8,88.6,24.0,3.0
2019-03-12,1851.5,1954.67,43.3,23.8,56.1,19.7,85.7,24.0,2.1
2019-03-13,1819.83,1848.67,36.7,27.0,63.7,18.8,85.8,25.0,3.4
2019-03-14,2857.4,2952.0,84.4,31.0,98.5,19.1,88.9,26.0,2.0
2019-03-15,2823.5,2914.5,60.6,25.5,78.0,16.7,88.8,25.0,2.6
2019-03-16,1859.0,1836.83,25.0,23.8,43.8,19.6,86.8,25.0,2.0
2019-03-17,1498.0,1298.83,18.1,12.2,28.6,23.8,86.5,25.0,2.9
2019-03-18,2439.83,2569.17,31.3,29.9,61.2,22.7,88.2,24.0,2.5
2019-03-19,1889.83,2008.0,40.8,23.8,52.4,18.6,89.3,20.0,1.5
2019-03-20,3467.8,3363.6,41.4,29.0,61.2,21.0,88.9,23.0,1.5
2019-03-21,3241.67,3308.33,64.1,27.2,76.0,26.8,88.6,25.0,2.3
2019-03-22,3303.67,3394.5,74.9,23.7,94.9,21.6,87.7,24.0,1.9
2019-03-23,3290.0,2891.17,58.8,18.3,72.0,24.4,88.9,24.0,1.2
2019-03-24,1240.33,1240.0,19.7,15.4,30.1,14.8,87.7,23.0,2.3
2019-03-25,3714.83,3749.17,72.7,28.2,95.6,19.0,86.0,24.0,2.9
2019-03-26,4167.8,4227.6,77.7,31.8,103.2,24.2,87.5,24.0,3.3
2019-03-27,5781.5,5531.0,114.5,26.6,138.0,25.0,85.7,24.0,2.7
2019-03-28,1585.2,1436.0,15.2,23.2,34.5,19.1,89.7,21.0,1.9
2019-03-29,1425.67,1438.83,19.1,29.4,47.3,14.1,87.8,24.0,3.2
2019-03-30,800.17,822.33,11.4,18.6,30.0,21.2,77.7,23.0,3.1
2019-03-31,602.17,359.83,6.2,10.2,12.5,32.2,82.9,24.0,4.0
2019-04-01,1337.6,1480.0,17.5,22.4,39.9,28.8,89.3,23.0,3.0
2019-04-02,593.17,561.17,5.9,15.3,17.3,20.6,88.1,21.0,1.9
2019-04-03,1815.33,1784.17,31.2,34.4,64.2,15.8,85.2,18.0,2.1
2019-04-04,2620.83,2592.33,59.9,32.7,91.2,21.3,84.9,21.0,1.4
2019-04-05,2630.0,2777.17,110.5,31.6,142.1,14.8,82.8,21.0,2.1
2019-04-06,1684.33,1455.33,27.9,28.2,54.3,11.9,89.9,17.0,1.9
2019-04-07,1017.17,758.67,1.6,7.9,9.5,7.1,87.4,18.0,1.5
2019-04-08,0.0,0.0,,,,0.0,0.0,0.0,1.2
2019-04-09,2862.67,2395.83,29.9,29.4,58.1,13.9,84.3,19.0,2.2
2019-04-10,2363.33,2523.0,117.6,32.1,143.3,18.7,88.2,22.0,2.7
2019-04-11,2173.25,2178.5,111.7,27.7,133.3,27.2,86.8,20.0,4.0
2019-04-12,1538.33,1221.83,7.8,22.7,30.5,25.3,81.3,19.0,3.9
2019-04-13,2452.4,2063.2,28.3,29.7,58.0,20.8,84.9,17.0,2.1
2019-04-14,2267.33,2078.67,27.7,22.3,44.7,21.1,85.6,19.0,2.0
2019-04-15,4376.67,4686.17,81.7,32.5,99.7,20.0,89.4,20.0,1.4
2019-04-16,5499.5,4908.67,79.2,44.9,111.1,23.7,87.8,20.0,1.6
2019-04-17,3827.67,3774.33,90.4,29.1,119.5,14.7,87.2,20.0,1.6
2019-04-18,4561.8,3428.17,71.0,52.2,108.3,21.1,86.6,20.0,2.3
2019-04-19,3513.8,2738.0,19.8,28.5,40.6,24.4,88.3,20.0,1.4
2019-04-20,3529.6,2855.33,35.4,21.5,52.5,28.3,87.4,21.0,1.5
2019-04-21,2497.67,1990.5,,,,17.4,88.0,21.0,2.7
2019-04-22,1981.33,1501.0,,,,14.3,90.2,17.0,2.5
2019-04-23,2619.6,2371.6,0.0,0.0,0.0,17.2,90.6,18.0,2.2
2019-04-24,3811.67,3878.33,3.5,6.6,10.2,18.1,89.5,20.0,1.9
2019-04-25,946.83,918.83,12.2,21.1,33.3,17.4,85.4,21.0,2.3
2019-04-26,1184.6,909.6,10.9,24.0,34.9,16.8,86.5,20.0,2.8
2019-04-27,1721.4,977.67,4.4,15.0,16.4,17.8,90.5,21.0,2.9
2019-04-28,2594.33,1720.17,8.8,26.7,31.0,19.9,89.4,19.0,2.4
2019-04-29,4424.25,3996.0,55.5,37.9,93.4,30.9,89.9,18.0,3.8
2019-04-30,3274.5,2134.33,14.0,26.7,40.2,23.9,77.9,18.0,2.3
2019-05-01,7307.17,6296.5,123.3,35.1,153.4,40.0,86.5,17.0,1.4
2019-05-02,7188.2,7052.67,151.1,46.5,187.0,34.4,88.4,18.0,1.7
2019-05-03,8834.4,8537.0,174.6,39.6,214.2,26.1,88.6,20.0,2.0
2019-05-04,7658.0,5395.2,34.0,36.3,58.0,32.4,90.0,20.0,2.0
2019-05-05,5712.83,5373.17,48.0,37.1,64.5,19.0,89.6,20.0,2.0
2019-05-06,9220.67,6104.17,96.4,49.9,120.0,28.7,89.6,18.0,1.8
2019-05-07,5093.6,5029.6,67.6,44.9,104.0,23.1,90.0,19.0,2.6
2019-05-08,6604.2,6779.4,106.8,48.1,134.6,25.6,88.9,20.0,2.4
2019-05-09,6289.67,6415.33,119.5,35.7,148.5,20.6,90.1,21.0,3.1
2019-05-10,3915.67,2910.67,35.4,36.9,63.0,23.6,89.7,21.0,2.8
2019-05-11,4862.0,3811.75,30.0,43.3,60.4,20.2,90.7,19.0,1.8
2019-05-12,2858.17,2134.33,25.7,14.0,37.8,24.4,90.9,20.0,5.4
2019-05-13,1189.0,1036.25,5.8,22.9,27.2,50.0,81.9,18.0,6.0
2019-05-14,9926.25,9990.25,105.6,40.9,143.4,37.4,84.9,16.0,1.2
2019-05-15,2018.0,1303.6,17.8,17.6,28.3,31.3,85.3,19.0,4.9
2019-05-16,134.67,229.5,0.4,3.8,3.9,23.3,81.1,18.0,3.7
2019-05-17,3848.5,2676.25,17.9,33.9,51.8,28.9,80.2,17.0,2.8
2019-05-18,5682.2,3665.4,13.7,31.3,36.1,22.3,87.2,17.0,2.9
2019-05-19,1262.33,740.67,4.9,16.3,21.2,24.2,86.9,18.0,3.6
2019-05-20,627.17,470.33,1.5,9.2,9.9,22.4,82.3,16.0,1.9
2019-05-21,2266.67,1696.83,10.3,28.7,37.2,22.0,87.7,17.0,1.9
2019-05-22,2503.5,2703.17,32.9,36.0,68.6,20.0,88.1,17.0,1.9
2019-05-23,3651.0,2710.17,68.2,44.1,87.8,19.0,89.9,18.0,0.9
2019-05-24,6855.67,6167.83,122.2,50.7,158.9,27.6,89.9,18.0,1.9
2019-05-25,6568.0,4555.8,80.1,44.8,102.2,29.2,89.7,19.0,1.4
2019-05-26,3762.33,2854.83,34.3,45.9,68.9,32.4,88.8,18.0,2.0
2019-05-27,5701.5,4714.0,57.9,42.3,99.0,24.2,88.5,20.0,2.7
2019-05-28,3060.0,2016.0,28.9,28.1,46.1,27.9,90.2,20.0,5.2
2019-05-29,5828.83,4768.33,52.8,40.7,73.9,33.4,87.4,19.0,4.5
2019-05-30,5504.6,4992.6,168.2,41.8,202.6,24.9,89.4,20.0,3.2
2019-05-31,1323.17,1119.83,6.7,19.8,26.5,19.9,88.6,17.0,4.7
2019-06-01,234.67,186.67,0.3,3.3,3.5,16.4,76.0,14.0,4.6
2019-06-02,7398.83,4427.17,21.3,30.2,51.6,30.0,89.1,14.0,2.1
2019-06-03,7954.67,4646.67,33.4,28.4,49.5,30.0,89.1,15.0,1.3
2019-06-04,5533.33,4639.0,83.6,40.0,111.6,21.4,85.5,16.0,2.6
2019-06-05,7461.67,3805.5,22.7,42.7,64.8,44.5,89.7,16.0,3.4
2019-06-06,1346.17,805.33,2.4,7.8,10.2,20.9,90.2,14.0,3.8
2019-06-07,1223.0,1133.5,11.0,26.3,37.4,25.7,88.0,13.0,2.1
2019-06-08,335.0,294.33,0.4,2.1,2.5,41.8,74.0,16.0,4.7
2019-06-09,8401.6,4499.4,22.7,35.2,46.3,42.0,79.6,17.0,2.1
2019-06-10,7479.0,4397.6,42.4,42.1,61.9,32.9,87.3,16.0,2.3
2019-06-11,7515.5,5243.33,85.5,40.7,118.2,35.1,89.9,17.0,1.8
2019-06-12,7875.0,6769.67,158.9,50.9,192.2,36.1,89.5,16.0,2.2
2019-06-13,8580.4,5545.0,80.9,57.2,114.5,29.8,90.7,14.0,1.5
2019-06-14,8180.0,7194.75,164.6,44.0,198.8,25.4,90.9,17.0,1.9
2019-06-15,489.83,306.83,1.2,4.5,5.3,14.7,87.0,17.0,3.1
2019-06-16,850.83,865.33,1.1,6.2,7.3,18.9,79.7,16.0,3.8
2019-06-17,645.83,533.17,0.8,11.9,12.4,16.1,77.2,15.0,3.6
2019-06-18,12880.8,8639.33,118.2,52.2,170.3,41.4,87.6,15.0,1.5
2019-06-19,12857.5,8669.0,164.9,55.5,197.5,48.5,89.9,14.0,1.7
2019-06-20,5454.5,4844.5,88.3,49.3,134.7,24.3,88.7,15.0,3.9
2019-06-21,6801.0,4489.0,20.4,38.3,58.7,25.0,89.6,16.0,2.1
2019-06-22,10361.8,5815.6,77.4,30.7,105.7,37.8,89.6,14.0,1.0
2019-06-23,7792.8,4382.6,11.9,29.4,41.4,28.1,89.6,16.0,4.4
2019-06-24,6352.17,5537.0,120.7,53.8,171.5,34.9,89.5,16.0,1.5
2019-06-25,10882.8,7613.0,43.6,43.7,79.1,32.5,87.8,15.0,1.4
2019-06-26,16494.4,7946.2,130.6,36.8,156.5,51.6,89.9,15.0,0.9
2019-06-27,13157.75,8174.5,123.7,67.6,149.3,38.4,90.1,15.0,1.3
2019-06-28,12525.2,8559.67,179.7,59.4,224.7,38.9,89.6,15.0,1.6
2019-06-29,10696.67,6862.17,58.5,44.8,96.4,32.8,88.4,15.0,1.8
2019-06-30,6405.17,3735.75,29.9,36.4,61.7,23.1,88.5,15.0,2.1
2019-07-01,6270.5,5621.5,103.4,41.5,144.4,22.0,89.4,17.0,2.3
2019-07-02,1221.83,1270.17,12.8,19.5,31.6,21.8,86.9,16.0,3.3
2019-07-03,1444.17,1437.0,12.9,22.3,33.6,30.4,89.1,18.0,2.8
2019-07-04,2860.83,2749.5,28.3,49.7,78.0,22.1,90.9,16.0,2.0
2019-07-05,6536.0,3256.0,58.5,45.2,95.3,23.3,89.6,12.0,1.8
2019-07-06,15538.8,7986.4,60.7,36.8,96.6,49.2,90.2,14.0,1.6
2019-07-07,6432.33,3344.17,59.4,20.3,78.1,27.0,90.2,14.0,1.8
2019-07-08,3385.83,1981.83,5.6,21.8,27.3,25.9,87.2,14.0,3.2
2019-07-09,16250.33,8435.17,112.0,41.8,143.9,48.2,90.4,14.0,2.5
2019-07-10,5965.6,4384.0,101.3,37.5,138.9,22.4,90.7,16.0,2.7
2019-07-11,7711.67,4698.83,35.4,41.5,61.2,26.4,90.9,16.0,2.9
2019-07-12,8991.5,8008.83,135.2,41.9,177.1,26.7,91.2,15.0,3.3
2019-07-13,2509.83,1810.5,9.5,23.1,32.2,24.1,88.7,17.0,4.0
2019-07-14,3771.0,2240.4,29.3,25.3,49.1,25.7,90.3,16.0,3.7
2019-07-15,2892.83,2548.5,27.0,53.4,80.4,22.5,84.8,15.0,3.2
2019-07-16,1705.17,966.4,5.4,13.5,16.6,23.0,87.5,15.0,4.4
2019-07-17,492.0,411.33,0.8,6.2,6.3,28.7,79.1,15.0,5.4
2019-07-18,10357.4,6217.83,120.5,66.3,186.8,33.7,89.3,16.0,3.2
2019-07-19,4637.2,2727.17,20.3,26.4,38.1,23.3,91.2,15.0,3.4
2019-07-20,7516.0,4318.17,23.4,42.4,65.8,30.2,89.1,15.0,3.7
2019-07-21,8961.5,4915.6,27.2,36.8,53.4,32.3,90.9,15.0,2.3
2019-07-22,11747.0,10174.67,116.3,45.7,141.9,37.3,90.1,16.0,1.5
2019-07-23,10310.33,6878.5,146.9,34.0,172.4,35.1,90.0,15.0,1.2
2019-07-24,13340.5,8967.25,133.5,50.4,157.0,40.9,90.4,14.0,1.8
2019-07-25,11409.0,7457.0,96.3,55.1,120.7,39.8,90.6,15.0,1.6
2019-07-26,2679.6,1563.0,16.6,39.6,53.3,17.7,90.1,16.0,2.3
2019-07-27,6308.67,4302.33,25.9,41.3,63.8,28.0,87.6,17.0,2.7
2019-07-28,5421.5,4326.33,27.0,34.3,59.4,23.4,88.2,16.0,2.7
2019-07-29,6393.0,5978.4,107.6,60.1,167.7,20.6,89.7,17.0,2.3
2019-07-30,831.17,602.83,2.9,15.2,18.1,16.4,90.8,16.0,4.1
2019-07-31,3700.83,2107.33,22.4,49.7,72.0,15.0,88.6,13.0,3.8
2019-08-01,4145.83,3423.5,63.4,46.4,109.7,23.8,89.4,13.0,2.3
2019-08-02,385.17,384.0,0.4,3.5,3.8,29.3,80.0,15.0,6.4
2019-08-03,280.17,231.83,0.1,1.8,1.6,33.0,79.4,13.0,4.6
2019-08-04,146.5,164.5,0.2,1.4,1.7,23.8,82.8,15.0,6.3
2019-08-05,377.17,380.83,1.2,4.2,5.4,29.5,70.2,12.0,4.9
2019-08-06,2992.33,1584.17,1.5,22.1,23.6,25.3,84.7,14.0,4.0
2019-08-07,2489.5,2532.83,62.4,46.6,109.0,13.8,88.1,15.0,4.2
2019-08-08,3659.67,3779.17,55.9,76.6,132.5,20.0,89.8,15.0,2.3
2019-08-09,2414.4,2263.8,26.0,48.5,74.6,14.7,90.5,16.0,3.4
2019-08-10,1546.33,1364.67,8.9,25.8,31.5,31.3,86.2,18.0,5.3
2019-08-11,487.5,427.0,2.4,6.2,8.6,38.6,82.9,19.0,4.3
2019-08-12,318.67,280.5,0.5,4.2,4.5,29.4,87.7,16.0,6.0
2019-08-13,510.33,413.0,0.5,5.7,6.0,22.0,87.7,15.0,5.8
2019-08-14,3144.5,1906.83,13.6,38.2,51.1,21.2,79.5,15.0,4.2
2019-08-15,5919.5,4950.75,99.2,44.2,143.0,23.5,87.6,14.0,2.0
2019-08-16,2950.0,2720.67,41.0,54.3,95.4,13.9,88.4,15.0,3.6
2019-08-17,1604.0,1039.17,4.6,16.5,21.1,16.7,88.0,16.0,4.2
2019-08-18,3364.83,2470.0,13.3,27.6,38.8,15.6,89.7,11.0,2.5
2019-08-19,2369.67,2313.5,43.5,42.2,85.6,16.5,76.9,13.0,2.7
2019-08-20,4081.33,2886.67,12.0,39.2,51.2,20.2,89.6,14.0,4.4
2019-08-21,625.33,481.5,1.0,8.4,9.4,20.5,88.9,15.0,3.9
2019-08-22,1138.5,1009.0,5.3,23.8,27.9,29.0,86.4,15.0,5.7
2019-08-23,4039.0,3879.0,50.8,54.6,105.4,15.3,89.1,13.0,2.7
2019-08-24,556.17,337.5,2.3,4.7,7.0,25.1,80.1,15.0,3.7
2019-08-25,422.0,318.33,0.4,3.1,3.4,25.5,79.4,16.0,4.2
2019-08-26,192.83,164.17,0.6,2.8,3.1,30.0,81.1,16.0,6.2
2019-08-27,2444.17,2024.67,3.2,22.6,25.8,25.9,77.1,15.0,2.6
2019-08-28,8963.4,6875.0,34.8,43.2,78.0,28.8,85.8,15.0,2.9
2019-08-29,4276.67,3641.5,78.8,33.8,99.7,26.7,89.5,16.0,4.2
2019-08-30,5909.0,4824.83,92.7,31.1,121.4,19.1,88.6,16.0,3.5
2019-08-31,5082.0,3742.83,16.2,28.6,44.8,22.6,87.9,14.0,1.8
2019-09-01,4293.8,2545.17,25.4,26.6,37.1,25.2,89.3,16.0,1.7
2019-09-02,5136.83,4287.67,74.7,45.0,99.9,24.3,88.3,17.0,1.7
2019-09-03,2856.67,1976.33,10.7,23.2,28.1,16.9,90.1,16.0,3.8
2019-09-04,1062.67,1112.33,13.7,23.0,36.7,28.4,90.4,17.0,3.9
2019-09-05,2045.67,1836.33,13.4,27.8,38.0,22.5,87.3,17.0,3.7
2019-09-06,942.6,607.6,1.0,5.2,5.3,25.9,81.6,14.0,5.4
2019-09-07,1314.17,1194.33,1.6,11.7,13.3,29.1,83.1,16.0,4.5
2019-09-08,908.5,803.67,5.0,14.2,19.2,33.0,88.9,17.0,5.0
2019-09-09,3724.67,3914.17,65.9,42.8,108.8,37.4,89.8,17.0,3.0
2019-09-10,1346.5,1373.67,21.4,36.2,57.6,10.4,88.3,14.0,3.1
2019-09-11,1190.83,1212.0,23.8,22.5,44.6,19.9,84.4,15.0,2.8
2019-09-12,199.67,174.5,0.7,8.0,8.0,22.0,77.9,16.0,3.0
2019-09-13,853.33,683.17,2.4,16.7,19.1,19.0,84.3,16.0,4.1
2019-09-14,892.83,784.0,7.4,15.9,22.9,30.9,86.8,17.0,3.6
2019-09-15,2837.83,1981.17,17.1,33.1,37.4,23.4,87.9,17.0,3.4
2019-09-16,2837.33,1937.67,51.8,24.8,76.6,15.8,89.1,17.0,3.6
2019-09-17,419.5,330.83,1.9,4.5,5.2,23.3,83.8,17.0,4.4
2019-09-18,4687.83,2400.33,13.7,32.0,45.3,26.6,76.2,17.0,1.9
2019-09-19,2495.17,1742.67,18.4,33.7,51.9,37.8,88.6,16.0,1.7
2019-09-20,5237.0,3133.5,90.5,41.3,123.5,27.6,88.4,16.0,2.0
2019-09-21,3755.75,2632.75,37.5,23.1,60.6,22.3,87.3,18.0,1.8
2019-09-22,2135.17,1880.17,5.7,11.3,17.0,21.1,88.1,16.0,1.5
2019-09-23,238.17,251.83,0.4,11.9,12.1,16.8,76.1,17.0,4.0
2019-09-24,345.33,380.5,1.1,11.0,12.1,23.9,87.6,16.0,5.7
2019-09-25,186.5,158.33,1.0,3.3,3.9,32.3,73.5,15.0,6.0
2019-09-26,494.67,479.83,6.3,12.8,19.0,25.4,71.7,13.0,5.4
2019-09-27,1507.17,1554.67,0.9,3.7,3.9,24.8,80.1,16.0,5.1
2019-09-28,706.67,533.5,1.7,9.2,9.3,16.8,82.3,16.0,3.7
2019-09-29,2457.75,2239.83,29.6,25.8,55.4,32.4,86.7,18.0,4.0
2019-09-30,720.17,817.67,7.5,18.8,26.3,24.4,82.5,17.0,5.7
2019-10-01,259.5,247.83,1.0,5.0,6.0,21.0,81.6,14.0,6.0
2019-10-02,95.83,103.33,0.7,1.6,2.1,35.1,80.5,14.0,6.6
2019-10-03,785.25,745.5,2.9,17.0,18.8,27.5,85.5,14.0,3.7
2019-10-04,1652.33,1819.67,22.2,40.4,62.5,21.5,86.1,16.0,2.8
2019-10-05,1562.0,1359.4,2.7,14.0,16.7,18.7,86.2,16.0,4.3
2019-10-06,601.5,571.33,4.6,17.9,21.2,20.6,84.2,17.0,3.6
2019-10-07,881.5,894.0,11.2,22.8,33.6,20.1,88.5,16.0,3.0
2019-10-08,2073.6,1883.0,25.2,24.0,49.2,19.1,89.8,18.0,3.4
2019-10-09,3639.33,3739.5,75.1,24.8,93.1,13.9,89.1,21.0,3.0
2019-10-10,1018.67,1114.67,12.3,19.6,31.5,23.3,85.8,19.0,3.4
2019-10-11,1523.17,1470.33,15.5,30.4,45.9,20.1,88.7,19.0,2.0
2019-10-12,1601.67,954.83,10.8,22.2,26.1,25.6,88.9,19.0,1.9
2019-10-13,2000.5,1395.83,17.4,26.4,43.8,24.2,84.1,19.0,1.2
2019-10-14,621.33,652.0,8.9,17.3,26.2,18.6,87.4,15.0,5.7
2019-10-15,889.83,938.17,11.2,17.7,24.7,16.6,90.3,17.0,6.3
2019-10-16,82.67,106.83,0.6,2.1,2.6,28.3,81.3,17.0,4.6
2019-10-17,446.67,450.17,1.5,10.2,11.4,24.0,85.3,17.0,3.9
2019-10-18,2093.33,2167.83,30.6,34.3,64.9,19.3,88.8,19.0,4.2
2019-10-19,150.83,174.67,1.1,3.5,4.5,30.0,87.2,18.0,4.8
2019-10-20,1786.33,731.33,0.9,12.9,13.7,21.8,79.8,18.0,3.1
2019-10-21,3255.17,2256.33,34.7,26.9,61.6,26.5,87.0,17.0,5.1
2019-10-22,102.67,90.5,0.9,1.8,2.5,29.1,82.0,16.0,4.9
2019-10-23,125.5,123.0,1.1,1.9,2.5,29.4,79.2,15.0,6.5
2019-10-24,202.5,209.5,2.0,4.5,6.6,31.8,80.5,16.0,6.4
2019-10-25,111.17,134.83,0.9,2.9,3.8,32.0,68.3,15.0,5.0
2019-10-26,291.0,444.0,1.4,4.6,6.0,27.1,78.6,17.0,3.4
2019-10-27,469.67,507.5,5.7,12.5,18.2,22.8,84.9,21.0,3.5
2019-10-28,537.33,358.83,2.4,7.7,10.1,19.3,85.1,20.0,3.9
2019-10-29,487.17,487.83,7.1,14.5,15.6,17.4,87.1,17.0,1.9
2019-10-30,201.17,253.67,4.8,5.6,10.4,27.7,70.8,17.0,3.1
2019-10-31,210.0,267.75,3.5,6.7,10.2,28.5,80.3,19.0,3.0
2019-11-01,79.33,118.83,0.8,2.2,2.8,24.0,64.5,16.0,3.8
2019-11-02,854.83,554.5,5.1,13.7,16.8,29.8,79.0,18.0,3.5
2019-11-03,1142.33,1320.17,19.5,20.2,39.7,34.6,84.4,25.0,2.6
2019-11-04,2838.5,2621.5,45.6,24.4,70.0,20.4,83.4,25.0,2.7
2019-11-05,2877.6,2720.5,55.2,26.1,80.3,117.7,82.3,27.0,2.1
2019-11-06,4002.0,2514.5,38.6,31.4,59.0,36.8,78.0,25.0,2.1
2019-11-07,2040.67,2138.0,31.8,27.0,58.8,27.3,81.5,24.0,2.9
2019-11-08,1814.5,1902.67,35.0,27.0,55.5,28.9,86.2,23.0,3.4
2019-11-09,717.17,659.67,6.7,9.3,16.0,26.4,82.4,21.0,4.1
2019-11-10,454.17,514.17,7.1,7.9,15.0,21.2,89.2,22.0,3.5
2019-11-11,710.5,624.17,10.3,17.2,27.5,22.6,82.0,18.0,2.9
2019-11-12,1003.67,1099.33,16.4,20.5,36.6,20.4,83.3,17.0,3.2
2019-11-13,1488.33,1745.17,36.7,26.5,63.2,23.5,84.1,18.0,4.1
2019-11-14,609.0,642.5,3.5,17.4,20.8,27.8,87.4,19.0,4.9
2019-11-15,745.67,741.83,8.7,23.3,30.4,31.5,78.9,18.0,5.3
2019-11-16,459.0,435.0,3.2,13.3,16.5,30.5,84.9,20.0,4.7
2019-11-17,567.83,613.67,2.2,7.1,8.2,39.3,86.6,23.0,2.9
2019-11-18,984.5,690.0,3.2,13.5,13.6,31.1,88.4,20.0,5.1
2019-11-19,1836.17,1870.5,53.5,22.7,76.2,21.4,89.0,18.0,2.8
2019-11-20,3624.0,3496.0,53.9,40.5,94.4,22.8,84.2,19.0,3.9
2019-11-21,418.5,492.0,8.1,10.8,18.5,25.3,75.6,18.0,1.9
2019-11-22,668.33,702.5,16.7,19.6,36.3,23.2,84.9,20.0,2.8
2019-11-23,1385.17,1161.83,7.5,11.3,15.0,26.6,79.9,21.0,1.9
2019-11-24,858.17,769.83,5.6,7.7,13.3,26.5,79.3,22.0,2.2
2019-11-25,758.67,810.33,12.7,14.0,26.7,26.5,81.1,24.0,1.8
2019-11-26,1118.0,1061.0,10.4,17.6,28.1,31.2,84.7,22.0,3.1
2019-11-27,1782.2,1757.2,26.7,23.7,50.4,38.8,82.6,24.0,2.6
2019-11-28,1718.4,1786.33,18.9,25.3,39.9,42.1,78.0,21.0,1.9
2019-11-29,1829.0,1441.0,18.7,23.1,38.4,29.6,78.0,23.0,2.5
2019-11-30,2017.33,2097.5,33.5,20.0,53.5,18.0,85.4,23.0,3.0
2019-12-01,1220.17,1302.67,15.2,12.1,24.6,18.0,84.5,23.0,3.6
2019-12-02,2816.17,2813.67,33.5,16.9,50.3,18.7,85.9,23.0,4.2
2019-12-03,1099.83,1053.5,15.8,17.2,33.0,37.3,81.8,25.0,5.9
2019-12-04,1080.67,967.5,4.7,24.0,28.7,35.3,87.6,24.0,3.6
2019-12-05,1790.67,1824.0,23.7,25.8,49.5,52.7,85.1,25.0,3.7
2019-12-06,1802.0,1600.83,20.9,26.3,47.2,66.1,87.5,25.0,2.8
2019-12-07,1148.5,992.83,7.9,10.6,18.5,42.8,87.5,24.0,4.0
2019-12-08,940.33,809.0,4.0,9.0,10.6,20.3,84.6,26.0,4.6
2019-12-09,445.83,376.67,8.0,10.7,18.7,22.2,83.2,20.0,1.9
2019-12-10,869.83,780.33,11.6,14.5,23.4,19.1,76.3,23.0,2.5
2019-12-11,1361.5,1405.33,20.4,25.6,46.0,21.9,82.4,23.0,2.1
2019-12-12,988.83,1113.0,17.0,15.7,32.7,33.3,82.6,25.0,3.7
2019-12-13,1589.67,1728.33,24.8,21.9,46.7,19.2,85.1,21.0,4.3
2019-12-14,871.83,904.5,0.9,15.8,16.7,30.4,88.3,22.0,3.2
2019-12-15,1043.83,951.5,7.4,10.9,16.6,27.3,81.9,22.0,2.4
2019-12-16,1055.83,1220.17,13.1,17.5,30.0,18.0,84.8,24.0,2.9
2019-12-17,1533.83,1730.0,21.4,26.4,40.2,19.1,89.2,21.0,2.8
2019-12-18,104.67,92.17,1.9,2.9,3.4,36.8,87.9,19.0,6.8
2019-12-19,388.0,464.0,3.2,20.1,23.3,27.5,73.0,20.0,3.4
2019-12-20,302.17,366.5,6.1,12.7,18.8,31.6,82.0,21.0,6.0
2019-12-21,461.83,441.5,8.2,9.3,17.5,19.4,85.5,20.0,1.9
2019-12-22,2152.0,709.5,5.4,7.2,11.2,21.2,73.4,20.0,2.0
2019-12-23,308.0,388.17,7.9,8.9,14.6,29.1,79.5,20.0,2.1
2019-12-24,1122.4,1055.0,14.7,13.9,27.8,30.1,81.2,22.0,3.3
2019-12-25,1937.83,1451.67,0.4,10.4,10.9,27.9,79.4,21.0,2.7
2019-12-26,1512.33,946.5,14.0,13.9,27.6,29.9,83.7,22.0,3.1
2019-12-27,523.5,371.83,7.7,10.6,17.8,20.2,86.4,22.0,2.2
2019-12-28,474.5,683.83,0.7,3.6,3.6,28.8,85.9,20.0,2.6
2019-12-29,69.67,75.83,0.8,3.2,3.6,27.7,67.6,20.0,2.6
2019-12-30,364.33,328.5,0.7,5.7,6.4,21.7,84.3,20.0,3.8
2019-12-31,2817.17,1564.67,5.9,15.3,17.7,35.0,80.1,23.0,2.5
2020-01-01,4113.8,2612.4,4.9,14.5,19.4,71.5,84.5,21.0,2.8
2020-01-02,186.67,178.67,2.1,7.7,8.0,16.5,77.5,22.0,3.1
2020-01-03,463.33,405.83,0.4,1.6,1.6,27.9,83.8,22.0,4.1
2020-01-04,166.17,168.17,0.3,0.6,0.8,27.2,65.9,19.0,4.2
2020-01-05,156.0,144.5,0.4,1.8,2.2,33.2,79.4,19.0,4.2
2020-01-06,577.5,552.83,5.9,12.3,17.7,38.4,88.4,19.0,5.4
2020-01-07,96.33,118.17,0.5,1.4,1.9,34.1,69.3,19.0,3.6
2020-01-08,605.83,660.5,11.0,18.6,29.6,21.7,81.9,19.0,2.4
2020-01-09,312.5,296.67,3.4,7.1,9.3,22.2,72.7,20.0,3.4
2020-01-10,228.0,243.83,1.8,2.9,4.6,21.2,73.9,21.0,3.2
2020-01-11,2154.67,1031.0,15.9,12.8,27.2,19.1,83.6,24.0,2.2
2020-01-12,944.83,792.83,12.6,11.7,20.2,20.0,84.1,26.0,2.8
2020-01-13,2313.0,2058.4,39.4,24.3,62.2,18.8,79.9,25.0,3.6
2020-01-14,1157.4,993.6,12.2,19.0,31.0,29.9,84.8,21.0,2.8
2020-01-15,1151.83,1283.33,15.4,17.8,32.6,18.8,82.3,23.0,2.4
2020-01-16,1707.0,1961.33,36.0,28.7,59.8,14.8,79.1,23.0,2.4
2020-01-17,982.67,1141.0,19.1,18.7,37.2,22.3,78.3,23.0,2.1
2020-01-18,681.5,552.17,14.0,13.4,25.1,17.7,83.5,24.0,2.3
2020-01-19,816.67,862.0,7.9,11.4,19.3,21.6,81.3,27.0,1.9
2020-01-20,2250.5,2140.17,36.2,20.6,56.7,21.7,82.3,27.0,4.2
2020-01-21,1442.0,731.33,1.7,9.4,9.8,34.7,82.0,24.0,3.1
2020-01-22,1689.0,1624.67,17.8,21.6,39.4,10.6,81.0,22.0,2.4
2020-01-23,1124.83,1243.17,25.9,11.2,37.0,14.3,83.9,24.0,3.0
2020-01-24,1446.83,1382.5,13.7,16.9,30.6,20.8,87.6,26.0,3.1
2020-01-25,499.17,570.5,6.9,11.6,18.5,18.3,84.6,25.0,1.7
2020-01-26,436.67,432.67,4.5,6.4,11.0,26.4,79.0,27.0,1.4
2020-01-27,393.67,453.83,5.7,10.3,11.0,20.5,78.5,26.0,1.7
2020-01-28,852.17,1010.67,15.9,11.5,27.4,17.5,85.7,24.0,3.4
2020-01-29,769.33,829.83,6.8,12.4,19.2,15.9,86.8,25.0,3.3
2020-01-30,814.0,931.5,8.0,18.0,26.0,19.7,86.1,26.0,4.9
2020-01-31,1235.33,1312.17,12.8,24.7,37.5,15.8,82.0,26.0,3.3
2020-02-01,1067.17,1006.67,8.2,8.1,16.3,33.3,83.7,26.0,2.9
2020-02-02,251.5,175.17,0.9,1.6,1.9,18.5,78.5,26.0,3.1
2020-02-03,2009.17,1745.83,16.8,16.0,32.8,16.0,84.0,27.0,3.0
2020-02-04,2839.67,2953.83,36.4,16.9,53.3,25.4,84.7,27.0,4.4
2020-02-05,795.5,870.83,12.4,12.8,25.2,33.4,70.8,22.0,2.3
2020-02-06,505.33,472.67,4.9,11.8,14.5,18.6,73.4,22.0,1.6
2020-02-07,753.83,888.5,9.2,12.3,21.5,30.7,75.5,26.0,2.8
2020-02-08,1843.5,1634.33,27.1,15.6,42.6,25.5,83.8,25.0,3.1
2020-02-09,228.67,264.83,4.8,9.3,11.9,29.8,69.2,22.0,2.2
2020-02-10,1675.67,2056.0,30.2,28.7,58.8,27.8,78.7,23.0,1.4
2020-02-11,1340.0,1486.0,32.7,19.7,49.8,22.3,82.5,24.0,3.0
2020-02-12,2208.5,2022.17,50.1,23.3,66.7,24.2,84.0,27.0,2.8
2020-02-13,2698.83,2596.33,46.3,14.8,59.4,23.1,85.7,25.0,2.5
2020-02-14,4050.6,3864.6,60.0,25.5,73.8,22.4,84.1,27.0,2.6
2020-02-15,474.17,486.33,6.5,7.2,13.5,25.5,74.5,23.0,4.0
2020-02-16,357.67,398.0,4.8,4.8,8.8,41.1,76.0,24.0,3.6
2020-02-17,3133.67,3044.67,43.3,30.1,70.3,24.7,82.7,25.0,2.7
2020-02-18,2350.8,2137.6,30.7,20.8,48.6,24.0,84.0,27.0,2.4
2020-02-19,3314.33,3053.0,33.5,22.6,54.8,44.0,80.3,27.0,2.8
2020-02-20,2196.4,2295.6,58.6,18.1,76.6,21.6,86.2,28.0,1.9
2020-02-21,1826.0,1572.0,25.3,28.2,53.6,24.1,76.0,27.0,3.4
2020-02-22,733.0,842.5,4.9,12.7,17.6,33.3,88.4,23.0,3.2
2020-02-23,271.83,293.67,2.5,13.5,15.7,21.8,80.4,21.0,2.8
2020-02-24,791.4,851.67,10.2,16.0,26.2,10.8,68.7,25.0,2.3
2020-02-25,2887.0,3019.5,65.5,32.7,98.2,22.9,80.8,25.0,2.1
2020-02-26,3512.8,3282.4,53.7,23.5,71.3,24.9,85.2,27.0,1.5
2020-02-27,1686.33,1633.25,22.2,26.6,45.6,26.0,84.5,26.0,2.2
2020-02-28,2185.5,2252.5,30.5,26.9,57.4,20.4,83.8,26.0,1.9
2020-02-29,749.0,774.67,17.3,11.3,28.2,21.0,86.9,25.0,3.7
2020-03-01,583.0,627.67,7.5,9.3,15.7,34.7,85.9,25.0,2.9
2020-03-02,733.17,884.83,10.0,16.1,23.2,25.8,72.9,23.0,3.1
2020-03-03,1653.83,1657.83,15.1,27.9,42.9,23.7,85.6,25.0,3.0
2020-03-04,2194.83,2070.33,22.6,17.3,37.2,32.4,90.3,24.0,2.1
2020-03-05,918.0,855.17,13.4,18.5,28.4,22.2,80.0,22.0,2.9
2020-03-06,622.5,728.33,11.8,20.6,27.0,32.7,69.3,22.0,3.0
2020-03-07,4201.83,6529.5,10.5,15.6,26.1,23.1,72.2,23.0,3.0
2020-03-08,731.33,633.67,9.9,12.2,19.4,19.7,83.8,23.0,3.0
2020-03-09,2556.5,2723.33,44.6,24.4,64.8,29.4,88.7,25.0,2.0
2020-03-10,461.33,505.33,1.9,15.4,17.1,41.8,85.0,22.0,4.4
2020-03-11,1016.33,1158.67,11.4,21.4,32.8,17.1,88.1,21.0,3.5
2020-03-12,3168.83,3557.0,52.5,25.2,75.5,16.1,89.4,23.0,2.5
2020-03-13,3459.0,3978.33,73.3,28.3,101.6,14.2,82.8,22.0,2.4
2020-03-14,1930.25,1721.5,18.9,18.1,37.0,18.3,86.0,23.0,2.5
2020-03-15,965.83,915.5,20.9,16.2,32.2,27.7,87.2,25.0,1.6
2020-03-16,2052.5,2377.83,47.3,16.7,63.9,14.9,85.5,21.0,1.0
2020-03-17,827.0,991.17,10.3,13.4,23.6,32.7,78.4,22.0,4.5
2020-03-18,1823.5,1830.67,28.0,34.4,62.5,21.5,75.4,21.0,2.7
2020-03-19,1873.4,1916.2,59.4,23.9,83.3,29.1,82.7,21.0,3.2
2020-03-20,851.0,955.67,9.8,24.0,33.8,25.4,86.3,22.0,2.3
2020-03-21,1679.67,1528.17,27.0,13.6,40.1,23.1,88.1,23.0,2.6
2020-03-22,1541.83,1854.0,3.9,10.4,14.3,27.8,87.0,24.0,4.6
2020-03-23,362.67,269.5,1.0,5.8,6.3,15.7,87.0,22.0,4.4
2020-03-24,415.17,221.67,0.7,5.2,5.1,21.7,82.4,18.0,3.3
2020-03-25,978.0,1165.33,20.5,23.8,44.2,18.3,87.0,21.0,2.2
2020-03-26,1125.6,1241.0,40.3,10.5,50.8,21.7,87.8,21.0,2.8
2020-03-27,809.83,842.5,19.3,16.4,34.2,32.8,88.7,19.0,4.1
2020-03-28,394.33,391.5,1.9,11.3,12.1,17.6,79.9,19.0,2.2
2020-03-29,384.17,301.67,3.6,8.1,11.1,19.0,77.4,21.0,1.8
2020-03-30,1984.33,1204.0,5.8,11.9,16.1,19.6,82.9,21.0,2.0
2020-03-31,1283.0,1112.67,28.2,16.4,42.2,31.3,87.3,24.0,1.1
2020-04-01,1236.5,1095.17,26.0,14.2,40.1,20.4,86.1,24.0,1.8
2020-04-02,1250.0,1079.5,28.5,19.4,48.0,18.7,84.7,23.0,1.6
2020-04-03,1773.0,1655.67,41.8,15.9,56.8,26.2,87.2,22.0,2.2
2020-04-04,1399.83,1226.67,12.5,9.0,20.0,17.9,88.8,22.0,2.1
2020-04-05,506.17,432.17,2.5,8.0,8.7,14.3,84.9,21.0,2.6
2020-04-06,1594.6,1430.2,5.8,13.6,19.4,17.2,82.2,20.0,1.9
2020-04-07,1960.6,2027.83,6.3,18.2,21.6,13.3,83.4,21.0,1.8
2020-04-08,890.83,587.83,6.9,13.3,20.2,15.5,83.5,20.0,3.1
2020-04-09,559.33,413.0,0.8,5.0,4.9,22.6,74.8,18.0,3.0
2020-04-10,1883.17,1326.5,13.7,13.7,26.0,16.5,82.6,19.0,2.2
2020-04-11,2773.17,1897.0,16.7,18.9,22.6,15.9,88.1,20.0,2.0
2020-04-12,1669.0,1010.17,17.5,8.3,25.4,16.6,87.9,22.0,2.8
2020-04-13,60.33,54.83,0.1,0.8,0.7,29.9,88.4,20.0,5.6
2020-04-14,70.17,59.0,0.2,1.4,1.4,30.1,79.1,17.0,5.6
2020-04-15,438.17,311.17,0.2,3.3,3.4,19.0,85.3,17.0,3.6
2020-04-16,62.83,85.33,0.4,1.1,1.3,19.5,79.1,18.0,3.6
2020-04-17,134.5,145.17,0.4,0.3,0.6,25.5,84.2,21.0,5.1
2020-04-18,716.33,535.83,6.1,14.1,20.2,29.6,87.5,21.0,4.4
2020-04-19,641.0,642.67,0.7,5.7,6.0,25.5,90.1,20.0,3.6
2020-04-20,2203.67,1447.33,20.2,17.9,31.5,25.2,90.5,20.0,1.4
2020-04-21,1584.17,1296.5,13.1,20.6,32.3,26.1,90.6,19.0,1.2
2020-04-22,2639.5,2298.5,52.6,18.0,66.8,244.0,90.3,20.0,2.6
2020-04-23,1316.67,1213.67,22.8,15.4,38.2,67.2,87.1,20.0,2.9
2020-04-24,917.5,688.5,6.5,10.9,16.9,20.6,84.9,21.0,1.6
2020-04-25,544.17,445.33,16.3,14.8,31.1,22.2,86.6,20.0,1.7
2020-04-26,2718.83,1952.67,12.6,17.9,29.2,28.3,85.8,21.0,1.2
2020-04-27,1978.33,1351.0,24.2,14.7,32.6,25.1,88.8,21.0,3.0
2020-04-28,1715.17,1342.0,4.2,17.3,20.3,29.3,87.7,19.0,2.2
2020-04-29,3416.0,3456.5,70.3,34.1,88.6,27.4,88.5,20.0,2.7
2020-04-30,2977.5,2873.0,58.9,37.5,81.2,24.9,89.2,19.0,2.2
2020-05-01,3277.17,3065.83,49.1,36.5,85.6,21.8,85.0,19.0,1.7
2020-05-02,2367.6,2048.0,38.1,30.0,68.1,26.8,87.1,20.0,2.8
2020-05-03,510.0,534.33,4.4,9.5,13.6,20.3,90.2,20.0,3.3
2020-05-04,2223.0,1927.67,34.0,24.6,58.6,23.6,90.6,19.0,4.5
2020-05-05,2330.5,2170.83,20.8,37.8,58.6,23.6,76.9,16.0,4.0
2020-05-06,4114.17,2816.67,18.2,26.1,39.8,26.6,80.9,15.0,2.5
2020-05-07,3690.33,3449.33,74.5,29.0,103.2,13.7,88.3,18.0,2.2
2020-05-08,4960.4,2726.0,38.4,35.8,74.2,27.6,85.8,19.0,2.3
2020-05-09,5453.6,3493.0,41.3,23.2,56.1,37.0,89.3,19.0,2.2
2020-05-10,2652.83,1416.5,11.9,16.8,28.8,33.3,88.4,19.0,2.9
2020-05-11,2664.17,2448.67,39.7,38.9,78.6,18.4,81.2,18.0,2.4
2020-05-12,862.33,875.83,9.5,24.0,33.4,48.2,79.2,17.0,3.1
2020-05-13,1692.33,1283.5,13.2,26.5,39.7,19.3,81.0,17.0,3.6
2020-05-14,2786.83,1986.33,21.9,29.6,51.4,15.5,83.5,18.0,2.8
2020-05-15,5730.0,6170.0,57.9,37.5,95.5,24.3,88.1,18.0,1.6
2020-05-16,5027.25,3148.25,25.8,27.3,46.4,27.4,83.3,19.0,1.7
2020-05-17,4637.17,3655.67,9.8,29.4,39.2,21.6,80.8,18.0,2.5
2020-05-18,4034.5,2870.5,40.2,33.9,72.1,20.1,87.3,17.0,2.2
2020-05-19,5970.0,3246.5,30.0,31.2,55.7,24.1,88.2,16.0,1.8
2020-05-20,10055.33,6033.0,46.1,36.0,82.1,24.0,84.8,15.0,1.7
2020-05-21,6246.0,4636.0,46.9,47.8,86.1,24.3,87.4,16.0,1.9
2020-05-22,7982.2,5413.4,52.7,42.2,93.1,29.0,83.4,17.0,2.1
2020-05-23,8472.8,5148.5,62.2,36.9,81.4,34.3,89.4,14.0,2.0
2020-05-24,2520.0,1597.0,16.3,16.2,32.5,19.0,89.4,17.0,3.2
2020-05-25,2101.33,1598.33,13.4,18.2,31.6,14.6,90.3,19.0,3.2
2020-05-26,1665.67,1817.0,28.8,31.5,58.8,14.5,90.8,18.0,2.2
2020-05-27,3110.5,2270.5,16.5,27.9,43.6,14.1,89.7,15.0,2.4
2020-05-28,3536.5,3413.17,67.0,30.1,93.8,28.2,87.9,17.0,2.2
2020-05-29,2699.4,2640.8,45.8,35.5,81.3,18.8,90.2,16.0,1.6
2020-05-30,5698.33,4260.83,27.6,30.9,56.9,22.1,90.2,18.0,1.5
2020-05-31,893.0,741.67,5.7,9.9,15.6,13.9,88.9,16.0,4.2
2020-06-01,605.0,659.33,6.6,6.1,12.7,25.7,89.0,17.0,4.3
2020-06-02,4137.8,2526.33,12.2,27.4,37.2,26.9,87.3,18.0,3.7
2020-06-03,6311.33,5983.83,114.6,29.8,137.7,20.3,90.3,17.0,3.3
2020-06-04,2470.6,1953.4,15.9,31.2,43.8,32.4,85.0,19.0,3.4
2020-06-05,5166.0,5072.5,82.0,44.2,126.3,17.7,89.4,16.0,3.0
2020-06-06,4581.33,3663.67,2.0,15.2,17.2,21.9,87.3,16.0,2.7
2020-06-07,3299.0,2108.0,8.2,25.8,34.0,23.3,89.0,15.0,2.2
2020-06-08,9179.23,5567.11,34.4,42.5,75.6,29.5,88.1,16.0,2.3
2020-06-09,3641.86,3158.47,44.6,30.3,74.9,19.0,89.3,16.0,2.8
2020-06-10,6016.08,5550.7,142.3,42.5,173.2,24.0,89.5,16.0,1.8
2020-06-11,5737.73,3682.44,26.8,29.5,50.2,24.5,88.7,15.0,2.1
2020-06-12,10774.33,6811.48,58.7,49.5,95.1,36.5,88.9,16.0,3.3
2020-06-13,12858.77,8217.44,63.9,28.4,82.8,43.0,90.3,16.0,1.4
2020-06-14,8259.47,5612.18,35.1,31.5,57.1,26.4,88.1,16.0,2.2
2020-06-15,8508.3,6504.29,106.9,53.6,146.4,32.8,90.1,16.0,2.5
2020-06-16,11148.78,7797.26,92.5,53.1,126.5,37.0,89.0,16.0,2.1
2020-06-17,8019.64,5626.71,103.2,45.8,126.8,27.2,89.5,18.0,2.4
2020-06-18,5511.72,3680.83,43.9,39.8,63.7,16.2,89.8,15.0,2.5
2020-06-19,10188.78,7561.75,114.7,47.6,144.4,26.0,90.1,16.0,2.3
2020-06-20,4235.16,3064.36,41.0,36.7,77.7,21.2,90.8,17.0,1.8
2020-06-21,1288.34,1040.33,10.2,13.4,21.3,12.7,88.3,16.0,2.8
2020-06-22,4453.4,3691.22,18.2,44.0,61.6,33.1,78.4,19.0,3.8
2020-06-23,1926.29,1749.68,33.4,38.4,71.8,25.6,86.7,17.0,3.1
2020-06-24,575.52,620.43,7.6,12.7,20.3,19.1,89.5,16.0,4.2
2020-06-25,3387.45,3406.31,58.1,55.8,110.7,15.2,90.7,16.0,3.3
2020-06-26,3569.74,3328.7,80.6,45.8,124.8,17.6,90.1,17.0,4.3
2020-06-27,1183.2,893.07,9.9,16.5,25.6,17.3,90.4,18.0,3.4
2020-06-28,1763.31,1326.62,13.3,24.8,38.1,21.8,85.8,15.0,3.8
2020-06-29,3924.45,3852.27,64.2,41.6,105.8,17.8,89.7,14.0,2.7
2020-06-30,7889.27,5049.26,32.5,40.9,73.5,29.6,90.5,14.0,1.8
2020-07-01,10308.89,6464.7,41.0,45.6,86.6,41.5,82.1,13.0,1.2
2020-07-02,2790.65,2300.58,35.3,39.6,70.2,17.8,88.4,14.0,1.6
2020-07-03,10286.59,6306.71,114.4,45.7,153.1,33.4,88.6,15.0,1.5
2020-07-04,9963.86,4962.45,20.7,28.7,41.0,44.1,82.6,14.0,2.1
2020-07-05,3063.91,1465.95,19.8,12.9,32.5,26.5,88.1,16.0,4.3
2020-07-06,7035.5,4489.67,48.3,55.1,103.4,22.0,89.2,13.0,2.0
2020-07-07,1314.33,1632.83,3.5,13.0,16.3,24.3,86.6,15.0,6.3
2020-07-08,2625.0,1717.83,0.7,9.4,9.9,19.9,86.2,12.0,6.1
2020-07-09,9474.67,5272.5,38.6,33.5,68.4,32.2,87.3,13.0,1.7
2020-07-10,8109.41,4692.2,120.5,42.9,147.2,31.7,89.8,15.0,1.2
2020-07-11,5356.02,4004.42,85.3,28.9,114.2,21.9,90.0,14.0,2.2
2020-07-12,4487.9,2543.35,39.5,13.6,50.6,20.5,90.6,15.0,3.6
2020-07-13,3244.43,1965.3,22.4,32.5,54.8,21.7,88.7,17.0,3.4
2020-07-14,8147.97,4972.07,40.0,42.5,73.7,27.8,90.5,15.0,1.7
2020-07-15,4486.64,2846.04,36.8,42.4,65.6,21.1,91.0,15.0,4.5
2020-07-16,725.01,595.66,7.7,12.3,19.2,12.6,88.4,15.0,4.1
2020-07-17,2123.73,1733.36,16.6,32.6,46.8,14.3,90.1,16.0,2.4
2020-07-18,2949.14,1934.53,23.9,30.8,54.8,23.0,89.8,16.0,1.6
2020-07-19,1623.59,1168.56,4.8,15.9,19.5,14.4,86.1,17.0,3.1
2020-07-20,3085.48,2881.68,31.0,33.4,63.4,14.0,88.0,17.0,2.1
2020-07-21,203.56,180.18,11.4,29.5,38.7,22.6,89.1,16.0,2.7
2020-07-22,266.12,240.83,1.3,3.1,4.5,30.5,84.2,13.0,6.1
2020-07-23,356.92,434.48,0.4,1.3,1.6,27.8,81.1,16.0,6.0
2020-07-24,4425.27,3317.44,2.3,19.3,19.9,25.5,81.2,15.0,2.6
2020-07-25,4230.17,2338.12,5.0,17.6,22.0,29.0,86.6,14.0,1.7
2020-07-26,5984.17,3753.09,10.9,23.7,31.1,23.8,87.3,14.0,1.4
2020-07-27,8123.45,5403.93,97.1,45.2,122.5,27.4,88.5,15.0,2.0
2020-07-28,4780.58,4115.01,84.0,43.8,127.7,34.4,86.2,16.0,3.4
2020-07-29,5058.24,3676.89,65.7,37.4,89.4,16.8,89.5,15.0,2.7
2020-07-30,3661.44,3186.6,63.2,40.5,99.0,15.0,83.8,15.0,2.7
2020-07-31,578.03,682.46,8.6,13.8,22.1,13.1,80.4,15.0,4.1
2020-08-01,529.99,418.32,5.5,6.6,11.9,20.7,81.6,15.0,3.8
2020-08-02,516.03,641.09,5.0,9.1,14.1,26.0,83.6,15.0,3.6
2020-08-03,2307.07,1905.56,12.1,27.2,33.1,16.8,86.2,16.0,2.8
2020-08-04,7708.59,5397.89,85.6,46.1,128.0,27.6,89.5,18.0,1.2
2020-08-05,7080.96,4334.48,85.2,55.9,110.0,32.8,89.0,16.0,1.7
2020-08-06,4310.77,2984.36,73.9,49.5,123.3,24.9,89.3,16.0,3.0
2020-08-07,2042.52,1819.19,5.3,20.8,26.2,21.9,89.7,16.0,4.6
2020-08-08,1305.08,986.23,6.6,16.7,23.3,20.9,84.3,14.0,3.0
2020-08-09,1779.61,1303.73,16.6,14.0,30.6,18.1,87.9,15.0,3.8
2020-08-10,8526.39,5389.13,78.4,43.5,117.5,28.3,88.6,14.0,3.1
2020-08-11,4804.63,3351.59,25.7,51.1,70.0,20.1,89.9,15.0,3.0
2020-08-12,2986.67,2078.16,22.6,40.7,62.0,17.1,90.8,18.0,1.9
2020-08-13,4978.42,4780.49,61.0,23.6,78.1,74.1,87.4,16.0,1.5
2020-08-14,5470.81,4074.68,56.3,42.2,88.9,21.2,88.9,13.0,2.7
2020-08-15,5065.27,3636.31,35.6,26.6,62.2,26.8,84.5,15.0,2.0
2020-08-16,7219.14,4564.21,19.8,33.1,43.3,26.6,89.5,14.0,2.2
2020-08-17,3997.65,2724.51,53.2,37.3,90.5,15.1,88.1,14.0,3.3
2020-08-18,530.88,488.38,6.9,14.4,20.5,23.8,81.9,15.0,5.1
2020-08-19,765.05,908.47,7.0,19.1,26.1,27.1,89.6,17.0,5.2
2020-08-20,1427.48,1317.57,16.9,35.5,52.4,35.4,87.8,18.0,5.9
2020-08-21,425.43,397.24,2.4,8.2,10.6,140.3,84.7,17.0,5.2
2020-08-22,1373.1,1283.96,6.7,17.7,24.4,80.4,88.4,18.0,2.9
2020-08-23,1597.47,1069.32,20.1,15.4,35.0,20.7,90.3,18.0,2.4
2020-08-24,1824.18,1381.44,3.9,15.9,19.7,25.5,86.8,15.0,4.8
2020-08-25,384.69,432.14,1.5,24.6,25.0,20.6,88.6,14.0,5.9
2020-08-26,1373.9,869.95,0.7,8.3,8.4,29.9,80.5,14.0,4.2
2020-08-27,1440.77,1394.23,11.8,22.9,34.8,24.4,83.6,14.0,5.1
2020-08-28,5730.75,3920.46,42.7,51.2,92.7,25.9,87.4,15.0,3.6
2020-08-29,8176.17,3907.05,30.8,34.9,65.7,40.4,88.9,18.0,3.4
2020-08-30,3978.31,2143.41,12.1,11.6,23.7,29.9,90.5,17.0,3.3
2020-08-31,1408.66,1001.38,1.2,19.4,20.5,34.1,80.5,16.0,2.6
2020-09-01,1466.52,1359.36,12.2,34.0,46.2,17.7,84.8,18.0,5.0
2020-09-02,4072.47,3546.24,19.6,25.3,37.8,21.7,88.3,14.0,2.9
2020-09-03,2436.22,1159.15,7.4,11.7,17.5,19.6,80.3,13.0,2.3
2020-09-04,6474.73,3800.42,35.8,35.5,70.4,34.7,81.3,15.0,2.2
2020-09-05,1696.12,1324.2,0.3,10.3,10.3,15.7,81.8,15.0,4.0
2020-09-06,2351.86,1110.34,0.7,8.3,8.7,18.1,87.8,16.0,4.8
2020-09-07,1187.45,1453.88,12.5,35.1,47.6,26.7,87.5,15.0,4.0
2020-09-08,4971.05,3415.14,49.0,39.1,88.1,23.2,82.6,17.0,1.8
2020-09-09,2877.26,2354.25,53.0,35.6,86.4,23.2,86.6,16.0,2.8
2020-09-10,552.22,455.76,1.2,15.7,16.0,12.2,87.3,15.0,4.1
2020-09-11,602.55,520.85,9.4,11.9,21.3,30.6,84.0,15.0,3.0
2020-09-12,1674.6,961.39,7.5,15.0,22.3,19.5,71.3,15.0,2.0
2020-09-13,1883.44,1322.61,0.4,4.4,4.1,15.7,66.2,15.0,3.6
2020-09-14,238.81,266.77,0.6,4.2,4.5,18.1,71.9,15.0,4.8
2020-09-15,144.83,181.1,0.7,1.7,2.1,28.2,82.0,16.0,5.7
2020-09-16,3041.29,1796.04,6.1,30.0,33.9,31.9,80.5,16.0,5.3
2020-09-17,2254.66,2456.97,61.6,50.3,111.9,33.7,81.5,17.0,4.4
2020-09-18,269.85,203.94,0.4,2.1,2.5,30.3,82.2,16.0,5.3
2020-09-19,1943.32,1530.31,3.5,18.0,21.5,38.3,85.8,15.0,2.9
2020-09-20,3733.78,3115.96,41.5,34.6,70.6,20.7,89.4,16.0,3.1
2020-09-21,2838.64,2474.92,47.8,32.4,74.0,33.0,88.1,17.0,2.8
2020-09-22,2748.07,2535.01,71.4,27.5,94.9,18.7,88.4,18.0,2.3
2020-09-23,3329.24,3480.33,86.2,29.6,115.8,15.7,87.8,19.0,4.7
2020-09-24,402.07,346.33,4.9,7.7,12.6,31.4,80.7,20.0,5.4
2020-09-25,2117.75,2052.48,4.0,25.4,27.7,23.6,88.4,19.0,4.2
2020-09-26,1667.09,1345.52,13.8,22.7,31.0,24.6,89.1,20.0,2.6
2020-09-27,345.25,264.82,1.4,3.2,4.6,39.3,85.0,18.0,6.3
2020-09-28,310.76,310.91,0.2,2.8,2.5,28.4,81.2,16.0,5.5
2020-09-29,132.87,168.7,0.5,2.0,2.3,25.1,77.0,15.0,6.6
2020-09-30,1527.28,1574.19,6.3,19.0,23.0,17.4,81.7,16.0,2.3
2020-10-01,2759.16,1863.77,48.2,28.0,72.0,28.4,86.7,17.0,1.8
2020-10-02,4020.61,2976.45,66.2,31.8,93.2,17.7,88.1,17.0,2.1
2020-10-03,2743.8,1872.55,45.8,24.7,70.5,21.3,88.0,19.0,1.5
2020-10-04,2637.65,1730.21,13.1,13.7,20.6,13.6,87.7,19.0,2.3
2020-10-05,1213.02,1167.57,20.4,32.9,53.3,23.9,83.8,21.0,2.1
2020-10-06,636.69,699.67,9.3,19.1,26.2,12.4,85.8,18.0,1.9
2020-10-07,532.98,385.55,3.1,12.0,13.0,23.0,80.6,18.0,3.9
2020-10-08,845.4,1078.52,14.8,27.8,42.6,20.5,80.2,18.0,3.7
2020-10-09,490.47,623.39,6.4,11.7,16.0,23.6,67.1,16.0,4.6
2020-10-10,171.39,224.09,4.9,5.4,9.9,20.8,63.5,17.0,4.7
2020-10-11,221.99,296.92,5.4,6.5,10.7,22.3,73.1,18.0,4.3
2020-10-12,1136.26,1047.35,12.4,21.2,31.3,29.4,88.4,17.0,2.7
2020-10-13,2056.78,2058.39,17.6,36.1,50.4,70.0,89.5,16.0,1.7
2020-10-14,1975.41,1874.55,43.1,28.9,72.0,16.8,88.9,18.0,2.7
2020-10-15,1315.49,1265.05,18.0,19.5,37.5,24.2,87.6,15.0,3.2
2020-10-16,1653.33,1624.09,27.2,31.8,59.0,17.7,79.9,17.0,1.8
2020-10-17,2972.21,1727.96,34.1,21.7,55.9,18.2,87.0,17.0,2.3
2020-10-18,1450.3,813.3,13.7,10.2,22.4,19.3,87.6,19.0,2.6
2020-10-19,1210.0,1083.79,9.3,25.7,35.0,21.7,87.8,20.0,5.0
2020-10-20,255.21,278.98,1.5,1.9,2.0,27.0,85.1,20.0,4.9
2020-10-21,802.05,1098.47,13.8,21.3,35.1,19.4,86.5,22.0,2.6
2020-10-22,2452.27,2676.8,40.1,25.4,56.6,16.5,85.7,22.0,2.6
2020-10-23,1928.15,2099.83,33.1,17.6,50.0,18.0,84.0,20.0,2.1
2020-10-24,2896.24,1857.94,26.7,16.0,37.5,13.7,88.9,21.0,2.7
2020-10-25,1130.36,813.05,9.2,14.0,16.9,13.7,86.5,21.0,3.3
2020-10-26,957.82,920.74,10.6,12.3,16.4,17.4,86.8,22.0,2.5
2020-10-27,2408.48,2189.05,49.2,17.1,61.6,14.4,85.3,23.0,3.1
2020-10-28,2112.13,2122.64,34.3,17.9,46.5,29.2,85.9,20.0,3.1
2020-10-29,880.04,966.32,11.8,13.6,25.4,20.5,81.9,21.0,2.6
2020-10-30,1087.9,1219.82,18.9,19.0,37.9,16.1,85.1,21.0,2.5
2020-10-31,811.97,927.6,12.0,22.8,34.8,23.6,85.4,22.0,3.9
2020-11-01,625.62,655.94,4.7,20.4,25.1,18.2,84.0,21.0,2.9
2020-11-02,1894.51,2173.2,56.9,25.1,75.7,19.4,88.0,22.0,2.3
2020-11-03,605.76,719.84,11.1,9.5,20.5,18.8,87.6,21.0,3.7
2020-11-04,820.64,817.53,10.4,8.6,18.7,23.7,82.2,20.0,3.6
2020-11-05,607.26,793.81,8.2,10.5,17.8,18.3,90.0,19.0,5.3
2020-11-06,1480.93,768.22,0.8,7.6,7.6,24.3,88.9,21.0,3.3
2020-11-07,1110.35,723.91,7.2,8.4,15.6,15.3,90.5,21.0,2.9
2020-11-08,372.63,310.69,1.0,7.1,8.1,19.5,84.3,21.0,4.4
2020-11-09,1633.28,1628.37,33.0,31.7,44.3,20.7,89.7,19.0,2.6
2020-11-10,1252.58,1509.52,28.7,23.8,52.5,15.5,89.3,17.0,1.6
2020-11-11,282.21,264.64,1.9,7.2,9.1,18.4,88.1,18.0,3.0
2020-11-12,665.86,494.19,7.2,17.2,21.8,14.7,80.4,20.0,2.7
2020-11-13,1147.85,1257.03,30.9,17.0,45.5,15.0,87.0,20.0,2.3
2020-11-14,1928.4,1364.96,9.4,12.0,17.0,28.0,82.8,22.0,2.8
2020-11-15,3574.33,2597.17,14.5,13.4,19.8,21.0,86.2,22.0,3.6
2020-11-16,3913.33,1374.87,26.1,14.5,39.3,14.7,85.0,22.0,3.3
2020-11-17,1226.0,1131.51,15.1,26.2,41.2,24.0,85.2,21.0,3.0
2020-11-18,1035.13,1248.08,13.2,24.4,37.7,28.3,82.1,20.0,4.6
2020-11-19,276.15,403.55,6.7,6.5,13.2,18.3,76.8,19.0,1.9
2020-11-20,1052.22,1225.79,29.3,24.6,54.0,18.4,83.6,21.0,1.9
2020-11-21,559.92,630.11,16.9,12.2,27.4,18.2,84.8,20.0,4.1
2020-11-22,169.17,188.47,2.2,2.6,4.8,25.4,85.6,19.0,3.6
2020-11-23,2376.55,2865.39,13.1,20.6,33.6,19.7,80.1,20.0,1.5
2020-11-24,1884.11,1932.83,30.7,25.1,55.8,17.2,88.0,16.0,3.4
2020-11-25,1097.94,1130.66,16.7,14.8,31.1,27.1,89.7,25.0,3.9
2020-11-26,616.74,753.59,6.5,18.5,23.3,28.3,86.1,21.0,4.4
2020-11-27,205.06,130.1,0.8,1.6,2.3,27.6,87.4,20.0,3.9
2020-11-28,481.88,467.96,3.8,5.0,7.1,39.6,71.6,19.0,2.4
2020-11-29,341.15,440.52,1.1,6.0,7.1,30.9,85.6,19.0,4.9
2020-11-30,929.01,1166.54,10.1,26.8,36.9,40.9,86.8,22.0,4.2
2020-12-01,431.14,581.26,8.5,13.6,22.1,32.2,87.2,19.0,5.2
2020-12-02,1015.32,1422.54,22.3,19.2,41.4,23.1,79.0,21.0,2.7
2020-12-03,151.97,213.63,2.5,3.2,5.7,31.4,86.5,19.0,3.8
2020-12-04,455.46,601.74,8.3,6.4,14.7,29.3,71.7,20.0,2.8
2020-12-05,317.72,384.16,5.8,5.9,11.4,18.3,76.6,20.0,4.0
2020-12-06,497.5,273.56,1.8,2.9,3.7,24.7,84.8,22.0,4.1
2020-12-07,1066.65,1575.72,14.1,24.0,38.1,32.2,87.9,24.0,4.7
2020-12-08,219.48,218.64,1.2,2.3,2.7,16.6,87.7,25.0,5.5
2020-12-09,2085.81,2344.18,42.8,19.4,58.7,22.1,88.1,25.0,2.6
2020-12-10,568.32,665.51,5.5,12.6,18.0,35.5,90.3,23.0,4.5
2020-12-11,263.02,308.83,1.0,2.0,2.7,21.5,79.2,21.0,4.7
2020-12-12,256.47,120.91,0.5,0.9,1.1,19.6,63.4,20.0,3.5
2020-12-13,172.04,148.1,1.9,2.4,4.4,21.4,68.9,19.0,3.4
2020-12-14,1186.75,1149.61,19.2,17.0,36.1,30.6,83.7,24.0,1.9
2020-12-15,1969.8,1750.88,25.5,19.8,45.2,26.5,80.5,25.0,3.1
2020-12-16,299.27,374.51,6.6,8.9,12.5,18.0,84.2,21.0,2.8
2020-12-17,557.11,732.67,11.6,10.0,21.4,16.9,77.1,21.0,1.6
2020-12-18,2029.79,1596.48,19.5,24.9,41.6,30.3,82.0,23.0,2.8
2020-12-19,761.19,808.67,9.4,10.2,19.5,26.6,81.5,24.0,2.0
2020-12-20,794.71,1025.88,8.3,13.2,20.8,26.6,80.0,24.0,2.2
2020-12-21,1266.51,1178.58,24.9,15.3,38.1,19.2,82.7,24.0,2.7
2020-12-22,1201.31,1041.58,22.7,16.8,36.0,22.6,83.4,22.0,2.2
2020-12-23,2077.0,1870.13,28.4,17.8,46.2,24.2,84.1,23.0,2.1
2020-12-24,325.6,375.9,1.9,5.1,6.9,22.8,87.8,22.0,3.9
2020-12-25,161.8,143.97,1.5,0.3,1.8,28.2,70.2,21.0,2.6
2020-12-26,261.27,218.64,1.7,6.0,7.7,19.6,82.1,20.0,3.1
2020-12-27,162.89,152.58,1.5,2.7,3.5,19.2,80.3,19.0,4.4
2020-12-28,277.12,315.02,3.9,3.2,6.4,18.7,74.1,19.0,2.1
2020-12-29,236.1,283.22,6.1,9.7,14.8,26.9,76.5,20.0,3.4
2020-12-30,247.47,363.54,6.5,5.4,11.8,16.4,76.9,21.0,2.8
2020-12-31,1716.34,2593.57,8.7,8.7,15.7,27.5,81.9,23.0,3.1
2021-01-01,1853.74,1254.33,11.2,10.5,16.2,64.6,85.8,25.0,3.0
