Date,AQI,NO,NO2,NOx,PM10,PM2.5,Temp,WS
2017-01-01,27.0,104.2,52.9,143.2,,,,
2017-01-02,33.0,142.0,64.5,185.5,,,,
2017-01-03,48.0,129.5,93.3,219.2,,,,
2017-01-05,25.0,82.8,47.6,118.0,,,,
2017-01-06,49.0,166.8,95.8,228.5,,,,
2017-01-07,30.0,66.5,57.0,115.1,,,,
2017-01-08,23.0,90.9,44.3,135.1,,,,
2017-01-09,34.0,238.1,88.9,327.0,,,,
2017-01-10,59.0,193.8,114.7,285.0,,,,
2017-01-11,47.0,194.9,90.6,259.5,12.771300448430042,,,
2017-01-12,56.0,246.1,108.3,346.1,,,,
2017-01-13,47.0,240.0,90.7,319.2,,,,
2017-01-14,32.0,116.6,59.4,176.0,,,,
2017-01-15,28.0,122.1,52.3,167.2,,,,
2017-01-16,46.0,96.4,88.4,184.8,,,,
2017-01-17,27.0,97.8,50.6,148.3,,,,
2017-01-18,47.0,188.3,90.2,278.6,,,,
2017-01-19,44.0,206.9,83.1,256.1,,,,
2017-01-20,42.0,249.6,79.7,315.0,,,,
2017-01-21,19.0,41.7,33.5,75.2,,,,
2017-01-22,30.0,163.4,56.8,220.2,,,,
2017-01-23,39.0,180.4,73.4,253.6,26.585062240663117,,,
2017-01-24,53.0,222.4,102.8,270.7,,,,
2017-01-25,61.0,309.2,118.6,427.8,,,,
2017-01-26,42.0,151.1,80.0,206.9,,,,
2017-01-27,46.0,192.8,88.0,280.8,,,,
2017-01-28,22.0,56.9,39.8,92.5,,,,
2017-01-29,35.0,114.1,65.7,179.8,23.62222222222196,,,
2017-01-30,26.0,88.1,47.9,135.9,,,,
2017-01-31,52.0,242.7,99.1,341.8,,,,
2017-02-01,81.0,293.5,162.0,401.1,,,,
2017-02-02,56.0,244.4,111.2,347.7,,,,
2017-02-03,83.0,394.2,163.7,507.0,,,,
2017-02-04,25.0,104.4,49.3,142.7,14.195020746888641,,,
2017-02-05,15.0,57.4,28.4,83.6,,,,
2017-02-06,28.0,85.1,54.4,139.5,,,,
2017-02-07,67.0,210.3,132.3,342.5,,,,
2017-02-08,45.0,147.7,89.7,237.4,,,,
2017-02-09,18.0,58.3,34.8,89.7,,,,
2017-02-10,54.0,140.0,107.0,246.9,13.632286995515786,,,
2017-02-11,38.0,166.7,75.8,230.5,,,,
2017-02-12,,136.0,78.5,208.1,,,,
2017-02-13,69.0,277.1,137.3,414.5,,,,
2017-02-14,64.0,122.7,126.1,248.7,,,,
2017-02-15,36.0,113.4,71.2,172.9,,,,
2017-02-16,29.0,160.2,56.6,216.9,10.452282157675427,,,
2017-02-17,48.0,166.4,95.1,261.5,,,,
2017-02-18,18.0,48.2,35.4,80.7,,,,
2017-02-19,13.0,37.7,25.9,59.8,,,,
2017-02-20,15.0,37.3,29.8,67.1,,,,
2017-02-21,47.0,132.1,92.9,225.0,,,,
2017-02-22,57.0,319.1,112.8,431.8,18.06278026905762,,,
2017-02-23,60.0,105.3,119.6,224.9,,,,
2017-02-24,53.0,187.9,104.6,274.5,,,,
2017-02-25,32.0,136.9,62.3,195.7,,,,
2017-02-26,19.0,89.1,37.8,122.5,,,,
2017-02-27,28.0,58.0,55.8,113.7,,,,
2017-02-28,34.0,67.1,67.1,134.2,8.814159292036235,,,
2017-03-01,51.0,228.8,101.4,298.5,,,,
2017-03-02,37.0,181.6,73.3,238.1,,,,
2017-03-03,24.0,166.7,98.2,253.2,14.5,6.1,,
2017-03-04,23.0,193.1,75.7,255.1,14.0,6.9,,
2017-03-05,31.0,73.1,52.5,125.6,24.4,8.5,,
2017-03-06,37.0,205.0,104.4,281.0,24.0,8.2,,
2017-03-07,29.0,90.7,56.4,140.2,21.5,8.9,,
2017-03-08,29.0,16.7,41.2,41.1,22.2,9.3,,
2017-03-09,23.0,7.6,20.3,20.2,16.8,5.7,,
2017-03-10,41.0,34.8,43.7,76.2,34.1,11.1,,
2017-03-11,41.0,63.2,45.5,103.6,31.0,12.2,,
2017-03-12,49.0,166.8,113.4,232.6,35.6,14.3,,
2017-03-13,41.0,256.9,158.2,415.1,30.2,11.5,,
2017-03-14,44.0,227.3,108.8,296.0,24.6,8.7,,
2017-03-15,31.0,92.8,48.7,137.6,14.8,6.0,,
2017-03-16,28.0,111.1,54.6,163.2,19.2,6.3,,
2017-03-17,26.0,96.7,67.3,161.1,18.2,8.2,,
2017-03-18,27.0,108.4,90.8,158.1,16.4,7.1,,
2017-03-19,27.0,44.8,42.0,86.8,13.3,5.8,,
2017-03-20,35.0,282.8,104.6,363.9,31.0,9.9,,
2017-03-21,35.0,109.8,64.4,161.4,19.7,8.0,,
2017-03-22,32.0,123.3,97.3,202.3,18.4,8.3,,
2017-03-23,31.0,257.0,111.4,336.6,20.3,7.6,,
2017-03-24,33.0,246.7,133.0,355.0,21.9,7.8,,
2017-03-25,31.0,159.0,65.1,220.8,17.9,5.9,,
2017-03-26,23.0,30.9,29.4,60.3,24.7,9.6,,
2017-03-27,31.0,199.7,125.1,323.4,19.7,7.2,,
2017-03-28,27.0,52.9,44.9,89.9,14.3,6.2,,
2017-03-29,40.0,324.9,163.3,472.0,17.1,8.3,,
2017-03-30,30.0,276.7,119.6,396.3,17.0,6.9,,
2017-03-31,24.0,111.8,61.0,158.4,17.5,6.3,,
2017-04-01,28.0,203.1,61.2,264.3,25.7,8.8,,
2017-04-02,26.0,68.0,37.3,99.6,8.3,4.5,,
2017-04-03,20.0,255.6,78.8,328.5,16.1,6.3,,
2017-04-04,23.0,31.8,29.1,60.3,24.1,9.9,,
2017-04-05,36.0,157.1,82.1,210.0,24.7,10.6,,
2017-04-06,39.0,265.3,126.9,368.7,24.2,9.7,,
2017-04-07,39.0,236.4,113.5,349.9,22.2,8.8,,
2017-04-08,35.0,84.3,60.2,120.9,22.5,9.3,,
2017-04-09,31.0,7.4,33.9,41.0,13.2,5.7,,
2017-04-10,22.0,23.2,41.3,64.5,20.4,5.8,,
2017-04-11,38.0,42.0,42.7,80.1,25.8,11.8,,
2017-04-12,45.0,88.4,73.0,156.4,24.9,9.8,,
2017-04-13,50.0,152.9,101.8,254.7,18.9,8.3,,
2017-04-14,36.0,91.4,73.9,146.4,21.0,7.5,,
2017-04-15,59.0,251.1,110.6,307.2,34.4,10.2,,
2017-04-16,50.0,130.5,101.6,208.4,20.5,9.1,,
2017-04-17,32.0,98.3,63.0,161.3,18.7,8.9,,
2017-04-18,36.0,162.6,73.0,235.6,19.1,6.4,,
2017-04-19,44.0,342.5,87.3,429.8,28.8,9.3,,
2017-04-20,56.0,241.3,113.3,354.5,20.7,9.2,,
2017-04-21,30.0,61.9,46.4,105.1,19.6,7.1,,
2017-04-22,33.0,35.6,41.8,76.4,20.1,9.5,,
2017-04-23,31.0,14.2,31.4,43.0,11.6,6.4,,
2017-04-24,42.0,107.9,85.3,182.3,19.2,8.7,,
2017-04-25,31.0,71.8,63.3,130.5,15.4,8.6,,
2017-04-26,57.0,388.9,110.2,499.1,40.9,13.8,,
2017-04-27,47.0,194.6,95.1,289.2,28.0,11.5,,
2017-04-28,63.0,166.0,128.0,273.1,26.5,8.3,,
2017-04-29,48.0,114.4,97.4,211.8,18.5,8.4,,
2017-04-30,34.0,121.2,68.9,190.1,25.0,10.6,,
2017-05-01,34.0,103.8,58.5,162.4,21.5,9.3,,
2017-05-02,45.0,147.9,84.6,217.9,33.1,14.1,,
2017-05-03,66.0,323.4,128.2,411.4,35.6,12.4,,
2017-05-04,41.0,150.2,86.5,236.7,29.8,7.7,,
2017-05-05,54.0,206.0,97.5,296.7,32.5,17.3,,
2017-05-06,55.0,204.0,74.9,253.6,40.5,21.3,,
2017-05-07,56.0,192.9,98.7,291.6,37.4,25.0,,
2017-05-08,52.0,321.0,100.0,421.0,32.3,12.3,,
2017-05-09,54.0,403.1,99.1,498.6,48.2,17.1,,
2017-05-10,24.0,68.7,43.3,112.1,16.1,6.3,,
2017-05-11,44.0,95.7,71.2,166.9,31.8,13.3,,
2017-05-12,49.0,98.0,77.9,169.0,26.4,13.3,,
2017-05-13,44.0,140.7,83.5,224.3,19.8,10.4,,
2017-05-14,26.0,75.1,63.4,137.7,20.3,6.7,,
2017-05-15,41.0,216.1,102.9,300.7,19.4,9.9,,
2017-05-16,41.0,174.4,75.7,250.1,17.5,7.8,,
2017-05-17,62.0,131.8,120.1,243.8,30.3,11.2,,
2017-05-18,63.0,232.5,115.3,342.2,36.1,14.7,,
2017-05-19,60.0,280.3,116.2,394.0,38.1,14.7,,
2017-05-20,50.0,152.7,80.1,204.5,30.5,11.6,,
2017-05-21,41.0,83.2,61.0,136.6,88.8,14.0,,
2017-05-22,50.0,470.3,90.9,552.3,37.6,27.1,,
2017-05-23,80.0,390.3,153.2,455.6,52.3,26.5,,
2017-05-24,74.0,307.9,141.3,449.1,34.0,8.8,,
2017-05-25,40.0,319.2,72.1,391.3,24.0,12.1,,
2017-05-26,26.0,32.3,43.7,76.0,17.1,7.7,,
2017-05-27,44.0,171.7,82.5,252.9,20.7,14.0,,
2017-05-28,34.0,127.2,59.5,176.6,20.4,13.5,,
2017-05-29,42.0,138.2,80.1,196.2,20.0,12.6,,
2017-05-30,72.0,286.9,140.6,380.9,23.2,9.7,,
2017-05-31,44.0,226.7,84.7,295.7,20.3,11.1,,
2017-06-01,42.0,302.5,76.8,379.3,36.2,13.6,,
2017-06-02,27.0,13.3,26.9,40.1,10.0,4.5,,
2017-06-03,32.0,100.9,60.5,161.4,16.9,7.4,,
2017-06-04,42.0,132.9,80.3,192.5,18.4,9.0,,
2017-06-05,40.0,122.0,77.9,199.9,19.2,10.7,,
2017-06-06,57.0,298.5,110.8,392.5,29.3,20.2,,
2017-06-07,52.0,254.7,100.5,330.7,21.9,10.6,,
2017-06-08,41.0,163.5,77.4,236.0,23.2,14.0,,
2017-06-09,49.0,198.6,94.3,285.2,23.3,14.4,,
2017-06-10,43.0,113.9,82.4,173.9,34.2,16.3,,
2017-06-11,44.0,76.9,70.2,147.0,32.3,22.1,,
2017-06-12,63.0,340.7,178.4,429.4,25.1,15.4,,
2017-06-13,68.0,276.6,135.6,394.8,21.6,8.9,,
2017-06-14,60.0,89.3,69.6,155.6,36.2,15.1,,
2017-06-15,64.0,183.7,107.4,263.1,34.3,14.6,,
2017-06-16,73.0,174.6,145.8,309.9,23.5,9.6,,
2017-06-17,38.0,236.7,68.2,294.9,26.7,15.6,,
2017-06-18,42.0,42.7,74.8,117.5,18.2,13.3,,
2017-06-19,28.0,17.5,41.7,59.2,21.1,7.2,,
2017-06-20,31.0,40.6,42.5,83.1,28.7,9.0,,
2017-06-21,47.0,22.6,47.9,70.5,34.9,10.2,,
2017-06-22,49.0,23.6,46.3,70.0,24.0,9.5,,
2017-06-23,57.0,230.6,109.6,334.8,18.6,12.1,,
2017-06-24,48.0,179.3,95.8,262.1,20.7,9.6,,
2017-06-25,47.0,135.0,93.8,196.3,26.3,16.1,,
2017-06-26,54.0,195.1,105.8,272.2,26.3,16.6,,
2017-06-27,43.0,154.5,84.7,232.0,27.0,12.8,,
2017-06-28,40.0,201.2,79.1,272.6,23.2,9.6,,
2017-06-29,49.0,174.3,98.4,272.8,26.4,13.3,,
2017-06-30,63.0,433.9,115.4,549.3,51.3,26.7,,
2017-07-01,48.0,21.5,28.2,43.5,33.1,13.4,,
2017-07-02,58.0,124.9,108.5,233.4,16.9,9.7,,
2017-07-03,59.0,208.1,119.7,327.8,26.8,15.4,,
2017-07-04,71.0,298.2,145.6,443.7,27.2,13.2,,
2017-07-05,75.0,273.5,143.1,408.1,28.4,9.4,,
2017-07-06,47.0,142.6,86.8,229.4,22.5,11.9,,
2017-07-07,79.0,233.0,153.9,342.2,18.3,8.3,,
2017-07-08,50.0,112.5,90.9,179.9,20.7,13.0,,
2017-07-09,44.0,158.8,76.9,218.9,23.4,15.1,,
2017-07-10,52.0,169.7,92.8,262.5,21.5,11.3,,
2017-07-11,68.0,207.8,126.5,304.6,18.4,10.3,,
2017-07-12,58.0,196.6,103.1,280.4,19.6,11.3,,
2017-07-13,48.0,133.9,86.6,220.5,24.2,11.1,,
2017-07-14,47.0,112.8,85.6,175.1,22.2,8.7,,
2017-07-15,45.0,137.7,81.2,190.4,41.4,31.3,,
2017-07-16,51.0,115.6,77.0,190.9,33.3,24.7,,
2017-07-17,70.0,234.1,145.0,379.2,27.3,16.1,,
2017-07-18,32.0,115.5,67.8,183.3,33.2,8.4,,
2017-07-19,68.0,156.2,142.9,299.1,26.5,10.6,,
2017-07-20,47.0,141.7,100.7,242.4,26.4,10.7,,
2017-07-21,58.0,243.4,123.4,340.9,25.5,11.5,,
2017-07-22,56.0,210.4,120.2,330.5,31.6,13.9,,
2017-07-23,52.0,147.6,111.3,227.1,21.1,9.7,,
2017-07-24,63.0,239.5,134.4,371.5,21.6,11.4,,
2017-07-25,67.0,252.2,143.8,375.3,21.6,10.9,,
2017-07-26,56.0,258.1,123.5,368.2,28.6,17.7,,
2017-07-27,61.0,216.5,133.6,350.1,20.9,9.4,,
2017-07-28,64.0,257.7,138.4,354.2,16.0,8.8,,
2017-07-29,53.0,129.2,111.3,237.7,23.9,16.1,,
2017-07-30,38.0,112.4,60.9,173.3,35.0,26.2,,
2017-07-31,58.0,303.1,128.0,418.8,30.9,22.9,,
2017-08-01,64.0,252.2,140.6,357.1,27.2,15.6,,
2017-08-02,38.0,39.9,62.6,102.5,21.2,8.2,,
2017-08-03,28.0,44.1,57.5,101.6,15.1,5.8,,
2017-08-04,32.0,57.1,69.3,123.9,14.9,9.8,,
2017-08-05,26.0,61.6,54.3,101.3,17.5,8.8,,
2017-08-06,32.0,63.5,68.0,131.5,19.8,6.5,,
2017-08-07,59.0,178.0,127.1,276.6,19.5,8.6,,
2017-08-08,58.0,129.3,124.3,238.7,32.7,12.0,,
2017-08-09,69.0,214.8,146.1,360.9,32.1,13.0,,
2017-08-10,85.0,343.6,185.8,473.3,21.1,12.5,,
2017-08-11,72.0,312.3,160.7,473.0,26.1,12.0,,
2017-08-12,71.0,232.3,155.0,355.1,39.0,19.4,,
2017-08-13,60.0,135.6,84.6,210.4,32.0,15.7,,
2017-08-14,64.0,228.7,139.1,338.4,26.7,11.3,,
2017-08-15,77.0,317.1,170.7,485.5,29.1,10.0,,
2017-08-16,75.0,261.6,168.0,411.9,28.4,9.9,,
2017-08-17,61.0,291.1,135.6,393.5,42.3,8.9,,
2017-08-18,45.0,116.4,93.3,201.0,53.0,15.4,,
2017-08-19,56.0,120.7,83.1,199.9,86.3,17.5,,
2017-08-20,51.0,144.9,110.5,241.5,20.1,7.8,,
2017-08-21,33.0,109.8,73.4,183.1,23.2,11.3,,
2017-08-22,39.0,150.7,73.4,202.1,27.1,11.3,,
2017-08-23,56.0,384.9,129.8,514.5,36.2,11.9,,
2017-08-24,33.0,83.6,64.3,147.8,28.0,8.2,,
2017-08-25,31.0,42.3,66.5,106.2,16.0,6.5,,
2017-08-26,22.0,32.2,35.9,63.3,18.3,8.2,,
2017-08-27,42.0,11.7,30.0,37.2,31.9,12.7,,
2017-08-28,56.0,178.1,107.5,272.1,37.7,15.5,,
2017-08-29,70.0,255.3,149.8,365.9,29.3,9.7,,
2017-08-30,37.0,82.6,79.7,162.2,15.0,8.0,,
2017-08-31,55.0,180.4,114.9,283.3,13.2,7.4,,
2017-09-01,67.0,255.5,141.8,370.6,19.6,8.1,,
2017-09-02,26.0,17.6,41.7,57.8,9.7,4.5,,
2017-09-03,32.0,62.9,66.8,118.8,16.6,9.4,,
2017-09-04,74.0,187.5,150.3,320.1,15.3,7.8,,
2017-09-05,60.0,212.1,125.0,327.5,24.1,7.1,,
2017-09-06,62.0,189.3,133.1,281.0,19.0,7.4,,
2017-09-07,88.0,235.5,183.0,402.1,40.5,14.1,,
2017-09-08,67.0,226.7,143.7,370.3,27.5,11.0,,
2017-09-09,58.0,110.1,119.8,182.9,21.1,10.0,,
2017-09-10,49.0,142.9,101.8,201.6,23.9,10.7,,
2017-09-11,65.0,277.2,138.2,399.4,26.2,10.0,,
2017-09-12,60.0,133.6,129.0,260.5,24.0,9.8,,
2017-09-13,74.0,256.2,160.7,392.1,51.0,9.4,,
2017-09-14,53.0,178.8,112.7,278.8,30.1,0.0,,
2017-09-15,48.0,137.7,102.9,225.4,,,,
2017-09-16,46.0,124.0,98.2,193.7,,,,
2017-09-17,41.0,62.2,66.4,128.6,,,,
2017-09-18,62.0,232.1,133.7,339.8,,,,
2017-09-19,40.0,100.9,84.6,173.8,,,,
2017-09-20,44.0,219.1,96.4,315.5,,,,
2017-09-21,68.0,204.8,145.0,311.7,,,,
2017-09-22,47.0,98.5,99.7,182.6,,,,
2017-09-23,45.0,88.3,94.6,182.9,,,,
2017-09-24,40.0,76.3,61.8,137.5,,,,
2017-09-25,56.0,237.2,122.9,348.3,,,,
2017-09-26,47.0,119.9,102.3,222.3,,,,
2017-09-27,43.0,101.5,92.9,194.4,29.2,14.5,,
2017-09-28,41.0,765.7,101.6,823.9,23.8,9.0,,
2017-09-29,,298.1,127.6,409.5,0.0,0.0,,
2017-09-30,,145.6,101.5,247.1,,,,
2017-10-01,,91.4,63.9,151.3,,,,
2017-10-02,,137.4,89.4,220.5,,,,
2017-10-03,,159.9,88.6,229.0,,,,
2017-10-04,,79.0,77.5,155.3,16.8,8.2,,
2017-10-05,,100.0,81.9,175.5,20.5,9.4,,
2017-10-06,36.0,129.1,74.6,195.0,27.3,10.4,,
2017-10-07,43.0,52.8,56.5,106.4,28.8,11.1,,
2017-10-08,43.0,54.7,55.9,106.0,25.6,10.8,,
2017-10-09,35.0,102.2,102.6,177.9,21.6,9.4,19.0,
2017-10-10,33.0,242.4,186.0,428.3,22.6,8.1,20.0,
2017-10-11,48.0,202.6,103.2,304.9,35.0,13.8,19.0,
2017-10-12,51.0,193.1,106.0,299.1,37.4,17.1,18.0,
2017-10-13,52.0,214.0,132.1,346.1,37.8,11.4,19.0,
2017-10-14,46.0,93.1,85.7,156.6,26.0,11.9,21.0,
2017-10-15,42.0,97.6,67.6,153.7,24.8,10.5,18.0,
2017-10-16,40.0,128.5,84.7,213.2,24.1,9.1,18.0,
2017-10-17,43.0,70.4,84.3,134.4,29.0,10.9,17.0,
2017-10-18,42.0,208.5,119.6,328.0,27.5,9.9,18.0,
2017-10-19,34.0,74.1,73.5,135.9,17.5,9.3,17.0,
2017-10-20,32.0,108.2,85.3,193.5,30.3,8.8,18.0,
2017-10-21,31.0,101.8,96.4,184.9,20.4,9.7,17.0,
2017-10-22,33.0,111.7,93.8,190.9,18.0,8.0,18.0,
2017-10-23,30.0,91.7,79.4,143.3,17.0,7.4,19.0,
2017-10-24,29.0,237.9,124.4,345.2,19.8,8.3,20.0,
2017-10-25,34.0,224.6,94.2,202.8,18.8,7.0,18.0,
2017-10-26,38.0,244.8,160.6,381.5,40.0,11.7,20.0,
2017-10-27,39.0,266.6,147.0,401.0,22.0,8.8,19.0,
2017-10-28,27.0,79.2,55.1,134.4,12.9,7.4,19.0,
2017-10-29,27.0,16.4,33.7,48.4,19.4,8.2,20.0,
2017-10-30,36.0,27.4,45.9,66.7,23.5,9.4,19.0,
2017-10-31,37.0,27.6,40.5,68.1,25.0,7.8,21.0,
2017-11-01,36.0,26.0,41.3,67.4,21.9,7.6,19.0,
2017-11-02,38.0,23.9,41.6,62.0,23.3,9.6,19.0,
2017-11-03,54.0,76.8,90.6,146.2,34.0,13.9,20.0,
2017-11-04,55.0,217.5,130.1,347.6,29.7,10.0,20.0,
2017-11-05,40.0,97.9,74.1,171.9,127.1,16.3,23.0,
2017-11-06,41.0,115.5,88.3,203.8,28.7,9.2,20.0,
2017-11-07,39.0,207.8,84.8,292.6,23.6,9.0,18.0,
2017-11-08,46.0,133.4,102.8,236.2,33.4,13.4,19.0,
2017-11-09,47.0,142.6,91.1,219.5,21.2,8.0,20.0,
2017-11-10,33.0,120.8,76.9,175.6,23.8,10.6,19.0,
2017-11-11,34.0,39.6,54.6,94.1,18.7,7.7,19.0,
2017-11-12,28.0,69.6,49.2,113.3,20.6,8.0,19.0,
2017-11-13,34.0,223.8,96.4,320.2,28.9,9.2,19.0,
2017-11-14,31.0,180.3,95.9,276.2,16.7,6.9,18.0,
2017-11-15,22.0,39.4,41.6,79.2,13.4,5.5,19.0,
2017-11-16,20.0,69.4,59.8,129.2,15.8,6.1,20.0,
2017-11-17,24.0,70.2,63.8,134.0,19.3,7.5,21.0,
2017-11-18,26.0,12.1,32.4,43.0,15.7,5.6,20.0,
2017-11-19,20.0,22.0,28.7,48.0,11.7,5.1,19.0,
2017-11-20,17.0,105.0,78.2,162.3,13.5,4.1,23.0,
2017-11-21,30.0,128.9,83.2,212.1,27.2,9.5,22.0,
2017-11-22,34.0,65.6,64.9,124.5,22.3,9.1,22.0,
2017-11-23,32.0,295.0,119.8,390.2,25.6,9.4,24.0,
2017-11-24,32.0,142.4,86.9,202.0,19.5,8.7,25.0,
2017-11-25,30.0,75.0,48.4,120.7,15.9,8.0,21.0,
2017-11-26,25.0,61.1,45.8,106.9,16.5,5.9,21.0,
2017-11-27,23.0,58.0,54.5,109.4,20.0,5.8,23.0,0.5
2017-11-28,23.0,94.4,70.9,160.1,17.8,6.1,22.0,1.1
2017-11-29,22.0,57.3,52.8,110.0,16.9,5.9,22.0,1.2
2017-11-30,29.0,125.1,89.8,214.9,19.4,12.3,22.0,0.6
2017-12-01,28.0,92.2,70.7,162.9,19.7,6.7,23.0,1.1
2017-12-02,23.0,48.7,47.5,91.9,15.1,6.3,22.0,1.1
2017-12-03,20.0,43.9,53.2,97.1,12.5,5.2,24.0,0.8
2017-12-04,21.0,112.7,78.1,168.9,16.8,5.9,27.0,0.6
2017-12-05,24.0,164.8,80.1,244.9,19.2,6.3,25.0,0.8
2017-12-06,28.0,87.5,86.8,174.3,22.7,7.5,25.0,1.3
2017-12-07,30.0,50.5,44.2,91.9,25.3,12.0,24.0,1.0
2017-12-08,32.0,52.6,43.1,94.0,18.8,7.5,24.0,1.1
2017-12-09,27.0,61.9,58.9,110.4,14.7,6.7,24.0,0.9
2017-12-10,32.0,84.5,63.5,139.8,21.3,9.1,25.0,0.5
2017-12-11,36.0,244.4,119.7,336.1,25.5,8.6,28.0,0.9
2017-12-12,36.0,117.6,78.2,171.2,23.4,7.5,26.0,0.9
2017-12-13,34.0,105.5,95.4,177.9,18.7,7.0,26.0,0.8
2017-12-14,30.0,139.8,103.7,243.6,14.3,6.1,26.0,0.8
2017-12-15,37.0,175.6,103.2,245.2,29.7,8.0,24.0,0.8
2017-12-16,37.0,81.2,62.9,137.4,15.8,6.3,25.0,0.7
2017-12-17,27.0,105.9,69.4,175.4,16.8,7.6,26.0,0.8
2017-12-18,35.0,210.8,120.8,331.6,33.7,8.8,25.0,0.7
2017-12-19,46.0,188.7,120.5,282.3,37.8,9.3,25.0,0.8
2017-12-20,51.0,93.1,75.4,155.7,37.6,11.0,23.0,1.1
2017-12-21,52.0,123.0,69.6,187.5,38.9,9.4,25.0,0.8
2017-12-22,42.0,232.9,101.8,334.7,30.3,11.7,25.0,0.7
2017-12-23,42.0,30.5,29.8,56.2,22.7,8.7,24.0,1.0
2017-12-24,41.0,23.4,33.9,55.1,18.8,7.7,24.0,1.1
2017-12-25,27.0,55.1,36.7,88.5,19.6,9.5,24.0,0.8
2017-12-26,22.0,176.6,112.9,239.9,17.0,7.8,24.0,0.7
2017-12-27,35.0,76.0,61.4,121.9,23.4,7.3,23.0,1.1
2017-12-28,35.0,113.2,73.4,186.7,23.9,7.1,22.0,1.0
2017-12-29,39.0,70.9,48.8,113.7,24.0,8.8,23.0,0.9
2017-12-30,39.0,168.9,86.4,255.3,22.1,8.2,25.0,0.6
2017-12-31,30.0,161.0,120.8,281.8,15.5,7.4,26.0,0.7
2018-01-01,26.0,86.5,65.2,151.7,16.8,8.6,24.0,0.7
2018-01-02,24.0,37.3,26.8,64.2,12.2,6.2,25.0,1.0
2018-01-03,20.0,53.4,73.0,126.4,14.3,6.3,24.0,1.1
2018-01-04,30.0,23.8,22.7,46.5,28.9,13.2,22.0,1.5
2018-01-05,47.0,0.0,0.0,0.0,44.0,17.7,22.0,1.8
2018-01-06,71.0,0.0,0.0,0.0,42.2,17.0,23.0,0.6
2018-01-07,70.0,0.0,0.0,0.0,42.4,15.8,25.0,0.7
2018-01-08,58.0,0.0,0.0,0.0,26.5,9.7,25.0,0.8
2018-01-09,48.0,0.0,0.0,0.0,21.7,9.1,27.0,0.7
2018-01-10,33.0,0.0,0.0,0.0,18.4,7.5,28.0,0.6
2018-01-11,35.0,0.0,0.0,0.0,27.5,10.4,28.0,0.6
2018-01-12,37.0,0.0,0.0,0.0,22.6,9.7,26.0,1.0
2018-01-13,36.0,0.0,0.0,0.0,19.5,9.0,25.0,1.0
2018-01-14,29.0,0.0,0.0,0.0,13.1,6.3,26.0,0.9
2018-01-15,28.0,81.5,36.9,118.3,19.6,6.6,25.0,1.0
2018-01-16,40.0,29.7,34.7,60.8,30.8,8.8,24.0,0.8
2018-01-17,51.0,32.7,37.4,70.1,29.6,10.9,24.0,1.3
2018-01-18,55.0,114.5,56.5,171.0,33.0,13.3,22.0,1.1
2018-01-19,48.0,94.9,50.0,140.2,32.7,12.4,25.0,0.9
2018-01-20,51.0,66.8,37.1,99.7,23.6,9.5,27.0,1.1
2018-01-21,40.0,34.9,26.4,57.4,22.1,9.5,26.0,1.2
2018-01-22,36.0,172.0,83.6,231.6,19.9,7.7,25.0,0.9
2018-01-23,24.0,98.3,74.5,172.8,14.7,5.9,26.0,0.8
2018-01-24,24.0,118.6,68.5,176.6,14.9,6.2,28.0,0.8
2018-01-25,26.0,168.6,79.2,212.7,15.4,8.2,28.0,0.7
2018-01-26,32.0,231.1,109.0,336.4,23.8,11.8,27.0,0.9
2018-01-27,35.0,83.8,81.2,165.0,20.0,11.9,27.0,0.7
2018-01-28,34.0,51.5,30.1,81.6,16.3,8.5,28.0,1.1
2018-01-29,30.0,30.4,22.3,50.3,27.3,9.2,28.0,1.0
2018-01-30,35.0,59.8,34.4,91.2,22.7,9.5,27.0,1.0
2018-01-31,43.0,43.3,38.3,81.7,29.2,10.5,26.0,1.2
2018-02-01,65.0,139.5,88.1,191.1,56.2,17.0,23.0,1.3
2018-02-02,63.0,273.3,92.1,345.1,30.5,11.3,25.0,0.9
2018-02-03,46.0,104.3,57.8,157.2,20.2,7.8,21.0,1.1
2018-02-04,26.0,36.2,30.0,59.4,18.2,7.2,22.0,0.9
2018-02-05,30.0,70.3,60.5,125.1,15.9,7.0,25.0,0.6
2018-02-06,26.0,78.8,43.5,122.3,19.5,7.7,25.0,0.7
2018-02-07,40.0,59.6,33.8,91.6,26.3,8.3,25.0,1.0
2018-02-08,40.0,22.5,27.7,50.2,15.2,5.8,22.0,1.0
2018-02-09,23.0,51.7,33.5,75.8,15.5,7.7,22.0,1.0
2018-02-10,26.0,33.4,17.2,45.7,22.6,10.6,23.0,0.5
2018-02-11,26.0,49.9,29.5,79.4,16.9,7.3,23.0,0.9
2018-02-12,25.0,91.7,43.0,134.7,15.6,6.1,26.0,0.9
2018-02-13,36.0,129.4,36.3,153.9,29.5,12.1,24.0,0.6
2018-02-14,43.0,129.4,44.8,170.3,37.0,8.9,26.0,0.6
2018-02-15,42.0,200.4,79.2,226.3,18.6,7.6,27.0,0.7
2018-02-16,32.0,213.5,62.5,272.0,22.4,10.3,27.0,1.0
2018-02-17,40.0,127.3,49.8,167.0,27.3,9.4,26.0,1.0
2018-02-18,42.0,64.6,54.3,116.2,21.0,9.1,26.0,0.7
2018-02-19,50.0,239.0,99.0,337.9,26.7,11.0,27.0,0.7
2018-02-20,58.0,151.8,64.1,207.9,42.9,16.6,27.0,1.2
2018-02-21,66.0,252.9,132.2,357.8,32.8,12.4,25.0,0.7
2018-02-22,72.0,297.0,148.1,445.1,38.3,9.9,24.0,0.7
2018-02-23,78.0,281.3,160.8,442.1,15.0,5.9,25.0,0.8
2018-02-24,31.0,113.1,61.2,156.0,15.6,6.3,25.0,0.7
2018-02-25,28.0,151.4,56.9,191.1,14.0,6.9,26.0,0.7
2018-02-26,53.0,300.6,109.3,402.5,37.8,6.4,27.0,0.6
2018-02-27,35.0,176.5,72.3,248.7,18.0,5.9,23.0,0.9
2018-02-28,36.0,25.2,29.8,55.1,25.8,8.2,23.0,0.5
2018-03-01,37.0,24.2,34.1,51.6,18.5,6.7,24.0,1.2
2018-03-02,44.0,28.7,35.8,61.6,30.3,10.6,25.0,0.9
2018-03-03,54.0,32.0,34.8,66.2,30.3,11.8,25.0,1.0
2018-03-04,54.0,24.2,29.0,53.2,24.4,9.1,26.0,0.9
2018-03-05,37.0,86.0,55.2,136.7,20.8,8.1,27.0,0.9
2018-03-06,57.0,232.1,112.0,344.1,26.6,9.9,27.0,0.8
2018-03-07,55.0,222.9,108.9,283.8,43.3,6.9,27.0,0.7
2018-03-08,34.0,52.0,44.4,93.5,17.7,6.4,22.0,0.8
2018-03-09,24.0,114.2,46.3,152.4,20.3,9.9,26.0,0.7
2018-03-10,23.0,28.9,34.7,55.4,13.9,5.9,23.0,0.9
2018-03-11,21.0,16.9,27.8,44.7,12.7,4.6,22.0,0.8
2018-03-12,32.0,143.5,64.4,207.8,18.9,7.9,19.0,1.4
2018-03-13,54.0,226.7,108.7,334.0,25.2,9.3,24.0,0.9
2018-03-14,39.0,234.4,77.1,311.5,25.9,9.4,24.0,0.8
2018-03-15,66.0,348.8,131.0,431.7,37.2,11.4,23.0,0.6
2018-03-16,61.0,348.7,123.6,472.3,53.0,10.1,24.0,0.6
2018-03-17,48.0,27.6,36.5,61.2,18.6,6.6,23.0,0.9
2018-03-18,27.0,8.2,16.5,24.7,16.2,5.9,22.0,1.2
2018-03-19,30.0,40.1,35.0,75.1,22.7,8.8,23.0,0.9
2018-03-20,32.0,52.7,56.0,108.8,23.8,7.8,23.0,1.2
2018-03-21,33.0,77.9,47.1,125.0,20.2,8.2,23.0,0.9
2018-03-22,35.0,55.4,51.0,101.4,21.4,7.5,23.0,1.1
2018-03-23,33.0,32.8,34.1,66.9,21.7,9.2,22.0,0.9
2018-03-24,42.0,199.8,82.2,257.7,17.2,6.5,23.0,0.9
2018-03-25,25.0,62.4,44.0,102.5,11.6,5.2,24.0,0.5
2018-03-26,29.0,69.3,56.8,120.0,16.9,6.4,24.0,0.9
2018-03-27,45.0,207.3,85.8,293.1,21.9,6.6,23.0,0.8
2018-03-28,44.0,196.0,86.0,279.5,22.5,7.3,23.0,0.7
2018-03-29,52.0,269.4,99.3,368.7,52.1,8.6,26.0,0.5
2018-03-30,41.0,85.1,74.7,137.2,17.4,6.6,23.0,0.6
2018-03-31,65.0,272.2,126.6,362.4,41.3,7.0,24.0,0.5
2018-04-01,46.0,102.4,89.7,192.1,25.5,9.8,23.0,0.7
2018-04-02,37.0,89.4,60.0,143.2,16.3,6.6,23.0,0.6
2018-04-03,70.0,390.7,137.4,528.1,29.8,7.7,23.0,0.5
2018-04-04,78.0,392.9,152.3,545.2,52.0,8.4,25.0,0.7
2018-04-05,48.0,229.1,92.3,296.2,31.4,9.1,23.0,0.8
2018-04-06,64.0,218.3,125.4,305.3,30.1,9.2,23.0,0.6
2018-04-07,40.0,126.6,75.3,178.5,25.7,11.9,23.0,0.7
2018-04-08,45.0,114.4,87.5,194.5,26.4,11.7,23.0,0.6
2018-04-09,60.0,339.3,119.3,435.5,56.3,9.5,23.0,0.6
2018-04-10,52.0,192.8,96.4,287.1,44.8,16.2,22.0,1.1
2018-04-11,62.0,266.3,92.9,359.2,18.4,7.1,14.0,1.0
2018-04-12,68.0,647.9,48.0,696.0,42.4,16.4,18.0,
2018-04-13,78.0,618.7,173.2,791.9,39.6,15.4,21.0,
2018-04-14,57.0,0.0,0.0,0.0,38.3,15.9,21.0,
2018-04-15,60.0,,,,38.3,15.8,20.0,
2018-04-16,68.0,676.0,208.9,884.9,41.5,15.9,23.0,0.3
2018-04-17,74.0,283.7,117.4,376.0,62.1,16.3,24.0,0.5
2018-04-18,64.0,212.4,95.2,307.6,25.8,10.3,20.0,1.0
2018-04-19,63.0,245.4,124.4,330.6,27.9,9.9,20.0,0.6
2018-04-20,64.0,328.9,126.3,416.6,28.3,7.7,22.0,0.5
2018-04-21,60.0,175.7,118.4,294.1,16.2,7.3,21.0,0.4
2018-04-22,33.0,51.6,50.0,101.6,21.5,9.3,20.0,0.9
2018-04-23,67.0,202.7,135.5,338.2,29.1,9.0,19.0,0.6
2018-04-24,56.0,249.7,111.5,335.1,23.6,7.9,19.0,0.6
2018-04-25,28.0,102.8,55.3,158.1,21.3,12.6,20.0,0.6
2018-04-26,55.0,364.3,109.4,462.1,27.8,9.4,20.0,0.9
2018-04-27,32.0,69.4,51.7,121.1,22.6,8.1,19.0,0.8
2018-04-28,44.0,17.3,32.1,45.5,31.5,13.0,19.0,1.2
2018-04-29,46.0,23.3,39.0,62.3,24.4,9.7,21.0,0.8
2018-04-30,37.0,139.3,54.1,193.3,16.6,6.1,21.0,0.7
2018-05-01,43.0,246.2,82.8,329.0,19.1,8.1,21.0,0.7
2018-05-02,31.0,49.0,47.9,96.2,17.0,6.7,21.0,0.9
2018-05-03,59.0,150.7,115.2,265.8,27.1,12.0,18.0,0.7
2018-05-04,54.0,438.7,105.9,523.4,37.4,17.6,19.0,0.9
2018-05-05,46.0,150.4,78.6,226.5,31.1,16.7,19.0,0.6
2018-05-06,42.0,139.2,71.9,196.9,27.6,13.8,20.0,0.5
2018-05-07,53.0,179.3,105.7,252.1,39.0,15.5,19.0,0.9
2018-05-08,61.0,296.2,122.3,418.6,45.0,15.4,20.0,0.6
2018-05-09,66.0,220.1,133.7,353.8,33.1,14.8,21.0,0.8
2018-05-10,42.0,282.1,83.8,365.9,29.5,14.1,19.0,0.8
2018-05-11,76.0,179.7,151.6,301.2,30.4,12.3,20.0,0.8
2018-05-12,56.0,147.6,110.2,257.9,19.7,8.7,19.0,0.7
2018-05-13,39.0,97.5,75.1,172.6,19.3,8.5,21.0,1.3
2018-05-14,82.0,249.1,158.2,407.3,18.7,7.7,22.0,0.5
2018-05-15,42.0,103.6,83.3,180.9,18.2,7.3,20.0,0.9
2018-05-16,61.0,345.2,117.2,462.4,30.8,8.7,22.0,0.6
2018-05-17,60.0,252.7,115.5,360.6,20.9,9.3,18.0,0.6
2018-05-18,67.0,304.6,126.7,431.3,24.7,10.3,20.0,0.4
2018-05-19,54.0,168.0,106.4,263.5,50.9,9.1,18.0,1.9
2018-05-20,44.0,130.3,85.2,179.7,16.1,8.3,19.0,0.7
2018-05-21,85.0,352.5,168.2,520.4,29.5,10.3,21.0,0.5
2018-05-22,76.0,309.2,151.7,460.9,34.1,9.1,20.0,0.8
2018-05-23,78.0,305.3,158.0,414.2,28.2,10.4,16.0,1.0
2018-05-24,82.0,335.6,167.6,468.1,32.7,11.6,17.0,0.6
2018-05-25,73.0,299.2,150.4,436.7,32.1,13.7,16.0,1.5
2018-05-26,44.0,186.5,84.2,270.0,23.7,11.8,15.0,1.0
2018-05-27,74.0,127.5,151.8,279.4,20.3,8.5,16.0,0.6
2018-05-28,51.0,159.9,102.8,262.7,18.0,7.5,12.0,1.1
2018-05-29,51.0,162.4,103.8,265.4,20.7,10.4,14.0,0.7
2018-05-30,58.0,285.5,118.3,387.6,21.0,13.1,14.0,0.7
2018-05-31,43.0,293.3,89.3,382.6,36.4,27.3,14.0,1.1
2018-06-01,45.0,67.6,46.5,110.9,28.8,21.3,15.0,1.0
2018-06-02,34.0,8.6,33.1,41.8,20.4,7.0,16.0,1.2
2018-06-03,34.0,9.0,22.0,26.7,21.1,7.9,16.0,0.9
2018-06-04,24.0,5.1,28.6,32.7,24.3,9.7,17.0,0.9
2018-06-05,53.0,125.8,106.2,197.9,34.6,14.0,17.0,0.9
2018-06-06,67.0,252.1,135.2,347.9,31.4,13.5,15.0,0.7
2018-06-07,41.0,102.3,80.7,169.1,15.6,6.6,13.0,1.1
2018-06-08,48.0,228.1,96.9,276.2,41.9,30.0,16.0,0.7
2018-06-09,45.0,222.7,63.1,283.3,38.0,26.2,15.0,0.7
2018-06-10,35.0,18.0,32.0,50.0,12.1,7.9,15.0,0.6
2018-06-11,26.0,91.6,54.4,137.5,13.5,8.8,13.0,1.5
2018-06-12,65.0,262.1,132.1,371.0,36.5,10.1,16.0,1.3
2018-06-13,58.0,234.1,116.6,350.7,37.0,9.8,18.0,0.3
2018-06-14,53.0,224.2,105.8,330.0,29.1,10.8,17.0,0.8
2018-06-15,61.0,245.9,104.2,332.2,30.6,11.5,17.0,1.3
2018-06-16,51.0,153.6,104.5,256.6,22.9,9.0,18.0,0.7
2018-06-17,47.0,125.7,96.0,221.7,25.6,13.5,19.0,0.5
2018-06-18,65.0,183.9,132.7,308.3,47.6,10.1,18.0,0.9
2018-06-19,61.0,241.8,122.8,364.7,29.6,9.5,17.0,1.0
2018-06-20,35.0,75.3,59.7,134.9,12.0,5.2,14.0,
2018-06-21,29.0,32.2,57.7,89.9,12.1,4.9,13.0,1.0
2018-06-22,58.0,193.5,114.3,281.5,21.5,14.6,14.0,0.8
2018-06-23,43.0,153.6,87.3,240.9,21.6,15.3,15.0,0.4
2018-06-24,41.0,95.8,81.9,177.7,12.0,5.6,15.0,0.6
2018-06-25,74.0,247.7,151.4,399.0,37.1,7.7,14.0,1.2
2018-06-26,65.0,234.4,130.2,360.1,29.4,9.9,12.0,1.2
2018-06-27,56.0,450.2,113.2,563.4,43.9,29.4,14.0,1.0
2018-06-28,74.0,258.3,93.4,342.5,41.0,28.3,14.0,0.7
2018-06-29,49.0,223.4,102.4,320.3,44.9,34.7,12.0,0.9
2018-06-30,67.0,271.1,113.6,331.8,36.8,27.9,14.0,1.1
2018-07-01,55.0,107.0,100.3,192.1,22.2,16.7,14.0,0.7
2018-07-02,45.0,214.4,91.9,305.2,24.4,10.5,17.0,0.5
2018-07-03,41.0,125.3,74.6,190.8,17.4,7.2,13.0,1.1
2018-07-04,57.0,423.7,121.7,545.3,31.1,15.2,14.0,0.8
2018-07-05,42.0,133.2,85.3,218.5,25.6,8.9,14.0,0.8
2018-07-06,46.0,139.9,93.4,220.0,28.2,20.0,14.0,0.8
2018-07-07,43.0,106.2,87.8,186.5,33.0,18.9,16.0,0.7
2018-07-08,33.0,66.0,65.3,119.3,20.0,8.0,16.0,0.9
2018-07-09,49.0,137.1,98.9,219.4,36.6,11.6,16.0,1.9
2018-07-10,72.0,244.2,151.2,395.3,44.0,13.6,15.0,0.7
2018-07-11,73.0,315.5,144.6,460.1,44.6,9.8,15.0,0.7
2018-07-12,55.0,303.2,112.8,386.4,39.5,24.5,16.0,0.6
2018-07-13,51.0,208.7,72.9,276.3,32.5,22.8,14.0,1.1
2018-07-14,34.0,9.1,35.7,40.9,24.8,10.4,16.0,1.8
2018-07-15,46.0,105.4,93.0,198.3,31.6,17.6,15.0,1.4
2018-07-16,64.0,263.8,118.2,382.0,108.7,15.2,17.0,0.6
2018-07-17,61.0,471.1,122.8,594.0,60.9,13.7,17.0,0.5
2018-07-18,52.0,314.0,114.0,424.9,34.9,12.6,16.0,1.1
2018-07-19,51.0,251.8,103.8,338.5,38.7,9.0,16.0,0.7
2018-07-20,54.0,338.2,112.4,450.5,0.0,0.0,16.0,0.9
2018-07-21,43.0,127.7,86.6,208.0,0.0,0.0,16.0,0.8
2018-07-22,49.0,240.6,98.6,335.6,0.0,0.0,16.0,0.8
2018-07-23,62.0,283.7,125.5,405.5,26.4,16.7,15.0,0.8
2018-07-24,66.0,305.1,133.0,427.5,47.8,21.0,14.0,1.0
2018-07-25,63.0,258.3,127.4,372.6,33.8,17.0,16.0,1.1
2018-07-26,79.0,291.1,161.2,452.3,40.2,14.7,18.0,0.8
2018-07-27,74.0,221.8,150.9,337.5,36.6,11.3,15.0,0.7
2018-07-28,51.0,224.6,109.0,312.9,46.6,13.2,18.0,0.4
2018-07-29,57.0,139.6,114.1,239.5,21.5,10.1,18.0,0.5
2018-07-30,53.0,186.0,104.3,290.3,22.6,13.3,16.0,0.7
2018-07-31,31.0,43.6,59.2,97.6,17.7,8.7,15.0,0.9
2018-08-01,34.0,187.9,114.0,283.2,34.8,18.6,17.0,0.7
2018-08-02,39.0,210.5,97.3,304.6,23.0,14.4,15.0,1.1
2018-08-03,32.0,203.1,124.6,295.8,27.9,18.2,15.0,0.8
2018-08-04,43.0,140.9,99.4,226.8,24.9,16.2,16.0,1.1
2018-08-05,36.0,98.4,75.6,160.5,14.2,7.0,14.0,0.7
2018-08-06,22.0,160.8,66.1,226.9,20.7,6.8,15.0,1.0
2018-08-07,23.0,180.4,105.9,286.4,20.9,8.9,17.0,1.1
2018-08-08,24.0,179.0,104.7,283.7,27.2,7.8,16.0,1.5
2018-08-09,,232.7,108.7,333.3,26.9,13.6,16.0,0.9
2018-08-10,,314.3,125.8,440.1,28.7,14.0,17.0,1.1
2018-08-11,,66.2,50.5,113.5,15.0,6.4,16.0,0.9
2018-08-12,,181.5,103.4,285.0,22.6,13.6,16.0,1.1
2018-08-13,,25.8,44.1,69.8,18.9,12.7,15.0,1.3
2018-08-14,,241.4,130.9,372.3,59.8,14.6,16.0,0.7
2018-08-15,,137.1,106.7,218.8,45.7,15.1,16.0,1.4
2018-08-16,,202.5,137.4,295.1,41.2,10.8,18.0,0.6
2018-08-17,,289.4,125.0,397.7,41.3,12.9,16.0,0.6
2018-08-18,,110.8,85.9,196.7,31.7,15.8,16.0,0.9
2018-08-19,,173.4,100.6,258.5,24.8,15.8,15.0,1.0
2018-08-20,43.0,143.3,113.8,239.9,53.3,12.2,17.0,0.9
2018-08-21,45.0,257.9,117.4,353.5,57.5,8.8,14.0,0.6
2018-08-22,47.0,204.2,154.6,358.7,34.2,9.2,15.0,0.6
2018-08-23,39.0,201.3,127.9,309.5,23.1,11.0,16.0,0.9
2018-08-24,29.0,208.8,124.0,288.8,21.9,11.6,15.0,0.9
2018-08-25,38.0,85.3,107.1,158.7,28.3,10.5,16.0,1.0
2018-08-26,42.0,107.1,84.0,162.7,28.3,11.0,16.0,0.7
2018-08-27,46.0,137.6,94.9,232.5,50.1,11.9,14.0,0.7
2018-08-28,43.0,15.3,34.5,49.4,17.5,9.5,0.0,
2018-08-29,40.0,179.3,113.8,293.0,33.0,9.1,17.0,0.5
2018-08-30,42.0,194.0,99.2,277.4,19.1,9.8,17.0,1.0
2018-08-31,52.0,202.3,106.1,298.2,31.5,9.3,17.0,0.8
2018-09-01,53.0,212.2,108.1,282.5,38.7,14.9,17.0,0.9
2018-09-02,45.0,114.3,79.2,180.6,32.9,13.6,17.0,0.8
2018-09-03,86.0,287.0,177.0,396.3,33.1,10.5,14.0,0.6
2018-09-04,35.0,132.0,64.2,196.2,21.4,7.3,14.0,1.1
2018-09-05,37.0,122.3,74.5,191.1,,,15.0,1.2
2018-09-06,32.0,90.7,65.2,147.8,14.5,6.2,13.0,1.2
2018-09-07,54.0,103.6,108.9,212.6,25.1,9.1,15.0,1.2
2018-09-08,37.0,67.4,75.1,139.0,18.5,7.7,17.0,1.2
2018-09-09,36.0,85.7,72.2,149.0,16.4,6.5,15.0,1.0
2018-09-10,49.0,168.8,99.0,251.9,16.3,4.9,14.0,1.1
2018-09-11,43.0,73.9,87.6,154.9,23.0,10.7,16.0,0.9
2018-09-12,66.0,316.7,134.5,438.5,27.0,11.8,17.0,1.3
2018-09-13,50.0,117.7,101.6,200.3,17.1,8.3,16.0,1.1
2018-09-14,60.0,114.3,122.7,229.2,18.7,10.4,16.0,1.0
2018-09-15,50.0,45.0,58.4,103.5,20.4,11.3,18.0,1.2
2018-09-16,39.0,84.9,80.4,165.3,,,17.0,1.3
2018-09-17,39.0,62.7,78.0,123.4,20.9,8.1,18.0,1.3
2018-09-18,32.0,45.5,49.7,95.3,14.0,6.2,18.0,1.4
2018-09-19,22.0,28.3,44.0,68.8,11.4,5.5,18.0,1.1
2018-09-20,43.0,118.9,86.5,183.2,16.0,7.6,21.0,0.9
2018-09-21,61.0,193.0,123.7,315.4,30.5,9.1,18.0,0.8
2018-09-22,55.0,90.8,111.4,202.1,18.9,9.8,18.0,0.8
2018-09-23,33.0,35.6,49.4,81.8,,,18.0,1.0
2018-09-24,71.0,214.7,145.7,320.6,,,18.0,0.6
2018-09-25,53.0,206.4,110.7,317.2,,,15.0,1.2
2018-09-26,81.0,217.8,163.6,319.8,43.9,9.3,17.0,0.8
2018-09-27,49.0,162.4,100.4,235.3,35.0,8.6,17.0,0.8
2018-09-28,53.0,180.4,108.4,288.8,17.7,9.8,16.0,0.8
2018-09-29,46.0,146.1,94.1,240.2,17.8,11.0,17.0,0.8
2018-09-30,38.0,76.8,81.1,154.9,56.1,42.1,17.0,1.0
2018-10-01,65.0,251.8,137.8,387.2,47.8,8.0,18.0,0.4
2018-10-02,46.0,169.7,95.2,249.8,31.0,8.4,17.0,
2018-10-03,53.0,152.6,106.8,231.7,17.4,5.7,17.0,
2018-10-04,32.0,132.7,64.7,197.3,20.4,6.9,17.0,
2018-10-05,39.0,188.3,80.9,259.4,19.1,8.3,20.0,
2018-10-06,33.0,93.3,52.5,139.3,38.0,9.3,18.0,
2018-10-07,38.0,75.6,80.0,143.7,21.4,9.6,18.0,
2018-10-08,39.0,162.0,80.8,238.9,22.4,7.0,19.0,
2018-10-09,59.0,294.9,120.5,415.4,24.5,7.6,18.0,
2018-10-10,88.0,233.9,178.0,384.0,30.9,6.4,18.0,
2018-10-11,60.0,179.9,119.7,299.6,31.7,8.1,17.0,
2018-10-12,57.0,345.5,114.0,459.6,41.9,10.2,17.0,
2018-10-13,38.0,98.4,76.2,150.6,,,14.0,
2018-10-14,35.0,124.3,70.9,185.9,16.2,6.9,18.0,
2018-10-15,59.0,310.7,125.3,436.0,28.4,9.5,19.0,0.4
2018-10-16,57.0,203.7,117.4,312.5,27.5,9.0,17.0,0.8
2018-10-17,49.0,195.8,99.3,295.1,18.4,6.9,17.0,0.9
2018-10-18,32.0,105.8,67.3,163.3,23.6,9.9,18.0,0.9
2018-10-19,54.0,120.0,110.0,229.9,48.6,10.3,20.0,1.0
2018-10-20,48.0,202.3,63.4,265.7,20.6,8.8,22.0,0.7
2018-10-21,34.0,111.0,67.7,169.6,21.0,13.9,21.0,0.6
2018-10-22,40.0,178.2,81.0,251.4,35.8,23.2,20.0,0.7
2018-10-23,34.0,160.5,68.7,229.2,15.2,5.7,20.0,0.8
2018-10-24,49.0,252.8,97.4,331.9,30.8,8.2,20.0,0.9
2018-10-25,45.0,231.9,89.3,313.2,29.5,8.2,21.0,0.5
2018-10-26,49.0,148.4,96.0,244.4,27.5,10.7,19.0,0.7
2018-10-27,44.0,120.4,56.3,172.5,25.5,8.9,19.0,1.0
2018-10-28,39.0,138.3,77.8,216.1,10.6,4.6,20.0,0.6
2018-10-29,47.0,171.0,94.7,247.1,24.1,7.6,20.0,0.8
2018-10-30,60.0,244.5,119.2,339.9,26.8,11.2,16.0,0.7
2018-10-31,39.0,142.6,75.2,217.7,24.2,10.1,21.0,0.7
2018-11-01,44.0,270.6,78.0,344.2,33.7,12.7,16.0,1.2
2018-11-02,45.0,169.7,76.1,239.9,27.0,10.1,19.0,0.9
2018-11-03,53.0,212.2,74.5,280.0,37.8,12.9,19.0,0.8
2018-11-04,58.0,83.1,62.0,145.1,37.5,15.3,21.0,1.0
2018-11-05,54.0,267.1,72.8,339.9,26.5,14.1,19.0,0.9
2018-11-06,48.0,155.1,80.1,235.1,35.4,11.8,20.0,0.7
2018-11-07,51.0,237.5,60.7,295.5,31.6,12.7,21.0,1.2
2018-11-08,47.0,271.4,88.3,359.7,29.9,10.7,20.0,0.6
2018-11-09,50.0,188.9,102.6,284.1,24.8,9.7,21.0,0.7
2018-11-10,38.0,67.8,67.5,125.5,23.5,10.8,19.0,0.8
2018-11-11,39.0,113.0,63.0,167.8,23.8,13.4,18.0,0.8
2018-11-12,44.0,126.7,90.5,216.2,17.0,6.3,20.0,0.7
2018-11-13,32.0,118.3,65.9,184.2,20.4,8.4,21.0,0.9
2018-11-14,32.0,44.0,34.1,73.5,19.4,7.5,21.0,1.1
2018-11-15,28.0,66.3,54.5,120.8,18.9,5.6,20.0,1.4
2018-11-16,25.0,78.0,52.1,127.8,17.1,7.4,21.0,1.1
2018-11-17,37.0,148.7,76.8,211.7,31.4,9.7,23.0,0.8
2018-11-18,58.0,117.0,117.3,202.7,20.5,9.6,23.0,0.7
2018-11-19,44.0,132.7,88.3,214.3,21.1,6.7,19.0,0.9
2018-11-20,54.0,190.7,106.8,280.9,18.6,7.5,17.0,0.7
2018-11-21,41.0,227.2,81.8,290.8,25.2,6.4,18.0,0.7
2018-11-22,51.0,246.0,100.1,319.9,14.9,6.3,19.0,0.9
2018-11-23,39.0,212.6,77.3,285.6,22.9,8.4,21.0,1.1
2018-11-24,26.0,17.7,33.9,51.6,13.8,6.0,18.0,0.8
2018-11-25,46.0,121.4,90.7,191.6,47.1,14.9,21.0,0.5
2018-11-26,65.0,219.3,128.8,348.2,44.5,14.6,21.0,0.7
2018-11-27,54.0,62.7,66.7,129.5,21.5,8.5,22.0,0.8
2018-11-28,49.0,216.0,98.0,280.9,26.1,9.6,24.0,0.8
2018-11-29,41.0,132.3,78.4,191.4,26.0,11.4,23.0,1.1
2018-11-30,35.0,31.2,33.9,65.1,27.7,8.7,20.0,0.8
2018-12-01,44.0,25.4,31.2,53.4,31.9,13.9,19.0,0.9
2018-12-02,57.0,55.5,41.6,97.1,30.7,13.2,23.0,1.2
2018-12-03,74.0,282.4,145.8,428.3,32.3,9.4,20.0,0.8
2018-12-04,55.0,250.5,108.5,359.0,34.4,11.8,22.0,0.6
2018-12-05,52.0,250.1,101.0,320.0,34.9,12.7,23.0,
2018-12-06,52.0,264.7,103.7,340.9,23.0,9.3,20.0,
2018-12-07,38.0,139.2,58.5,189.5,24.6,9.9,21.0,0.9
2018-12-08,43.0,91.7,49.1,133.1,24.2,9.8,23.0,0.9
2018-12-09,48.0,58.5,48.3,99.2,28.5,11.0,22.0,1.0
2018-12-10,48.0,97.9,58.6,155.4,31.3,13.2,22.0,0.8
2018-12-11,55.0,213.7,93.5,307.2,34.4,13.0,23.0,0.8
2018-12-12,62.0,208.8,123.8,308.7,24.9,6.9,23.0,1.3
2018-12-13,56.0,304.6,111.7,390.5,28.3,8.9,24.0,0.8
2018-12-14,34.0,130.5,68.4,195.1,24.9,7.1,23.0,0.8
2018-12-15,26.0,61.1,38.1,99.2,14.6,6.5,22.0,0.9
2018-12-16,30.0,69.1,61.7,113.5,11.0,5.0,26.0,0.9
2018-12-17,48.0,184.6,97.0,271.1,17.2,6.3,25.0,0.9
2018-12-18,34.0,124.8,67.2,192.0,12.4,6.0,26.0,0.8
2018-12-19,45.0,217.9,88.5,289.2,37.4,8.0,27.0,0.8
2018-12-20,58.0,214.4,115.8,326.4,19.5,7.5,23.0,0.7
2018-12-21,66.0,295.8,130.3,386.7,25.8,14.8,23.0,0.5
2018-12-22,30.0,107.5,60.4,154.6,12.1,5.7,24.0,0.7
2018-12-23,20.0,18.0,22.5,37.1,11.5,5.0,20.0,0.9
2018-12-24,27.0,42.9,54.2,87.9,11.9,4.7,20.0,1.0
2018-12-25,29.0,48.2,58.9,99.4,23.5,7.8,21.0,1.0
2018-12-26,50.0,66.6,54.4,107.3,34.8,13.7,23.0,0.9
2018-12-27,56.0,87.3,47.5,124.5,27.7,10.4,23.0,0.8
2018-12-28,45.0,54.7,40.4,87.8,19.9,7.4,24.0,0.6
2018-12-29,34.0,31.9,33.1,64.8,20.2,8.2,23.0,0.9
2018-12-30,32.0,157.1,42.8,191.2,14.7,7.3,26.0,0.8
2018-12-31,33.0,119.2,68.0,185.2,22.6,11.0,24.0,0.6
2019-01-01,36.0,59.0,36.3,82.7,24.3,11.2,24.0,0.6
2019-01-02,30.0,64.4,48.5,112.8,15.5,6.4,25.0,0.7
2019-01-03,35.0,154.6,71.4,195.0,29.5,8.4,26.0,0.6
2019-01-04,41.0,59.4,41.4,85.0,27.8,10.3,25.0,1.1
2019-01-05,54.0,112.2,44.0,151.3,30.2,10.9,27.0,0.8
2019-01-06,48.0,87.7,51.7,139.0,18.7,7.0,26.0,0.9
2019-01-07,31.0,152.9,63.6,216.5,18.8,8.5,27.0,0.9
2019-01-08,31.0,89.9,48.3,136.3,18.6,6.9,26.0,0.8
2019-01-09,34.0,67.1,58.7,118.6,22.2,10.5,25.0,0.9
2019-01-10,40.0,95.4,80.3,164.3,34.9,10.6,26.0,1.2
2019-01-11,61.0,233.6,124.2,298.7,23.3,8.9,28.0,0.6
2019-01-12,34.0,79.4,35.0,111.1,25.4,11.2,26.0,1.0
2019-01-13,44.0,106.1,53.3,151.1,27.6,12.6,26.0,1.0
2019-01-14,53.0,196.0,108.1,304.1,22.0,8.5,23.0,0.7
2019-01-15,27.0,83.6,51.9,129.0,17.7,6.4,22.0,0.7
2019-01-16,32.0,103.2,62.5,151.8,25.4,9.7,25.0,0.9
2019-01-17,41.0,201.3,71.6,242.2,30.3,9.1,25.0,0.8
2019-01-18,41.0,190.7,82.1,256.4,24.7,9.5,25.0,0.6
2019-01-19,35.0,100.7,51.8,140.0,19.0,9.6,27.0,0.6
2019-01-20,39.0,87.3,57.4,125.3,28.0,10.8,24.0,1.0
2019-01-21,44.0,164.0,90.0,248.7,26.5,10.1,26.0,0.9
2019-01-22,47.0,126.5,76.5,185.0,29.7,11.7,24.0,1.0
2019-01-23,46.0,159.5,65.8,224.3,23.4,8.8,25.0,0.8
2019-01-24,52.0,277.6,94.5,354.0,51.7,13.2,22.0,0.8
2019-01-25,53.0,178.5,68.9,223.0,25.1,10.0,24.0,0.6
2019-01-26,45.0,135.1,55.9,163.6,20.6,7.0,23.0,0.6
2019-01-27,37.0,119.6,77.1,174.1,15.7,6.2,26.0,0.7
2019-01-28,24.0,60.1,37.9,97.9,14.7,7.0,26.0,0.9
2019-01-29,34.0,109.5,69.6,165.5,22.4,11.7,28.0,1.0
2019-01-30,43.0,98.7,56.5,144.5,25.4,14.2,26.0,1.1
2019-01-31,45.0,104.5,70.4,174.9,28.6,13.8,25.0,1.2
2019-02-01,45.0,56.5,65.7,95.8,26.5,10.0,25.0,1.2
2019-02-02,42.0,71.1,47.1,103.3,33.0,14.3,26.0,0.7
2019-02-03,40.0,19.3,22.6,37.0,27.1,11.0,24.0,1.0
2019-02-04,44.0,113.5,70.5,184.0,22.3,8.4,25.0,1.1
2019-02-05,56.0,240.1,111.3,337.3,45.8,10.2,27.0,1.1
2019-02-06,39.0,45.4,39.4,74.4,17.2,10.3,28.0,0.8
2019-02-07,26.0,24.0,24.0,48.0,14.6,6.3,21.0,1.0
2019-02-08,26.0,32.4,40.3,72.7,17.2,6.9,23.0,1.4
2019-02-09,28.0,24.5,38.2,62.6,17.7,7.8,24.0,1.1
2019-02-10,29.0,63.6,47.0,110.6,14.8,6.5,25.0,1.2
2019-02-11,40.0,195.5,79.5,275.1,22.3,9.1,29.0,0.7
2019-02-12,51.0,231.2,101.5,310.9,36.3,7.4,29.0,0.5
2019-02-13,34.0,164.9,67.8,232.6,18.1,6.1,27.0,0.7
2019-02-14,44.0,129.5,88.4,180.5,21.5,6.6,26.0,0.9
2019-02-15,31.0,114.8,62.0,167.7,24.9,7.9,28.0,0.9
2019-02-16,40.0,58.2,43.4,101.6,26.2,10.1,25.0,0.9
2019-02-17,47.0,62.5,37.4,99.9,26.1,9.9,25.0,1.0
2019-02-18,46.0,122.2,65.9,163.4,23.4,8.3,24.0,0.7
2019-02-19,39.0,122.6,78.3,189.2,21.9,6.5,25.0,0.6
2019-02-20,45.0,191.4,91.1,282.5,23.3,8.4,25.0,0.8
2019-02-21,32.0,108.8,45.1,147.1,22.3,8.2,25.0,1.1
2019-02-22,53.0,188.5,105.6,294.1,18.5,6.7,23.0,0.7
2019-02-23,28.0,134.5,52.8,175.2,23.7,8.5,22.0,0.6
2019-02-24,35.0,135.3,65.8,191.9,18.6,6.6,24.0,0.8
2019-02-25,27.0,121.9,51.8,173.7,19.9,6.5,22.0,1.5
2019-02-26,44.0,138.7,90.4,187.3,16.1,5.1,24.0,1.0
2019-02-27,33.0,124.8,67.7,172.7,17.2,5.3,24.0,0.9
2019-02-28,38.0,105.2,78.1,167.3,23.7,8.1,23.0,0.9
2019-03-01,58.0,189.5,118.5,308.0,26.2,9.6,22.0,0.8
2019-03-02,38.0,115.6,57.0,156.0,17.8,7.2,23.0,1.2
2019-03-03,27.0,109.6,56.6,152.8,15.9,6.5,26.0,0.6
2019-03-04,38.0,135.0,77.2,212.2,21.5,7.6,25.0,0.9
2019-03-05,54.0,205.1,109.7,256.2,17.0,5.9,24.0,0.6
2019-03-06,47.0,165.2,95.1,243.8,23.6,9.1,25.0,1.1
2019-03-07,56.0,269.8,114.9,384.7,23.8,7.8,23.0,0.9
2019-03-08,57.0,241.1,114.4,355.5,34.4,10.4,23.0,0.6
2019-03-09,39.0,106.1,61.6,167.7,35.8,10.0,20.0,0.7
2019-03-10,36.0,60.9,54.6,99.7,15.9,6.5,23.0,0.6
2019-03-11,44.0,288.6,90.3,366.6,24.4,10.1,25.0,0.7
2019-03-12,59.0,284.2,122.4,406.6,24.7,8.4,22.0,1.0
2019-03-13,53.0,292.5,109.1,347.1,30.1,8.4,27.0,0.7
2019-03-14,46.0,219.5,95.0,258.4,21.3,8.4,27.0,0.7
2019-03-15,28.0,70.9,47.0,113.0,13.9,6.8,25.0,1.1
2019-03-16,31.0,148.9,63.8,212.7,14.8,8.0,24.0,0.8
2019-03-17,25.0,58.0,37.0,88.4,16.7,11.0,25.0,0.7
2019-03-18,33.0,52.8,39.8,92.3,19.4,7.8,23.0,1.1
2019-03-19,40.0,177.3,81.4,258.7,17.7,9.2,20.0,0.6
2019-03-20,37.0,73.2,75.4,138.2,18.7,9.5,23.0,0.6
2019-03-21,31.0,66.8,62.7,108.2,15.2,8.0,24.0,1.0
2019-03-22,53.0,277.8,108.1,385.9,23.8,6.9,24.0,0.8
2019-03-23,29.0,114.0,49.7,146.2,17.5,9.8,24.0,0.7
2019-03-24,31.0,66.3,53.2,115.7,14.0,9.0,22.0,0.9
2019-03-25,36.0,77.3,73.2,150.6,18.8,6.5,24.0,0.9
2019-03-26,64.0,274.0,129.7,379.5,33.7,9.2,24.0,0.8
2019-03-27,48.0,184.6,97.8,279.7,30.2,8.3,24.0,0.7
2019-03-28,54.0,284.0,109.0,373.6,16.7,6.0,22.0,0.8
2019-03-29,22.0,24.0,29.0,53.0,15.3,6.3,24.0,1.2
2019-03-30,24.0,14.5,26.2,37.9,15.8,5.7,23.0,1.0
2019-03-31,30.0,20.4,29.9,50.3,22.9,9.5,24.0,0.8
2019-04-01,44.0,221.9,78.6,300.5,29.5,12.5,22.0,0.8
2019-04-02,37.0,113.6,73.9,169.9,23.1,8.8,22.0,0.8
2019-04-03,35.0,,,,16.6,5.8,19.0,0.8
2019-04-04,32.0,,,,15.6,7.8,21.0,0.6
2019-04-05,34.0,,,,13.2,6.5,21.0,1.0
2019-04-06,32.0,,,,14.8,9.5,17.0,0.4
2019-04-07,27.0,,,,12.9,6.9,15.0,0.6
2019-04-08,26.0,,,,16.9,7.2,0.0,0.6
2019-04-09,34.0,,,,15.3,6.1,21.0,0.7
2019-04-10,38.0,,,,19.2,6.2,0.0,0.0
2019-04-11,92.0,,,,23.9,11.1,17.0,0.0
2019-04-12,71.0,,,,24.2,11.8,17.0,1.4
2019-04-13,75.0,,,,19.3,9.3,0.0,0.7
2019-04-14,32.0,,,,17.9,8.8,13.0,0.4
2019-04-15,30.0,,,,16.3,7.2,19.0,0.8
2019-04-16,40.0,,,,24.1,9.4,19.0,0.7
2019-04-17,31.0,,,,13.0,6.4,19.0,0.9
2019-04-18,64.0,,,,17.6,7.9,20.0,0.9
2019-04-19,35.0,,,,30.3,20.3,20.0,0.8
2019-04-20,43.0,,,,26.7,17.9,22.0,0.8
2019-04-21,43.0,,,,21.6,15.0,20.0,0.8
2019-04-22,33.0,,,,9.8,5.8,18.0,1.0
2019-04-23,65.0,,,,14.5,6.7,19.0,0.9
2019-04-24,40.0,,,,19.2,8.7,21.0,0.8
2019-04-25,30.0,,,,14.9,6.3,21.0,0.7
2019-04-26,46.0,,,,16.1,8.5,21.0,0.7
2019-04-27,43.0,,,,34.2,23.5,22.0,0.5
2019-04-28,37.0,,,,24.8,10.3,19.0,0.5
2019-04-29,68.0,,,,30.9,12.2,18.0,0.8
2019-04-30,44.0,,,,26.8,11.0,18.0,1.0
2019-05-01,41.0,177.6,85.4,255.5,22.2,12.2,17.0,1.1
2019-05-02,45.0,160.3,94.3,224.1,20.0,8.4,19.0,0.7
2019-05-03,41.0,284.6,87.0,362.1,24.3,15.8,20.0,0.6
2019-05-04,45.0,162.2,73.2,220.2,28.6,15.8,19.0,0.5
2019-05-05,39.0,160.3,53.0,200.4,15.7,10.0,20.0,0.9
2019-05-06,26.0,35.3,36.2,67.3,15.3,8.5,18.0,0.8
2019-05-07,33.0,74.2,62.5,132.8,21.1,13.1,19.0,1.1
2019-05-08,35.0,88.5,66.2,154.6,22.1,10.1,20.0,1.0
2019-05-09,53.0,118.8,102.5,221.3,20.4,6.6,21.0,0.8
2019-05-10,71.0,276.5,139.9,404.6,27.5,10.8,22.0,0.4
2019-05-11,38.0,166.7,63.1,211.7,21.0,10.8,19.0,1.0
2019-05-12,36.0,58.6,35.0,93.6,31.7,12.6,20.0,1.2
2019-05-13,63.0,130.3,112.1,242.5,48.0,18.3,19.0,1.0
2019-05-14,79.0,283.1,157.3,403.5,39.0,14.5,17.0,0.6
2019-05-15,75.0,275.1,150.2,425.3,52.5,12.0,20.0,0.5
2019-05-16,49.0,206.1,96.8,286.0,24.1,10.6,19.0,0.8
2019-05-17,45.0,139.5,78.3,205.2,26.7,12.6,17.0,0.7
2019-05-18,49.0,165.4,97.1,249.5,26.1,11.3,18.0,0.5
2019-05-19,35.0,119.6,66.3,184.8,23.2,9.6,20.0,0.6
2019-05-20,45.0,119.3,89.8,197.1,27.4,10.2,17.0,0.7
2019-05-21,57.0,217.6,114.6,332.3,24.6,7.8,17.0,0.7
2019-05-22,58.0,210.9,117.5,322.5,30.8,7.2,17.0,0.7
2019-05-23,44.0,224.9,88.0,294.8,17.2,6.5,18.0,0.9
2019-05-24,57.0,157.3,116.7,274.0,23.3,11.8,18.0,0.8
2019-05-25,39.0,264.5,80.1,331.1,43.8,16.6,19.0,0.6
2019-05-26,43.0,159.5,86.0,245.5,26.5,13.5,18.0,0.7
2019-05-27,46.0,320.5,90.1,410.5,38.3,10.6,19.0,0.6
2019-05-28,38.0,120.2,74.2,172.0,37.6,11.1,19.0,1.2
2019-05-29,70.0,295.4,136.9,432.4,41.0,13.9,20.0,0.4
2019-05-30,56.0,269.8,107.5,373.5,53.5,10.8,20.0,0.7
2019-05-31,77.0,235.3,152.6,324.4,76.3,15.1,17.0,0.8
2019-06-01,55.0,203.4,103.4,306.1,125.8,27.6,16.0,0.6
2019-06-02,46.0,81.0,63.1,141.9,21.3,11.2,14.0,1.0
2019-06-03,34.0,130.2,67.7,172.3,28.6,19.8,14.0,0.7
2019-06-04,50.0,266.7,98.9,345.2,26.8,13.1,17.0,0.5
2019-06-05,65.0,255.6,125.6,381.2,31.8,11.4,16.0,1.2
2019-06-06,70.0,264.2,136.6,382.8,23.4,8.3,15.0,1.0
2019-06-07,55.0,203.1,113.8,313.7,27.9,12.0,13.0,0.9
2019-06-08,57.0,61.5,91.0,136.6,41.4,17.1,17.0,1.3
2019-06-09,61.0,139.7,77.8,217.5,43.4,22.9,17.0,0.8
2019-06-10,55.0,171.8,94.6,253.1,25.5,13.1,17.0,0.5
2019-06-11,60.0,243.9,121.1,349.3,31.8,11.9,17.0,0.5
2019-06-12,46.0,255.9,93.5,331.8,34.0,18.8,16.0,0.5
2019-06-13,58.0,292.3,117.5,375.9,30.3,17.5,16.0,1.2
2019-06-14,66.0,411.6,133.1,529.0,30.8,14.4,17.0,0.9
2019-06-15,41.0,223.4,81.9,294.0,21.5,8.3,19.0,0.7
2019-06-16,53.0,133.9,106.5,206.3,21.0,11.0,18.0,0.6
2019-06-17,65.0,339.1,131.2,470.3,27.2,11.2,16.0,0.7
2019-06-18,55.0,318.1,110.6,416.5,50.3,21.7,15.0,0.8
2019-06-19,45.0,152.9,63.6,212.6,27.3,18.1,14.0,0.9
2019-06-20,27.0,36.9,52.6,87.2,21.4,7.1,16.0,1.6
2019-06-21,62.0,200.3,123.7,324.1,35.3,16.1,17.0,1.2
2019-06-22,52.0,214.7,105.1,283.9,32.1,22.0,14.0,1.0
2019-06-23,60.0,194.0,120.7,261.6,21.9,14.6,16.0,0.6
2019-06-24,71.0,356.1,141.7,497.9,39.4,9.3,15.0,0.9
2019-06-25,33.0,109.7,67.3,177.0,17.6,7.1,15.0,0.8
2019-06-26,41.0,292.2,84.5,348.5,33.0,13.7,14.0,1.2
2019-06-27,39.0,202.4,79.9,282.3,51.8,17.8,14.0,0.8
2019-06-28,38.0,109.4,66.6,167.9,19.1,12.5,15.0,0.7
2019-06-29,35.0,42.5,52.2,92.1,16.6,12.2,15.0,0.9
2019-06-30,31.0,97.9,55.1,141.2,19.5,13.1,14.0,1.2
2019-07-01,28.0,25.0,45.0,70.0,17.7,6.8,16.0,1.3
2019-07-02,30.0,18.6,46.0,64.3,21.2,8.3,16.0,0.9
2019-07-03,46.0,37.4,51.5,88.3,30.3,12.6,18.0,1.3
2019-07-04,51.0,129.2,96.0,221.6,24.5,10.9,17.0,2.3
2019-07-05,54.0,247.0,103.2,321.8,22.6,14.5,13.0,1.0
2019-07-06,52.0,177.4,97.4,231.8,30.8,21.0,14.0,1.2
2019-07-07,41.0,108.3,66.9,152.9,23.9,16.1,13.0,0.8
2019-07-08,62.0,285.1,120.8,405.8,42.1,11.5,16.0,0.9
2019-07-09,59.0,265.5,118.4,369.3,24.2,16.0,15.0,0.7
2019-07-10,50.0,281.1,100.4,362.9,43.5,13.1,15.0,1.1
2019-07-11,57.0,227.9,116.9,293.7,21.5,11.2,16.0,0.5
2019-07-12,59.0,158.0,121.1,278.7,24.3,11.8,15.0,0.9
2019-07-13,45.0,219.0,82.7,276.5,36.4,10.5,18.0,0.6
2019-07-14,54.0,207.9,111.3,257.9,22.2,9.9,17.0,0.7
2019-07-15,59.0,361.9,121.0,461.4,21.5,8.5,17.0,0.8
2019-07-16,73.0,253.2,148.2,338.7,22.2,9.9,16.0,0.9
2019-07-17,80.0,340.7,178.0,412.0,35.8,14.0,17.0,0.6
2019-07-18,75.0,279.4,150.8,379.8,30.1,15.3,16.0,0.6
2019-07-19,62.0,264.5,126.1,362.8,29.8,12.1,15.0,1.5
2019-07-20,68.0,212.6,137.6,349.4,17.3,8.4,16.0,0.5
2019-07-21,36.0,167.3,73.5,226.5,20.7,13.1,16.0,0.9
2019-07-22,48.0,317.3,98.9,399.0,31.9,16.2,16.0,1.1
2019-07-23,43.0,198.1,85.9,266.5,26.0,17.1,15.0,1.1
2019-07-24,51.0,380.0,105.5,485.5,36.4,21.3,15.0,1.4
2019-07-25,61.0,449.9,128.3,564.9,40.6,22.5,14.0,1.3
2019-07-26,40.0,7.0,24.2,31.0,12.3,4.4,16.0,1.1
2019-07-27,23.0,6.6,24.4,31.0,14.4,6.8,16.0,1.3
2019-07-28,24.0,8.2,35.2,42.7,15.5,5.6,15.0,1.2
2019-07-29,28.0,58.2,57.4,115.6,17.1,8.4,16.0,1.1
2019-07-30,68.0,287.8,136.9,424.8,26.2,7.6,17.0,0.5
2019-07-31,63.0,244.6,126.5,320.8,28.3,10.1,15.0,0.6
2019-08-01,59.0,210.8,118.2,327.9,22.0,12.2,13.0,0.9
2019-08-02,71.0,234.2,142.3,347.0,34.3,14.6,17.0,0.9
2019-08-03,46.0,99.6,83.8,164.9,26.8,13.6,15.0,1.2
2019-08-04,60.0,104.3,120.4,224.7,23.8,10.8,15.0,0.7
2019-08-05,61.0,227.6,124.6,318.8,22.4,11.3,12.0,1.1
2019-08-06,78.0,247.7,160.6,370.4,25.9,9.1,15.0,0.8
2019-08-07,80.0,325.0,165.1,490.1,18.2,6.9,16.0,0.6
2019-08-08,73.0,274.4,150.3,424.7,18.4,10.6,16.0,0.5
2019-08-09,49.0,235.0,99.5,318.2,14.7,9.5,15.0,0.9
2019-08-10,51.0,146.7,103.7,235.3,34.4,14.9,18.0,0.6
2019-08-11,56.0,75.9,58.1,130.7,32.8,13.3,19.0,0.6
2019-08-12,49.0,187.9,100.2,287.8,31.4,11.8,16.0,0.8
2019-08-13,65.0,206.8,133.5,300.1,22.7,8.7,16.0,0.8
2019-08-14,56.0,193.3,115.0,293.5,20.0,11.2,17.0,1.2
2019-08-15,43.0,150.4,89.3,223.0,20.9,12.7,14.0,0.9
2019-08-16,84.0,203.9,173.8,358.8,15.4,6.4,15.0,0.7
2019-08-17,59.0,181.3,123.0,287.5,16.5,8.2,16.0,0.5
2019-08-18,25.0,31.9,47.9,74.2,13.9,8.2,12.0,1.1
2019-08-19,32.0,49.9,66.6,116.5,14.3,5.9,13.0,1.1
2019-08-20,29.0,46.9,44.4,84.8,24.3,9.6,14.0,1.8
2019-08-21,66.0,211.2,135.4,304.9,26.0,9.1,16.0,1.0
2019-08-22,57.0,242.4,115.1,315.9,30.0,13.0,16.0,0.8
2019-08-23,41.0,182.1,85.0,265.0,21.9,13.1,14.0,0.8
2019-08-24,37.0,76.3,68.6,144.9,26.1,11.5,16.0,1.3
2019-08-25,38.0,145.7,107.0,252.7,22.6,10.4,17.0,1.0
2019-08-26,63.0,277.7,160.5,386.4,37.9,15.8,17.0,0.8
2019-08-27,56.0,166.7,108.2,263.9,26.1,11.9,16.0,1.0
2019-08-28,74.0,197.4,146.9,344.2,24.4,10.2,16.0,1.3
2019-08-29,64.0,213.5,128.7,316.1,21.1,8.8,17.0,0.9
2019-08-30,68.0,247.5,136.3,383.8,21.8,7.9,16.0,0.6
2019-08-31,32.0,95.8,64.4,158.1,19.7,10.6,16.0,1.0
2019-09-01,41.0,112.7,84.0,156.2,20.4,12.5,16.0,1.1
2019-09-02,44.0,283.5,89.9,371.8,29.7,15.0,16.0,1.2
2019-09-03,31.0,5.2,24.7,28.4,16.4,5.3,16.0,1.9
2019-09-04,29.0,30.7,41.3,67.4,23.4,9.2,18.0,1.6
2019-09-05,40.0,57.2,62.8,116.4,21.9,9.4,17.0,2.0
2019-09-06,59.0,174.3,117.3,263.5,27.0,10.4,16.0,1.2
2019-09-07,46.0,142.5,91.0,209.7,28.5,11.2,17.0,0.8
2019-09-08,52.0,161.5,98.4,219.8,43.2,13.3,18.0,1.0
2019-09-09,52.0,74.8,73.7,129.0,29.5,14.4,17.0,1.6
2019-09-10,39.0,23.8,38.7,59.0,9.6,4.0,14.0,1.5
2019-09-11,46.0,171.8,94.5,235.0,21.8,8.7,16.0,1.2
2019-09-12,51.0,202.2,101.2,259.9,23.4,10.4,16.0,1.0
2019-09-13,59.0,288.1,119.5,353.6,21.6,9.1,18.0,0.5
2019-09-14,35.0,101.9,71.1,173.0,23.5,10.1,17.0,1.4
2019-09-15,55.0,138.0,114.5,221.5,13.4,6.0,17.0,0.7
2019-09-16,48.0,178.6,94.4,273.0,15.1,6.5,18.0,1.2
2019-09-17,63.0,242.1,124.5,363.7,32.1,10.0,20.0,0.7
2019-09-18,47.0,161.6,89.4,223.7,26.7,11.5,16.0,0.8
2019-09-19,66.0,154.6,133.5,287.5,25.1,9.1,17.0,1.2
2019-09-20,46.0,221.1,93.1,286.9,28.8,11.7,16.0,1.0
2019-09-21,39.0,102.8,74.2,156.2,24.6,10.8,18.0,0.9
2019-09-22,33.0,57.3,55.3,112.7,17.6,7.4,17.0,1.0
2019-09-23,52.0,217.0,103.9,298.0,49.2,7.8,18.0,0.6
2019-09-24,54.0,178.3,106.1,284.4,28.5,11.1,16.0,1.3
2019-09-25,67.0,233.9,131.4,336.5,27.5,10.8,16.0,1.0
2019-09-26,52.0,205.5,101.9,307.4,25.0,9.8,15.0,1.3
2019-09-27,61.0,214.9,122.3,313.8,26.1,12.1,17.0,0.8
2019-09-28,51.0,158.7,101.9,260.6,17.8,8.9,18.0,0.7
2019-09-29,44.0,107.4,89.3,172.3,16.1,8.2,19.0,0.5
2019-09-30,54.0,252.0,109.3,321.6,26.8,10.2,19.0,1.0
2019-10-01,64.0,239.2,128.4,346.0,22.7,8.1,16.0,0.8
2019-10-02,48.0,159.6,96.2,227.8,35.5,15.3,16.0,1.0
2019-10-03,52.0,227.9,104.3,318.1,29.0,10.8,16.0,0.9
2019-10-04,60.0,252.2,120.1,372.3,19.4,8.4,16.0,0.8
2019-10-05,48.0,146.8,97.7,223.5,19.0,7.3,18.0,0.4
2019-10-06,34.0,96.9,68.6,140.7,17.7,7.6,17.0,0.9
2019-10-07,30.0,45.9,52.6,96.2,19.3,7.4,16.0,1.3
2019-10-08,65.0,257.1,131.4,369.2,19.6,6.9,20.0,0.4
2019-10-09,26.0,112.5,47.6,157.0,16.8,9.0,19.0,1.5
2019-10-10,43.0,136.7,83.0,208.8,31.3,10.6,18.0,1.5
2019-10-11,85.0,337.0,164.0,501.0,19.0,8.2,18.0,1.2
2019-10-12,34.0,90.1,66.1,153.6,23.5,9.0,18.0,0.8
2019-10-13,33.0,48.9,64.6,102.4,39.7,28.8,19.0,1.1
2019-10-14,30.0,15.6,37.3,49.2,22.0,8.7,16.0,1.7
2019-10-15,27.0,23.7,50.2,73.9,19.0,7.8,18.0,1.3
2019-10-16,52.0,119.7,99.5,183.7,25.6,10.0,17.0,1.2
2019-10-17,64.0,244.6,102.6,334.6,21.0,9.7,18.0,0.6
2019-10-18,61.0,249.6,117.7,344.6,26.4,7.1,20.0,0.7
2019-10-19,46.0,156.4,89.8,202.8,31.4,11.5,20.0,0.7
2019-10-20,33.0,123.5,65.3,169.3,0.0,0.0,20.0,0.6
2019-10-21,60.0,277.3,119.1,376.6,0.0,0.0,20.0,0.6
2019-10-22,79.0,330.1,156.0,486.1,71.7,44.2,19.0,0.8
2019-10-23,256.0,523.2,168.3,691.4,305.5,209.4,15.0,1.1
2019-10-24,256.0,394.5,179.3,532.9,71.3,40.9,18.0,0.9
2019-10-25,71.0,232.6,129.0,358.5,30.7,13.2,17.0,1.0
2019-10-26,52.0,133.0,91.6,207.0,28.6,11.9,19.0,1.0
2019-10-27,55.0,161.5,109.0,270.5,17.3,7.6,22.0,0.7
2019-10-28,39.0,105.7,78.1,170.0,15.2,6.4,23.0,0.6
2019-10-29,62.0,397.6,122.2,519.7,21.2,7.1,19.0,0.8
2019-10-30,36.0,141.9,69.0,187.3,23.8,8.7,18.0,0.9
2019-10-31,53.0,91.5,83.7,153.8,33.3,13.7,20.0,1.0
2019-11-01,54.0,120.7,68.1,165.7,26.7,10.4,17.0,0.9
2019-11-02,45.0,63.0,62.6,109.9,23.3,9.9,19.0,0.9
2019-11-03,40.0,66.4,54.5,120.9,28.3,16.5,22.0,0.9
2019-11-04,36.0,116.3,64.7,169.7,18.6,9.5,23.0,0.9
2019-11-05,58.0,192.2,115.0,287.0,51.7,37.0,26.0,0.7
2019-11-06,64.0,312.1,129.2,433.0,50.1,20.8,25.0,1.0
2019-11-07,51.0,96.3,60.0,156.3,19.4,8.8,22.0,1.4
2019-11-08,43.0,107.8,75.5,183.4,26.2,11.6,22.0,1.1
2019-11-09,45.0,41.6,43.5,78.1,24.1,10.8,20.0,1.5
2019-11-10,42.0,123.8,75.1,198.9,22.9,9.5,22.0,1.4
2019-11-11,92.0,305.5,179.8,414.2,25.6,12.5,19.0,0.8
2019-11-12,67.0,320.0,132.9,441.5,19.8,8.1,16.0,0.9
2019-11-13,55.0,227.1,109.8,295.3,24.4,7.9,21.0,0.5
2019-11-14,77.0,365.8,151.9,517.7,29.0,11.7,22.0,0.6
2019-11-15,75.0,294.3,150.3,400.1,34.6,11.9,22.0,0.5
2019-11-16,61.0,205.7,123.1,277.2,35.5,11.6,24.0,0.4
2019-11-17,49.0,95.3,82.9,168.7,25.8,12.6,21.0,0.7
2019-11-18,52.0,177.8,106.0,259.2,31.6,15.8,23.0,0.8
2019-11-19,54.0,193.7,110.0,297.9,19.2,7.2,19.0,0.7
2019-11-20,59.0,277.5,119.3,358.7,32.8,9.6,22.0,0.7
2019-11-21,59.0,127.2,119.3,246.6,22.9,8.8,21.0,0.9
2019-11-22,41.0,93.6,67.5,148.9,23.9,8.4,21.0,1.0
2019-11-23,43.0,72.3,63.5,125.4,26.1,13.8,22.0,0.8
2019-11-24,51.0,41.0,37.6,78.6,27.7,15.5,21.0,0.7
2019-11-25,46.0,98.0,77.6,168.8,33.6,12.0,22.0,0.9
2019-11-26,53.0,256.2,85.1,322.8,39.4,14.4,23.0,1.3
2019-11-27,83.0,304.0,169.5,473.5,42.2,16.6,25.0,0.8
2019-11-28,63.0,108.1,95.3,203.5,45.8,16.3,22.0,0.8
2019-11-29,51.0,59.8,74.8,129.4,23.7,10.8,24.0,0.9
2019-11-30,37.0,104.9,59.2,164.1,23.2,12.0,23.0,1.0
2019-12-01,38.0,115.7,77.5,166.1,15.6,7.9,23.0,0.7
2019-12-02,48.0,135.7,98.1,233.8,23.5,9.3,23.0,0.8
2019-12-03,75.0,222.7,150.5,339.3,35.8,16.6,24.0,0.9
2019-12-04,67.0,224.3,133.0,345.6,41.6,16.7,25.0,0.7
2019-12-05,75.0,247.2,134.7,381.9,53.1,18.1,26.0,0.8
2019-12-06,99.0,267.5,145.9,412.0,68.3,24.2,24.0,1.0
2019-12-07,92.0,47.8,35.2,82.9,34.4,13.0,25.0,0.6
2019-12-08,47.0,111.4,41.1,146.9,22.2,13.8,24.0,0.8
2019-12-09,39.0,40.2,45.3,79.7,23.6,14.3,22.0,0.8
2019-12-10,37.0,46.1,52.8,92.9,17.7,6.5,22.0,0.8
2019-12-11,40.0,57.0,56.8,101.0,92.8,70.1,24.0,0.9
2019-12-12,43.0,72.9,71.4,129.0,32.7,10.4,27.0,1.2
2019-12-13,54.0,237.4,112.9,332.4,36.9,9.0,26.0,0.6
2019-12-14,46.0,146.6,97.1,243.7,20.0,9.6,23.0,0.6
2019-12-15,29.0,142.4,53.6,190.6,18.5,6.6,23.0,0.6
2019-12-16,35.0,130.6,70.9,192.4,20.6,8.3,23.0,0.8
2019-12-17,51.0,186.9,99.4,272.8,28.1,12.5,21.0,1.2
2019-12-18,89.0,307.0,172.9,480.0,49.3,16.7,21.0,0.8
2019-12-19,62.0,269.8,117.5,342.6,30.4,11.0,23.0,0.6
2019-12-20,61.0,304.0,120.7,424.7,38.3,13.4,23.0,0.7
2019-12-21,48.0,95.9,62.5,158.4,19.7,7.4,21.0,0.7
2019-12-22,29.0,67.3,40.7,103.5,20.5,7.6,22.0,1.0
2019-12-23,36.0,113.4,61.7,151.5,26.4,11.2,21.0,0.8
2019-12-24,50.0,153.6,58.3,211.9,31.9,12.1,23.0,0.7
2019-12-25,50.0,56.7,40.2,87.2,28.6,10.8,23.0,0.8
2019-12-26,53.0,141.9,106.3,248.2,22.8,10.1,23.0,0.6
2019-12-27,38.0,78.2,66.1,142.5,18.1,8.4,23.0,0.8
2019-12-28,38.0,64.5,46.9,107.8,27.3,9.4,22.0,0.9
2019-12-29,44.0,98.0,40.7,129.0,20.8,8.1,22.0,0.8
2019-12-30,45.0,203.8,89.9,283.2,25.0,13.8,23.0,0.6
2019-12-31,44.0,88.3,89.9,165.6,24.3,14.5,24.0,1.0
2020-01-01,40.0,62.7,61.2,123.9,19.6,12.0,24.0,0.6
2020-01-02,30.0,50.1,43.5,77.8,15.2,6.7,23.0,0.8
2020-01-03,40.0,187.7,77.5,232.5,29.0,18.6,23.0,0.9
2020-01-04,51.0,68.5,86.2,140.1,33.1,13.5,21.0,1.0
2020-01-05,52.0,219.0,103.8,302.6,25.4,12.2,22.0,0.6
2020-01-06,62.0,86.2,65.1,151.4,44.0,16.6,21.0,0.9
2020-01-07,64.0,108.8,71.3,147.2,28.5,10.7,20.0,0.8
2020-01-08,46.0,196.8,90.3,266.8,21.4,9.3,21.0,0.9
2020-01-09,34.0,188.4,68.7,226.1,21.2,7.6,21.0,0.8
2020-01-10,38.0,116.4,54.8,164.9,22.6,9.7,23.0,0.9
2020-01-11,35.0,87.6,59.7,122.0,18.7,6.8,24.0,0.6
2020-01-12,82.0,224.4,163.8,340.2,22.6,15.6,25.0,0.9
2020-01-13,42.0,259.0,130.7,304.5,28.2,9.6,26.0,0.7
2020-01-14,44.0,122.6,88.3,187.8,23.0,8.7,21.0,0.7
2020-01-15,47.0,197.9,95.1,282.2,20.1,7.7,22.0,0.7
2020-01-16,34.0,96.0,69.1,150.1,16.6,5.7,22.0,1.0
2020-01-17,33.0,101.5,65.6,167.2,13.5,4.0,23.0,0.9
2020-01-18,39.0,131.4,78.3,190.6,20.6,6.2,24.0,0.8
2020-01-19,33.0,66.4,66.1,116.2,16.6,6.6,27.0,0.8
2020-01-20,61.0,200.9,121.9,279.5,41.4,9.2,27.0,0.6
2020-01-21,54.0,282.5,110.1,328.7,22.5,7.7,25.0,0.7
2020-01-22,41.0,210.3,84.1,290.8,16.1,4.8,24.0,0.6
2020-01-23,52.0,169.2,107.3,276.1,11.1,5.0,25.0,0.8
2020-01-24,37.0,114.4,74.5,174.6,19.1,7.2,27.0,0.7
2020-01-25,28.0,67.4,57.1,106.3,13.1,6.1,26.0,0.9
2020-01-26,24.0,58.4,38.7,94.1,14.7,6.2,26.0,0.7
2020-01-27,38.0,65.0,78.1,139.5,13.5,6.7,27.0,0.6
2020-01-28,60.0,248.6,122.4,360.3,30.0,7.5,26.0,0.6
2020-01-29,67.0,290.0,135.4,353.0,33.3,7.9,29.0,0.5
2020-01-30,86.0,267.4,175.4,375.0,29.9,8.4,29.0,0.5
2020-01-31,45.0,153.8,92.7,234.4,17.5,8.1,27.0,0.7
2020-02-01,47.0,60.0,62.7,111.8,29.7,20.5,27.0,0.9
2020-02-02,54.0,90.6,60.2,150.8,14.7,7.8,27.0,0.9
2020-02-03,43.0,173.7,92.2,216.7,19.0,5.4,28.0,0.8
2020-02-04,46.0,279.5,94.5,341.5,32.9,12.0,28.0,0.9
2020-02-05,49.0,118.6,65.6,177.7,30.1,15.2,24.0,0.9
2020-02-06,49.0,54.0,82.8,134.8,18.2,6.7,22.0,0.8
2020-02-07,39.0,116.3,62.9,159.1,25.4,11.1,25.0,0.7
2020-02-08,58.0,158.9,124.6,283.5,31.1,9.8,25.0,0.9
2020-02-09,39.0,70.3,47.0,97.5,20.0,7.7,23.0,0.7
2020-02-10,41.0,109.5,88.3,161.7,24.9,8.6,23.0,0.8
2020-02-11,39.0,157.2,78.0,207.3,20.7,6.5,25.0,0.7
2020-02-12,52.0,271.8,119.2,391.0,34.9,9.5,25.0,1.1
2020-02-13,61.0,371.6,122.9,475.1,44.3,16.1,26.0,0.7
2020-02-14,39.0,57.3,62.9,118.0,23.4,9.6,25.0,1.0
2020-02-15,41.0,18.6,33.2,51.9,25.0,8.8,23.0,1.0
2020-02-16,40.0,20.8,34.9,52.3,18.2,7.1,24.0,1.1
2020-02-17,47.0,177.4,103.7,281.2,24.9,8.4,24.0,0.8
2020-02-18,37.0,92.0,55.8,141.7,18.1,7.0,25.0,0.9
2020-02-19,30.0,98.6,61.4,160.0,20.5,7.1,27.0,0.6
2020-02-20,41.0,155.8,80.3,236.2,13.7,5.7,28.0,0.8
2020-02-21,86.0,330.9,164.1,494.9,29.7,6.4,27.0,0.6
2020-02-22,52.0,146.2,115.5,261.7,10.3,3.8,24.0,0.5
2020-02-23,28.0,81.6,56.7,124.9,0.0,0.0,23.0,0.9
2020-02-24,34.0,106.2,67.8,149.1,0.0,0.0,25.0,1.2
2020-02-25,59.0,212.3,114.5,273.4,20.1,7.3,26.0,0.8
2020-02-26,46.0,172.6,90.9,250.8,35.0,8.0,27.0,0.8
2020-02-27,36.0,150.1,74.1,219.9,20.8,7.7,26.0,0.9
2020-02-28,62.0,278.6,111.2,389.8,34.8,11.6,26.0,1.0
2020-02-29,44.0,171.7,93.3,247.7,31.3,7.8,26.0,0.5
2020-03-01,43.0,71.3,62.3,133.6,33.8,13.4,25.0,0.8
2020-03-02,53.0,34.6,39.1,72.1,28.1,10.4,23.0,0.8
2020-03-03,44.0,31.9,36.0,55.7,21.6,7.4,24.0,0.9
2020-03-04,44.0,307.7,80.7,388.5,36.4,13.6,25.0,0.8
2020-03-05,50.0,20.0,32.4,52.4,28.9,10.8,22.0,1.1
2020-03-06,26.0,54.6,51.9,100.4,13.8,5.8,22.0,1.1
2020-03-07,23.0,41.9,44.8,86.6,15.7,7.0,23.0,0.9
2020-03-08,26.0,63.1,53.1,116.1,17.2,10.5,24.0,0.7
2020-03-09,50.0,180.5,102.6,251.4,22.8,8.8,23.0,0.7
2020-03-10,68.0,346.5,129.9,455.6,24.4,6.9,24.0,0.6
2020-03-11,68.0,345.2,133.0,456.5,22.0,7.8,24.0,0.6
2020-03-12,29.0,70.4,50.1,120.5,15.3,8.0,23.0,0.8
2020-03-13,24.0,48.1,39.9,85.4,14.4,5.4,22.0,0.8
2020-03-14,26.0,81.3,53.3,134.6,13.0,5.8,24.0,0.9
2020-03-15,31.0,110.2,63.7,148.5,18.9,8.8,25.0,0.8
2020-03-16,39.0,254.3,78.2,332.4,22.2,6.9,21.0,0.8
2020-03-17,41.0,81.8,52.7,127.3,37.7,12.3,22.0,1.7
2020-03-18,52.0,154.4,105.1,219.8,30.8,10.7,21.0,0.8
2020-03-19,76.0,326.6,144.4,471.0,34.1,8.8,21.0,0.6
2020-03-20,62.0,346.4,138.5,484.9,27.2,8.3,21.0,0.6
2020-03-21,45.0,127.1,88.9,199.9,23.2,8.0,22.0,0.7
2020-03-22,44.0,115.0,76.9,188.2,16.9,6.6,24.0,0.6
2020-03-23,58.0,213.2,116.1,293.8,26.4,7.9,23.0,0.9
2020-03-24,47.0,114.0,90.8,187.1,31.6,10.5,19.0,0.8
2020-03-25,51.0,191.2,101.5,292.7,16.2,6.4,21.0,0.7
2020-03-26,29.0,75.2,46.2,104.8,19.3,7.3,20.0,0.7
2020-03-27,26.0,121.6,48.3,154.5,20.0,8.4,19.0,0.6
2020-03-28,26.0,49.8,37.9,87.8,14.2,5.2,20.0,0.8
2020-03-29,23.0,29.4,31.4,58.3,11.2,6.4,21.0,0.8
2020-03-30,18.0,22.8,30.1,52.2,11.4,4.8,21.0,0.8
2020-03-31,20.0,77.6,34.0,109.9,11.8,5.9,23.0,0.6
2020-04-01,19.0,58.4,33.6,90.8,11.1,4.9,23.0,0.7
2020-04-02,20.0,112.2,40.1,146.1,11.8,4.9,23.0,0.7
2020-04-03,34.0,105.9,67.6,142.3,14.2,6.6,22.0,0.7
2020-04-04,22.0,20.6,29.3,49.8,10.6,4.5,21.0,0.7
2020-04-05,18.0,16.3,36.5,52.7,11.7,5.3,21.0,0.9
2020-04-06,23.0,33.1,37.8,64.4,15.1,8.1,20.0,0.7
2020-04-07,39.0,139.3,80.0,219.3,14.0,8.2,22.0,0.7
2020-04-08,33.0,80.1,64.0,144.2,18.0,6.5,21.0,0.7
2020-04-09,30.0,54.7,47.2,100.6,18.9,7.1,19.0,0.7
2020-04-10,31.0,82.6,47.3,129.8,16.7,6.0,20.0,0.7
2020-04-11,28.0,135.3,56.0,173.6,14.3,5.8,21.0,0.7
2020-04-12,21.0,64.2,44.8,94.6,,,21.0,0.7
2020-04-13,29.0,98.4,55.4,151.8,29.6,11.8,20.0,0.6
2020-04-14,45.0,84.5,50.2,117.8,28.7,11.3,17.0,0.9
2020-04-15,43.0,67.6,73.2,125.7,21.7,8.6,17.0,0.6
2020-04-16,31.0,127.1,59.5,167.9,16.7,7.2,19.0,0.4
2020-04-17,37.0,92.4,55.5,131.8,20.6,9.5,22.0,0.6
2020-04-18,37.0,146.3,57.8,186.9,26.5,11.1,21.0,0.7
2020-04-19,49.0,95.0,59.2,138.2,26.8,11.0,21.0,0.6
2020-04-20,38.0,163.6,80.3,236.0,25.3,11.1,20.0,0.7
2020-04-21,38.0,76.7,40.7,113.7,21.4,10.1,18.0,0.8
2020-04-22,34.0,126.9,48.1,174.5,15.5,7.6,20.0,0.8
2020-04-23,24.0,12.6,35.1,47.7,16.5,7.5,20.0,0.8
2020-04-24,27.0,41.1,42.9,76.0,16.0,6.6,21.0,0.8
2020-04-25,32.0,89.3,60.5,123.5,16.2,7.5,20.0,0.7
2020-04-26,31.0,65.6,51.6,113.1,20.9,10.9,21.0,0.7
2020-04-27,37.0,137.2,71.8,186.8,20.5,9.1,20.0,0.7
2020-04-28,43.0,84.4,52.6,135.3,29.8,11.6,19.0,0.6
2020-04-29,48.0,68.4,52.7,121.1,26.5,10.0,21.0,0.6
2020-04-30,38.0,93.9,53.1,138.9,16.7,7.1,19.0,0.8
2020-05-01,62.0,219.8,126.9,335.7,34.1,9.5,19.0,0.4
2020-05-02,35.0,31.1,32.0,59.0,22.0,8.8,21.0,0.8
2020-05-03,54.0,21.7,28.8,43.2,37.3,16.2,20.0,0.9
2020-05-04,53.0,208.1,94.2,255.7,27.7,10.5,21.0,0.9
2020-05-05,43.0,90.1,79.4,160.0,22.7,9.7,17.0,0.5
2020-05-06,34.0,67.1,60.0,124.6,28.6,7.3,15.0,0.8
2020-05-07,36.0,211.9,74.1,270.3,25.5,7.7,17.0,0.7
2020-05-08,39.0,180.0,79.0,259.1,26.8,10.6,20.0,0.7
2020-05-09,41.0,45.7,43.5,86.1,23.9,10.1,19.0,0.8
2020-05-10,39.0,24.6,39.0,63.6,18.2,8.1,19.0,0.8
2020-05-11,30.0,14.7,34.6,49.3,14.7,5.4,18.0,1.0
2020-05-12,23.0,6.5,23.1,29.6,18.1,6.8,17.0,0.9
2020-05-13,23.0,16.9,42.6,59.0,12.4,5.5,17.0,1.0
2020-05-14,27.0,50.2,53.6,89.7,17.6,8.6,18.0,0.7
2020-05-15,33.0,137.2,56.1,193.3,23.7,11.5,18.0,0.9
2020-05-16,33.0,53.8,45.0,97.3,30.8,7.4,18.0,0.7
2020-05-17,29.0,27.7,49.6,77.4,18.9,5.9,18.0,0.8
2020-05-18,44.0,178.9,86.9,240.7,16.5,7.3,17.0,0.9
2020-05-19,28.0,88.8,54.2,136.4,26.9,9.5,17.0,0.8
2020-05-20,32.0,181.9,65.4,245.6,18.7,10.5,15.0,0.8
2020-05-21,33.0,91.8,65.8,144.3,24.4,9.5,16.0,0.8
2020-05-22,50.0,192.5,94.0,286.4,22.6,12.1,17.0,0.8
2020-05-23,31.0,46.8,50.7,92.4,16.9,10.5,14.0,0.7
2020-05-24,31.0,11.4,32.8,36.3,22.7,9.7,17.0,1.3
2020-05-25,39.0,147.6,75.4,206.5,23.0,10.0,19.0,1.1
2020-05-26,31.0,65.7,60.5,126.2,14.1,6.6,18.0,0.9
2020-05-27,20.0,31.3,38.8,69.1,16.9,9.0,15.0,1.0
2020-05-28,25.0,28.7,33.6,62.2,15.6,6.9,16.0,0.8
2020-05-29,24.0,22.9,44.4,65.7,14.2,6.1,16.0,0.8
2020-05-30,27.0,91.1,53.3,144.4,13.1,5.7,18.0,0.8
2020-05-31,18.0,0.9,7.5,8.4,15.5,6.1,16.0,1.3
2020-06-01,21.0,16.1,24.3,40.4,16.7,6.6,18.0,1.3
2020-06-02,34.0,61.0,51.4,112.0,23.7,11.7,19.0,0.7
2020-06-03,40.0,217.5,78.1,295.6,27.5,11.0,17.0,1.5
2020-06-04,48.0,253.6,73.8,323.3,31.4,11.9,18.0,0.9
2020-06-05,47.0,55.9,83.5,133.5,19.4,7.8,16.0,0.9
2020-06-06,38.0,226.2,77.6,293.6,28.0,15.7,17.0,0.7
2020-06-07,34.0,73.9,66.3,131.2,20.2,10.6,15.0,0.8
2020-06-08,40.0,257.2,77.1,323.9,26.0,16.0,16.0,0.6
2020-06-09,50.0,281.8,106.8,349.6,23.4,13.7,16.0,0.7
2020-06-10,55.0,283.7,108.6,347.2,34.8,13.5,16.0,0.6
2020-06-11,72.0,250.2,134.0,384.2,24.2,11.0,17.0,0.7
2020-06-12,56.0,294.9,108.6,376.8,28.1,11.7,16.0,0.4
2020-06-13,40.0,209.3,56.6,265.9,21.5,12.0,16.0,0.8
2020-06-14,29.0,14.8,35.7,48.3,12.8,6.1,15.0,0.9
2020-06-15,27.0,59.1,55.1,110.2,15.0,4.3,16.0,0.9
2020-06-16,36.0,58.8,71.7,130.5,13.7,5.5,16.0,0.9
2020-06-17,34.0,119.2,71.7,190.9,21.9,5.0,17.0,0.9
2020-06-18,41.0,351.2,91.7,424.9,19.9,8.4,17.0,0.8
2020-06-19,60.0,201.8,127.7,329.5,24.2,7.2,16.0,0.7
2020-06-20,26.0,72.2,53.1,114.9,17.9,11.3,16.0,1.1
2020-06-21,23.0,34.7,44.4,77.8,10.9,5.7,16.0,0.9
2020-06-22,23.0,42.3,46.8,89.0,16.5,7.8,18.0,1.4
2020-06-23,31.0,22.1,42.7,63.7,20.4,7.5,17.0,1.1
2020-06-24,38.0,21.1,39.7,55.1,21.9,8.0,16.0,1.4
2020-06-25,35.0,96.5,71.3,167.8,16.2,7.1,16.0,0.9
2020-06-26,27.0,26.0,47.8,71.9,22.0,9.0,17.0,1.2
2020-06-27,43.0,185.3,91.4,276.6,25.5,10.5,17.0,1.1
2020-06-28,43.0,178.3,94.0,253.0,20.3,9.2,15.0,0.6
2020-06-29,36.0,149.7,76.8,217.0,27.2,8.1,15.0,0.6
2020-06-30,47.0,376.5,26.1,460.0,18.4,7.5,14.0,1.0
2020-07-01,60.0,378.9,124.9,503.8,26.5,16.3,13.0,0.8
2020-07-02,66.0,482.2,141.0,562.0,22.8,9.5,14.0,0.9
2020-07-03,65.0,577.4,150.2,699.1,46.1,23.2,14.0,1.1
2020-07-04,43.0,143.1,88.7,222.3,35.0,17.0,15.0,0.5
2020-07-05,42.0,44.3,52.1,89.2,44.7,18.1,16.0,2.4
2020-07-06,61.0,272.2,115.7,333.6,24.0,8.6,14.0,0.8
2020-07-07,80.0,294.9,184.4,476.4,32.9,14.6,15.0,0.8
2020-07-08,77.0,576.8,168.3,745.1,26.4,10.1,12.0,1.1
2020-07-09,65.0,443.7,139.5,547.5,37.2,26.8,14.0,0.7
2020-07-10,55.0,329.2,94.7,402.7,41.2,27.4,14.0,1.2
2020-07-11,50.0,214.2,82.5,272.9,40.9,15.3,14.0,1.0
2020-07-12,34.0,132.0,63.6,184.6,15.5,9.0,15.0,0.5
2020-07-13,41.0,170.0,79.8,242.5,27.9,8.8,18.0,0.7
2020-07-14,52.0,226.8,97.0,299.2,43.1,9.2,16.0,0.8
2020-07-15,31.0,13.8,36.0,46.9,15.8,5.6,15.0,2.0
2020-07-16,23.0,11.7,26.2,37.9,18.6,6.8,15.0,1.9
2020-07-17,29.0,38.4,57.7,94.1,10.5,4.4,16.0,0.9
2020-07-18,26.0,33.1,50.8,83.9,9.5,4.3,16.0,0.9
2020-07-19,17.0,11.4,34.4,45.8,0.0,0.0,16.0,1.4
2020-07-20,26.0,43.3,52.5,89.0,0.0,0.0,17.0,1.1
2020-07-21,59.0,306.0,114.4,418.5,24.1,0.0,17.0,1.0
2020-07-22,54.0,304.1,109.2,413.3,33.4,14.0,14.0,1.1
2020-07-23,72.0,445.3,140.0,572.8,33.6,13.1,17.0,0.8
2020-07-24,56.0,212.1,117.4,310.1,23.3,12.4,16.0,1.0
2020-07-25,41.0,158.6,82.6,223.6,25.0,16.1,14.0,0.8
2020-07-26,37.0,123.4,70.1,184.0,22.6,11.6,15.0,1.0
2020-07-27,40.0,94.7,58.9,153.6,29.7,17.3,14.0,1.0
2020-07-28,34.0,35.8,47.5,74.1,18.5,6.4,16.0,1.3
2020-07-29,25.0,28.4,45.1,69.2,18.1,6.6,15.0,1.2
2020-07-30,25.0,28.5,48.2,69.1,,,15.0,1.2
2020-07-31,23.0,21.4,45.4,63.7,21.9,7.8,15.0,1.7
2020-08-01,34.0,15.1,37.7,50.3,22.8,9.0,15.0,1.3
2020-08-02,47.0,8.2,33.0,37.0,33.3,13.1,15.0,1.2
2020-08-03,45.0,54.1,55.2,96.9,18.0,7.1,15.0,0.9
2020-08-04,35.0,114.0,67.8,177.2,34.7,14.4,17.0,0.9
2020-08-05,49.0,316.1,74.1,385.3,59.9,20.3,15.0,1.4
2020-08-06,43.0,65.7,53.7,118.9,18.1,7.5,16.0,1.7
2020-08-07,67.0,261.4,120.0,380.6,46.1,8.6,18.0,0.8
2020-08-08,49.0,154.2,109.3,245.7,25.3,11.5,14.0,0.8
2020-08-09,49.0,131.3,99.0,230.3,21.8,13.2,15.0,0.8
2020-08-10,53.0,321.9,110.6,412.2,40.9,18.1,16.0,0.7
2020-08-11,43.0,85.1,61.8,139.3,26.1,14.8,16.0,1.9
2020-08-12,37.0,136.4,70.2,204.2,24.0,10.2,17.0,1.0
2020-08-13,46.0,292.3,92.7,385.0,21.3,8.5,16.0,0.8
2020-08-14,28.0,50.8,49.8,96.6,15.9,9.3,14.0,0.9
2020-08-15,48.0,81.4,101.9,169.1,14.7,7.2,15.0,0.8
2020-08-16,33.0,147.1,65.9,186.0,22.8,15.9,13.0,1.2
2020-08-17,31.0,15.9,35.6,51.5,14.5,4.9,14.0,1.1
2020-08-18,43.0,23.0,51.4,74.4,38.0,8.9,15.0,2.4
2020-08-19,52.0,112.7,67.6,180.2,31.9,12.3,15.0,2.3
2020-08-20,43.0,153.8,73.4,217.8,38.9,13.9,18.0,1.2
2020-08-21,57.0,217.4,112.1,327.1,37.4,12.8,18.0,1.0
2020-08-22,48.0,119.7,87.4,204.3,29.3,10.2,19.0,1.3
2020-08-23,44.0,23.2,34.2,57.4,23.6,9.6,17.0,1.3
2020-08-24,41.0,193.6,82.8,256.7,24.3,10.1,15.0,1.1
2020-08-25,102.0,210.5,194.1,324.8,26.1,9.8,15.0,1.0
2020-08-26,51.0,242.4,105.4,347.7,25.1,12.7,14.0,1.0
2020-08-27,47.0,173.3,99.2,252.6,20.4,10.4,15.0,0.9
2020-08-28,47.0,328.1,95.8,420.1,23.8,11.1,16.0,0.7
2020-08-29,37.0,152.0,67.5,219.6,27.8,17.2,18.0,0.7
2020-08-30,34.0,97.8,58.7,139.6,23.3,14.1,19.0,1.1
2020-08-31,59.0,242.9,116.3,330.3,26.7,12.4,16.0,0.9
2020-09-01,45.0,213.8,85.9,293.9,38.0,9.8,19.0,0.9
2020-09-02,58.0,139.9,112.6,252.5,23.0,9.5,14.0,1.1
2020-09-03,53.0,135.7,99.7,222.7,20.4,8.1,14.0,1.1
2020-09-04,37.0,218.7,75.0,293.7,18.0,11.1,15.0,0.9
2020-09-05,40.0,132.1,76.0,208.1,17.3,10.2,17.0,0.7
2020-09-06,41.0,117.4,74.8,185.8,25.6,8.8,17.0,0.8
2020-09-07,59.0,176.9,108.6,285.5,18.7,6.8,16.0,1.0
2020-09-08,48.0,157.8,89.8,247.7,23.5,13.5,15.0,1.0
2020-09-09,47.0,208.1,93.7,289.6,27.2,12.8,15.0,1.1
2020-09-10,59.0,213.5,126.5,307.4,34.8,9.7,16.0,0.7
2020-09-11,43.0,109.1,69.1,159.9,25.5,9.9,15.0,1.1
2020-09-12,38.0,216.3,75.1,276.5,16.7,7.6,14.0,1.0
2020-09-13,29.0,83.7,55.5,130.5,15.3,7.1,17.0,0.8
2020-09-14,60.0,219.5,114.0,296.7,28.2,6.8,17.0,0.8
2020-09-15,57.0,293.7,110.4,404.1,36.2,15.5,18.0,1.2
2020-09-16,62.0,293.9,102.2,374.7,37.6,17.0,17.0,1.0
2020-09-17,66.0,196.0,87.5,269.1,43.1,14.3,19.0,0.7
2020-09-18,62.0,232.7,120.3,311.4,32.3,13.5,16.0,1.2
2020-09-19,51.0,120.6,88.0,202.1,26.0,13.8,16.0,1.0
2020-09-20,40.0,33.9,49.1,82.2,22.4,11.7,16.0,2.0
2020-09-21,32.0,49.9,60.6,103.1,23.1,7.0,17.0,1.3
2020-09-22,33.0,217.7,66.6,271.0,27.3,9.9,17.0,0.9
2020-09-23,51.0,203.8,100.7,299.0,52.7,7.9,20.0,0.8
2020-09-24,44.0,202.9,97.0,270.0,40.6,8.8,20.0,1.2
2020-09-25,54.0,187.6,106.1,277.7,34.9,11.8,22.0,0.6
2020-09-26,44.0,39.0,35.0,71.4,22.3,9.5,17.0,1.1
2020-09-27,49.0,112.0,81.8,178.6,41.1,16.1,20.0,1.2
2020-09-28,61.0,264.5,87.0,330.1,31.3,12.3,18.0,0.9
2020-09-29,55.0,218.6,115.1,312.3,30.3,11.2,17.0,1.0
2020-09-30,49.0,165.2,97.8,256.8,23.0,9.1,15.0,1.0
2020-10-01,38.0,282.1,85.3,355.9,33.0,9.2,17.0,0.9
2020-10-02,42.0,382.0,78.4,460.4,51.6,14.8,17.0,1.3
2020-10-03,52.0,333.5,103.1,391.3,38.0,15.0,19.0,1.0
2020-10-04,31.0,112.5,50.8,163.3,15.0,9.2,20.0,0.9
2020-10-05,36.0,104.7,71.6,152.9,31.2,8.5,22.0,0.7
2020-10-06,36.0,156.0,76.7,232.7,17.1,6.9,19.0,0.8
2020-10-07,59.0,232.1,108.3,340.4,28.1,9.7,20.0,1.1
2020-10-08,39.0,86.7,76.9,163.6,28.8,10.5,17.0,1.4
2020-10-09,49.0,33.0,44.1,74.7,37.5,9.0,16.0,2.1
2020-10-10,48.0,44.8,50.7,93.4,24.4,7.9,17.0,2.4
2020-10-11,41.0,21.5,36.4,53.6,26.0,9.5,18.0,2.2
2020-10-12,66.0,28.5,53.7,77.7,44.5,13.7,17.0,1.4
2020-10-13,67.0,299.8,88.1,387.9,33.3,13.2,17.0,0.9
2020-10-14,50.0,151.3,94.4,216.4,14.9,6.4,19.0,0.7
2020-10-15,37.0,78.3,74.9,141.0,27.6,9.9,16.0,1.1
2020-10-16,34.0,222.0,68.5,282.1,13.1,5.9,16.0,1.3
2020-10-17,40.0,176.5,83.7,243.6,20.0,9.8,17.0,0.7
2020-10-18,34.0,114.1,55.3,169.4,18.2,11.0,17.0,1.0
2020-10-19,54.0,186.0,112.4,269.7,34.9,9.3,20.0,0.6
2020-10-20,54.0,211.7,105.5,304.1,31.6,9.1,22.0,0.7
2020-10-21,57.0,139.7,111.4,251.1,34.9,9.5,22.0,0.7
2020-10-22,41.0,80.2,52.7,117.4,26.3,9.4,21.0,1.1
2020-10-23,30.0,115.6,54.4,170.0,23.2,6.5,19.0,0.9
2020-10-24,23.0,73.6,45.5,119.1,21.5,5.6,21.0,1.1
2020-10-25,22.0,34.3,25.2,58.9,9.8,4.3,20.0,1.0
2020-10-26,16.0,19.9,28.5,44.8,11.7,5.6,21.0,1.1
2020-10-27,64.0,183.5,126.1,309.6,21.4,6.4,22.0,1.2
2020-10-28,29.0,79.4,36.4,114.8,22.1,6.7,19.0,1.1
2020-10-29,38.0,67.9,45.5,104.8,25.1,7.8,20.0,0.8
2020-10-30,37.0,42.2,43.6,81.5,31.2,8.7,21.0,0.8
2020-10-31,42.0,353.9,84.8,434.1,27.1,11.8,22.0,0.8
2020-11-01,43.0,96.4,69.0,152.5,26.9,12.5,23.0,0.5
2020-11-02,29.0,112.4,49.9,162.4,25.2,8.4,21.0,0.8
2020-11-03,45.0,43.4,33.0,76.3,53.5,10.5,20.0,1.3
2020-11-04,52.0,21.1,25.0,42.1,52.8,11.3,21.0,1.5
2020-11-05,57.0,68.8,43.7,110.4,33.0,13.4,19.0,1.8
2020-11-06,53.0,208.3,111.3,289.4,18.6,10.1,23.0,0.4
2020-11-07,34.0,67.2,46.5,113.1,34.1,10.7,21.0,1.7
2020-11-08,49.0,191.2,103.2,291.2,66.9,10.9,23.0,1.0
2020-11-09,42.0,140.0,61.6,199.8,46.1,8.4,20.0,0.6
2020-11-10,30.0,126.4,61.9,176.9,16.3,8.1,17.0,0.6
2020-11-11,41.0,269.8,82.9,352.7,30.0,8.4,19.0,0.9
2020-11-12,55.0,268.1,114.3,382.3,24.4,9.3,21.0,0.8
2020-11-13,32.0,177.2,68.8,220.7,22.7,7.9,22.0,0.7
2020-11-14,28.0,129.4,55.8,167.0,14.1,7.2,22.0,0.8
2020-11-15,25.0,99.2,49.0,145.0,14.1,6.8,22.0,0.6
2020-11-16,47.0,174.5,99.7,229.7,39.0,7.6,25.0,0.5
2020-11-17,42.0,92.8,86.8,163.5,18.7,7.5,22.0,0.9
2020-11-18,56.0,299.7,102.7,350.6,32.8,12.5,22.0,0.8
2020-11-19,48.0,178.5,67.9,227.8,22.7,7.2,21.0,0.8
2020-11-20,37.0,115.4,70.0,157.5,19.0,8.1,22.0,0.8
2020-11-21,38.0,238.6,64.8,298.6,26.5,9.0,22.0,0.7
2020-11-22,42.0,97.0,48.3,145.3,27.9,10.1,20.0,0.9
2020-11-23,42.0,72.2,46.5,103.1,21.8,6.8,20.0,0.7
2020-11-24,53.0,252.4,108.2,360.6,19.7,6.5,17.0,1.1
2020-11-25,46.0,81.3,72.4,126.0,31.9,12.0,21.0,1.0
2020-11-26,65.0,370.9,132.9,442.9,27.2,10.7,22.0,0.8
2020-11-27,41.0,200.3,65.3,251.4,31.3,12.2,24.0,0.8
2020-11-28,52.0,134.2,46.3,180.6,34.5,13.4,21.0,0.9
2020-11-29,48.0,99.2,45.1,144.3,34.7,14.5,20.0,0.8
2020-11-30,63.0,287.2,121.1,361.5,46.2,11.8,23.0,0.8
2020-12-01,56.0,203.4,79.1,242.7,36.4,12.5,20.0,0.9
2020-12-02,44.0,73.5,40.9,108.6,26.1,10.5,20.0,1.1
2020-12-03,64.0,204.8,118.1,322.9,42.5,16.1,20.0,0.8
2020-12-04,63.0,160.0,61.2,207.5,32.9,12.6,21.0,0.8
2020-12-05,52.0,201.5,97.3,298.9,31.6,14.7,21.0,0.6
2020-12-06,42.0,110.9,52.5,163.4,23.1,9.4,23.0,0.8
2020-12-07,45.0,204.9,85.6,281.5,30.7,10.0,25.0,0.6
2020-12-08,42.0,215.6,79.9,276.9,25.3,8.0,26.0,0.7
2020-12-09,36.0,66.0,35.4,97.4,26.0,11.6,24.0,0.8
2020-12-10,55.0,270.1,107.5,352.6,31.9,11.6,26.0,0.9
2020-12-11,47.0,210.9,95.2,306.1,35.5,11.2,24.0,0.7
2020-12-12,47.0,139.7,57.1,196.8,26.9,9.7,22.0,0.9
2020-12-13,45.0,141.1,66.7,171.6,26.6,10.2,22.0,1.0
2020-12-14,45.0,104.0,91.6,195.6,24.6,10.9,23.0,0.8
2020-12-15,47.0,135.5,90.0,195.2,27.9,10.7,26.0,1.1
2020-12-16,43.0,151.9,55.0,196.3,21.3,7.0,23.0,0.8
2020-12-17,39.0,149.7,71.6,178.5,19.8,7.7,21.0,0.8
2020-12-18,46.0,49.3,41.7,81.8,36.9,15.0,23.0,1.0
2020-12-19,52.0,35.1,39.0,74.0,25.8,11.2,23.0,0.9
2020-12-20,44.0,115.3,45.0,160.2,22.9,12.3,25.0,0.7
2020-12-21,39.0,85.4,36.3,121.7,22.1,8.3,24.0,0.8
2020-12-22,32.0,47.5,44.7,83.9,27.5,7.6,23.0,0.7
2020-12-23,33.0,127.3,53.6,170.5,26.7,7.3,23.0,0.7
2020-12-24,35.0,214.0,62.5,276.4,29.7,11.5,24.0,0.9
2020-12-25,45.0,83.6,37.7,103.4,32.4,12.5,22.0,0.9
2020-12-26,42.0,177.3,58.9,236.2,21.6,7.7,22.0,0.8
2020-12-27,30.0,119.9,54.1,150.2,17.3,6.0,22.0,0.7
2020-12-28,31.0,96.8,58.8,132.1,20.0,6.7,21.0,0.9
2020-12-29,30.0,117.9,56.7,144.8,19.1,6.2,22.0,0.9
2020-12-30,30.0,120.8,42.7,151.1,16.7,6.0,22.0,0.9
2020-12-31,30.0,72.0,43.5,115.5,26.6,10.6,22.0,1.0
2021-01-01,43.0,91.3,84.7,176.0,22.8,13.3,23.0,0.7
