Date,NO,NO2,NOx,PM10,PM2.5,RH,Temp
2017-01-01,17.5,24.7,42.2,17.9,14.0,84.2,23.0
2017-01-02,11.1,12.0,20.0,16.9,18.2,93.7,24.0
2017-01-03,11.3,11.0,22.3,12.9,9.3,92.5,24.0
2017-01-04,14.2,13.2,27.4,19.4,9.6,87.1,19.0
2017-01-05,14.5,24.2,38.6,26.1,14.2,70.7,19.0
2017-01-06,37.6,24.7,62.3,23.7,12.9,77.0,20.0
2017-01-07,10.8,13.0,23.3,20.7,7.1,68.3,20.0
2017-01-08,8.6,7.4,14.5,15.0,15.6,69.7,20.0
2017-01-09,18.2,17.8,36.0,23.0,10.2,83.4,21.0
2017-01-10,35.5,25.2,60.7,25.1,13.4,92.7,21.0
2017-01-11,25.3,16.3,41.6,18.5,8.3,93.8,23.0
2017-01-12,48.6,22.9,71.4,17.0,9.4,91.7,24.0
2017-01-13,26.4,20.5,45.7,27.7,16.2,87.5,22.0
2017-01-14,25.5,21.0,46.6,27.4,11.8,82.1,23.0
2017-01-15,12.3,11.3,21.3,32.4,12.4,87.4,26.0
2017-01-16,26.2,22.5,48.7,33.6,20.5,86.9,21.0
2017-01-17,17.7,18.0,35.7,25.4,18.7,82.0,22.0
2017-01-18,50.4,32.1,82.5,23.8,26.0,87.0,23.0
2017-01-19,31.4,25.8,57.2,34.4,15.4,90.8,20.0
2017-01-20,27.0,27.7,54.7,23.9,19.7,76.9,20.0
2017-01-21,101.6,30.5,132.1,36.5,16.9,92.0,21.0
2017-01-22,11.7,7.7,19.4,31.9,14.5,94.2,21.0
2017-01-23,20.5,17.6,38.0,31.6,20.8,77.6,20.0
2017-01-24,59.9,34.0,93.8,24.5,14.4,76.8,22.0
2017-01-25,60.1,25.2,85.3,28.1,10.3,90.8,21.0
2017-01-26,29.3,24.7,54.0,37.6,16.4,75.0,21.0
2017-01-27,63.5,32.1,95.5,23.8,11.0,78.1,21.0
2017-01-28,15.8,18.2,34.0,20.8,20.0,79.7,23.0
2017-01-29,18.4,18.3,34.4,23.2,16.7,86.8,23.0
2017-01-30,12.7,16.9,28.6,23.1,13.0,81.2,23.0
2017-01-31,33.2,22.0,53.8,23.0,19.1,84.3,24.0
2017-02-01,63.7,26.7,90.3,3022.9,14.0,91.2,23.0
2017-02-02,45.1,26.4,71.4,23.1,18.0,88.9,24.0
2017-02-03,32.6,20.3,52.9,17.2,12.0,87.5,24.0
2017-02-04,41.3,28.3,69.6,20.3,10.4,84.4,23.0
2017-02-05,12.2,17.8,29.2,19.7,14.0,83.1,24.0
2017-02-06,26.2,15.0,41.2,26.3,11.7,89.0,27.0
2017-02-07,31.2,15.9,47.1,22.4,16.4,87.9,27.0
2017-02-08,18.5,24.5,42.9,30.0,15.0,92.7,22.0
2017-02-09,22.6,26.7,49.3,23.2,10.6,84.7,22.0
2017-02-10,87.1,38.1,125.2,19.0,12.9,83.4,21.0
2017-02-11,39.5,25.9,65.3,17.3,11.8,87.0,21.0
2017-02-12,34.1,19.1,53.2,105.6,13.2,92.1,24.0
2017-02-13,21.5,15.7,37.0,37.3,13.2,92.4,26.0
2017-02-14,36.6,46.4,83.0,15.1,12.0,93.8,19.0
2017-02-15,36.4,32.8,68.2,26.3,13.9,87.5,22.0
2017-02-16,45.0,40.4,85.4,19.8,11.1,94.8,20.0
2017-02-17,35.3,41.5,76.8,16.2,15.7,94.6,23.0
2017-02-18,17.7,24.4,42.1,14.1,9.5,92.2,24.0
2017-02-19,8.0,6.4,11.5,27.9,9.1,93.9,24.0
2017-02-20,16.2,16.2,32.4,35.9,14.2,93.8,24.0
2017-02-21,20.9,19.4,38.3,24.6,23.8,76.8,23.0
2017-02-22,76.1,32.0,106.8,28.6,12.6,85.4,24.0
2017-02-23,82.5,41.9,124.5,43.8,23.3,85.1,26.0
2017-02-24,62.5,38.0,99.7,25.0,14.3,81.5,24.0
2017-02-25,60.9,25.8,86.1,29.6,14.8,88.2,23.0
2017-02-26,48.7,20.6,69.4,22.4,11.1,88.0,24.0
2017-02-27,129.6,30.9,158.6,19.9,21.4,84.5,25.0
2017-02-28,76.0,36.9,112.8,15.9,14.4,87.7,24.0
2017-03-01,81.2,32.9,108.7,18.6,12.7,91.6,24.0
2017-03-02,66.5,29.9,96.4,18.6,15.0,93.8,22.0
2017-03-03,77.9,36.1,114.0,35.5,30.9,83.4,23.0
2017-03-04,65.9,27.5,93.4,14.4,15.8,89.5,23.0
2017-03-05,12.2,13.5,24.1,20.6,10.6,91.4,22.0
2017-03-06,132.3,45.9,178.1,20.8,15.3,79.7,23.0
2017-03-07,111.5,42.1,153.6,20.5,13.9,93.7,22.0
2017-03-08,16.3,31.5,47.8,36.5,7.0,94.0,21.0
2017-03-09,10.6,10.0,19.5,18.9,18.0,88.5,21.0
2017-03-10,11.7,7.6,17.9,25.3,12.5,95.9,22.0
2017-03-11,7.9,13.9,19.4,25.5,13.5,95.9,23.0
2017-03-12,15.0,23.6,33.4,33.5,16.4,94.4,22.0
2017-03-13,21.9,31.6,46.3,29.2,12.7,91.1,21.0
2017-03-14,64.7,42.8,107.6,21.7,24.8,86.8,21.0
2017-03-15,37.4,30.9,68.2,15.5,13.9,82.2,22.0
2017-03-16,109.9,42.3,152.2,17.0,16.1,83.6,22.0
2017-03-17,174.1,35.7,209.8,22.6,19.2,88.6,22.0
2017-03-18,45.2,29.6,74.8,21.3,16.1,88.8,22.0
2017-03-19,69.0,38.8,94.8,18.7,19.2,89.4,23.0
2017-03-20,120.1,45.3,161.0,29.0,30.6,89.5,22.0
2017-03-21,18.9,18.9,37.0,16.8,12.8,79.1,21.0
2017-03-22,45.1,31.8,76.8,17.9,12.9,88.7,23.0
2017-03-23,33.5,27.8,56.5,25.0,13.8,87.2,22.0
2017-03-24,131.2,44.8,168.8,22.3,27.6,89.3,22.0
2017-03-25,39.8,25.6,59.6,12.6,21.5,91.6,22.0
2017-03-26,6.7,6.6,11.7,40.8,14.4,93.9,22.0
2017-03-27,47.4,30.8,77.9,19.5,9.2,95.5,22.0
2017-03-28,128.0,41.4,169.3,18.9,18.5,94.1,24.0
2017-03-29,60.0,39.2,99.3,17.5,12.0,94.5,21.0
2017-03-30,67.0,38.1,105.1,22.2,14.0,93.0,23.0
2017-03-31,44.5,40.3,84.8,13.2,10.4,87.5,22.0
2017-04-01,151.5,28.2,178.6,25.0,20.2,92.4,22.0
2017-04-02,9.6,16.2,25.8,14.6,8.9,95.0,23.0
2017-04-03,43.6,20.1,63.7,15.9,11.7,95.5,24.0
2017-04-04,20.1,13.7,33.8,22.1,7.8,96.0,22.0
2017-04-05,29.4,15.5,44.9,28.4,15.3,95.7,23.0
2017-04-06,42.2,39.3,80.2,21.3,9.4,82.8,20.0
2017-04-07,55.3,42.1,94.1,0.0,0.0,84.6,19.0
2017-04-08,224.4,42.9,267.3,0.0,0.0,91.5,20.0
2017-04-09,5.1,5.7,10.8,0.0,0.0,86.4,20.0
2017-04-10,20.5,30.3,50.8,0.0,0.0,86.9,22.0
2017-04-11,19.0,14.6,31.9,0.0,0.0,88.0,23.0
2017-04-12,24.7,30.1,54.8,0.0,0.0,95.1,21.0
2017-04-13,34.2,40.6,74.8,0.0,0.0,95.5,20.0
2017-04-14,12.4,25.6,37.9,0.0,0.0,93.7,22.0
2017-04-15,41.9,39.8,77.2,0.0,0.0,89.5,20.0
2017-04-16,12.4,20.7,29.5,0.0,0.0,85.4,20.0
2017-04-17,15.1,26.9,39.3,0.0,0.0,93.2,19.0
2017-04-18,94.7,45.4,140.2,0.0,0.0,88.4,20.0
2017-04-19,184.4,44.0,228.4,0.0,0.0,91.5,19.0
2017-04-20,77.0,50.1,122.0,0.0,0.0,90.0,19.0
2017-04-21,99.6,43.9,143.5,0.0,0.0,88.9,18.0
2017-04-22,43.3,43.9,80.6,0.0,0.0,81.7,20.0
2017-04-23,31.7,31.8,63.5,0.0,0.0,91.1,20.0
2017-04-24,28.9,37.1,63.3,0.0,0.0,85.3,19.0
2017-04-25,81.5,46.9,125.9,0.0,0.0,91.3,20.0
2017-04-26,316.4,66.4,382.8,0.0,0.0,90.3,20.0
2017-04-27,309.7,60.6,370.3,0.0,0.0,91.4,20.0
2017-04-28,246.6,54.3,301.0,0.0,0.0,90.7,21.0
2017-04-29,46.0,36.0,82.1,0.0,0.0,94.8,19.0
2017-04-30,15.1,24.3,39.3,0.0,0.0,94.5,18.0
2017-05-01,18.0,33.4,47.1,0.0,0.0,86.5,16.0
2017-05-02,73.6,54.7,116.3,0.0,0.0,80.9,16.0
2017-05-03,287.9,78.2,366.1,0.0,0.0,87.5,17.0
2017-05-04,35.8,46.1,81.9,0.0,0.0,91.6,17.0
2017-05-05,63.5,56.3,119.8,0.0,0.0,85.7,18.0
2017-05-06,171.1,50.8,218.7,0.0,0.0,90.3,18.0
2017-05-07,97.3,45.3,132.7,0.0,0.0,91.1,19.0
2017-05-08,160.5,54.4,212.1,0.0,0.0,89.8,19.0
2017-05-09,229.5,55.3,284.8,0.0,0.0,92.0,20.0
2017-05-10,89.8,29.8,119.6,0.0,0.0,91.0,20.0
2017-05-11,15.0,18.9,33.9,29.1,0.0,94.4,19.0
2017-05-12,11.5,25.5,37.1,8722.9,0.0,95.5,19.0
2017-05-13,35.6,44.6,75.3,24.7,0.0,82.6,15.0
2017-05-14,63.2,39.3,88.5,20.2,0.0,90.2,16.0
2017-05-15,57.2,57.0,102.9,24.4,0.0,88.6,17.0
2017-05-16,127.0,47.0,167.3,76.7,0.0,91.4,17.0
2017-05-17,34.0,42.4,70.0,90.5,0.0,95.6,21.0
2017-05-18,16.4,24.4,40.7,33.6,0.0,89.1,18.0
2017-05-19,24.2,29.2,53.3,26.3,0.0,81.1,16.0
2017-05-20,13.1,14.1,27.2,23.2,0.0,84.3,16.0
2017-05-21,120.5,57.7,178.2,47.8,0.0,82.5,14.0
2017-05-22,329.0,78.6,393.1,55.9,0.0,87.6,15.0
2017-05-23,433.0,98.4,531.4,34.0,0.0,88.4,16.0
2017-05-24,221.0,63.2,284.2,30.9,0.0,94.1,18.0
2017-05-25,168.3,52.4,214.5,34.2,0.0,95.4,17.0
2017-05-26,27.5,30.2,57.6,18.7,0.0,94.1,18.0
2017-05-27,52.6,42.2,94.8,17.9,0.0,96.3,19.0
2017-05-28,31.8,43.2,68.8,18.9,0.0,94.2,18.0
2017-05-29,74.0,46.7,112.9,23.3,0.0,93.5,18.0
2017-05-30,250.0,73.2,318.8,30.0,0.0,87.2,17.0
2017-05-31,119.0,65.3,169.0,54.8,30.1,93.3,17.0
2017-06-01,121.5,40.6,154.5,42.1,24.1,96.1,17.0
2017-06-02,19.5,33.1,52.6,14.6,6.7,92.5,16.0
2017-06-03,21.9,37.5,56.1,16.9,13.0,92.7,15.0
2017-06-04,87.5,48.0,125.9,24.5,20.6,87.6,15.0
2017-06-05,85.5,51.5,132.3,34.0,33.8,93.0,16.0
2017-06-06,228.1,72.5,291.2,28.0,21.8,93.2,15.0
2017-06-07,169.4,57.9,223.1,24.5,17.6,93.5,15.0
2017-06-08,92.8,66.5,159.3,31.7,20.5,86.4,14.0
2017-06-09,358.5,83.0,441.5,34.9,25.3,91.3,15.0
2017-06-10,37.3,43.2,80.5,25.9,16.1,92.4,16.0
2017-06-11,98.3,54.7,150.1,40.1,32.8,89.5,15.0
2017-06-12,100.3,56.5,144.5,22.2,19.1,93.7,16.0
2017-06-13,78.2,58.4,135.5,16.8,16.8,93.0,16.0
2017-06-14,16.0,22.3,38.2,32.2,20.5,83.3,15.0
2017-06-15,86.5,71.4,150.6,34.5,15.7,72.7,15.0
2017-06-16,40.7,54.2,94.5,21.8,9.4,90.3,16.0
2017-06-17,226.8,53.8,278.5,51.3,52.5,94.3,16.0
2017-06-18,100.9,28.6,126.6,39.5,35.3,97.0,17.0
2017-06-19,18.4,37.5,55.9,33.2,11.7,85.2,17.0
2017-06-20,106.5,53.3,159.8,20.2,14.7,91.1,17.0
2017-06-21,10.7,14.6,24.9,24.3,11.5,74.5,16.0
2017-06-22,10.3,30.0,33.2,31.8,12.1,93.9,16.0
2017-06-23,81.9,47.1,120.5,21.1,21.3,94.8,17.0
2017-06-24,13.9,31.3,39.0,16.3,26.0,95.1,15.0
2017-06-25,107.4,48.0,155.4,30.3,27.5,91.5,17.0
2017-06-26,65.1,62.9,112.6,40.6,31.0,89.1,14.0
2017-06-27,343.1,72.9,416.0,37.1,31.7,88.6,14.0
2017-06-28,251.7,64.0,315.7,30.4,29.8,89.7,15.0
2017-06-29,242.0,65.0,298.5,55.0,53.4,89.9,16.0
2017-06-30,439.1,76.4,515.4,57.1,49.8,93.8,16.0
2017-07-01,3.9,5.8,61.7,27.6,11.3,93.8,16.0
2017-07-02,95.8,49.5,145.3,15.8,14.4,93.8,15.0
2017-07-03,51.1,55.4,106.5,31.7,21.4,93.8,15.0
2017-07-04,124.6,56.9,179.2,31.4,18.0,93.8,16.0
2017-07-05,322.9,83.7,406.6,56.5,21.5,93.8,14.0
2017-07-06,229.3,78.0,305.6,20.1,18.8,93.8,16.0
2017-07-07,79.9,71.2,151.0,20.5,14.3,93.8,15.0
2017-07-08,184.5,52.6,233.9,24.1,19.1,93.8,17.0
2017-07-09,56.7,58.3,115.0,22.2,18.9,93.8,15.0
2017-07-10,36.5,46.3,82.3,22.6,21.2,93.8,15.0
2017-07-11,143.2,71.6,214.9,28.0,33.1,93.8,15.0
2017-07-12,77.9,66.9,139.4,39.5,38.5,93.8,12.0
2017-07-13,54.5,56.4,110.9,18.4,12.6,93.8,10.0
2017-07-14,31.1,44.9,76.0,16.7,16.8,93.8,12.0
2017-07-15,120.1,55.7,167.1,56.0,40.0,93.8,14.0
2017-07-16,110.6,58.2,162.1,42.3,43.4,93.8,15.0
2017-07-17,180.0,63.6,235.4,19.5,13.3,93.8,16.0
2017-07-18,225.4,69.3,294.7,28.3,32.6,93.8,16.0
2017-07-19,188.6,57.0,234.0,49.4,40.3,93.8,17.0
2017-07-20,110.7,29.9,139.5,32.7,18.7,93.8,17.0
2017-07-21,31.9,52.4,84.2,26.5,18.9,93.8,15.0
2017-07-22,20.9,42.4,63.3,28.8,12.9,93.8,15.0
2017-07-23,99.4,47.6,147.0,20.6,17.5,93.8,15.0
2017-07-24,106.2,66.7,159.2,29.1,22.6,93.8,15.0
2017-07-25,49.3,57.4,106.7,20.1,19.3,93.8,15.0
2017-07-26,75.8,64.5,127.5,32.1,19.7,93.8,15.0
2017-07-27,77.3,51.8,122.2,19.7,15.4,93.8,15.0
2017-07-28,32.7,46.6,77.8,13.7,17.3,93.8,14.0
2017-07-29,93.5,55.1,138.7,39.8,53.6,93.8,11.0
2017-07-30,112.6,60.3,168.1,43.5,58.8,93.8,13.0
2017-07-31,352.4,94.8,447.2,48.1,56.2,93.8,13.0
2017-08-01,132.8,66.0,190.9,40.7,36.7,93.8,16.0
2017-08-02,29.3,33.7,59.8,21.4,8.4,93.8,15.0
2017-08-03,16.3,34.0,50.3,17.9,18.0,93.8,13.0
2017-08-04,287.3,76.1,363.4,35.4,20.3,93.8,14.0
2017-08-05,248.6,65.0,313.5,21.6,18.2,93.8,14.0
2017-08-06,3.9,5.7,9.0,17.6,12.2,93.8,16.0
2017-08-07,61.0,56.0,116.7,22.2,18.1,93.8,18.0
2017-08-08,34.0,35.8,69.8,20.1,17.5,93.8,17.0
2017-08-09,45.0,55.4,98.7,27.7,12.2,93.8,16.0
2017-08-10,39.2,56.2,94.1,20.2,15.3,93.8,16.0
2017-08-11,95.8,67.4,160.2,21.4,13.0,93.8,15.0
2017-08-12,17.9,37.7,55.6,38.2,14.9,93.8,18.0
2017-08-13,85.6,42.6,128.2,28.7,20.4,93.8,18.0
2017-08-14,44.5,52.6,92.1,26.8,17.5,93.8,15.0
2017-08-15,64.3,62.7,116.9,22.8,28.6,93.8,15.0
2017-08-16,70.7,67.9,138.6,132.8,26.4,93.8,16.0
2017-08-17,48.8,52.4,96.5,23.4,26.1,93.8,17.0
2017-08-18,38.2,46.1,84.3,22.9,17.7,93.8,15.0
2017-08-19,59.3,32.3,89.5,21.5,14.0,93.8,16.0
2017-08-20,18.0,42.9,55.9,18.6,24.5,93.8,16.0
2017-08-21,41.3,46.0,87.4,26.1,25.5,93.8,15.0
2017-08-22,94.1,49.1,143.2,24.9,32.0,93.8,15.0
2017-08-23,248.1,57.3,305.5,24.4,23.9,93.8,15.0
2017-08-24,350.4,70.2,420.6,31.9,16.3,93.8,15.0
2017-08-25,138.3,50.8,185.1,15.7,15.3,93.8,16.0
2017-08-26,50.0,38.3,88.3,19.5,17.8,93.8,16.0
2017-08-27,5.4,4.7,10.0,38.7,10.6,93.8,15.0
2017-08-28,44.2,56.6,97.5,33.5,19.0,93.8,16.0
2017-08-29,156.7,64.9,221.6,22.5,23.5,93.8,18.0
2017-08-30,42.6,49.6,92.1,13.5,12.9,93.8,16.0
2017-08-31,42.4,56.9,91.9,14.3,11.5,93.8,17.0
2017-09-01,226.7,58.4,285.1,59.6,20.0,93.8,16.0
2017-09-02,4.8,30.9,34.8,11.7,10.5,93.8,16.0
2017-09-03,14.2,30.4,44.6,18.8,18.6,93.8,15.0
2017-09-04,44.7,47.7,92.4,19.4,12.2,93.8,16.0
2017-09-05,57.8,59.6,117.4,19.1,16.6,93.8,17.0
2017-09-06,34.1,50.4,76.4,13.4,8.4,93.8,16.0
2017-09-07,35.5,47.5,79.6,29.3,18.4,93.8,17.0
2017-09-08,142.2,70.8,213.0,26.4,15.0,93.8,16.0
2017-09-09,17.8,41.5,59.2,18.7,19.6,93.8,13.0
2017-09-10,11.5,22.4,31.0,25.9,20.2,93.8,13.0
2017-09-11,29.8,39.6,69.3,23.8,15.5,93.8,12.0
2017-09-12,50.3,53.4,103.7,20.5,17.9,93.8,14.0
2017-09-13,38.2,42.9,81.1,46.6,16.1,93.8,16.0
2017-09-14,12.9,19.9,29.7,28.9,23.3,93.8,19.0
2017-09-15,16.0,23.9,39.9,23.8,8.0,93.8,19.0
2017-09-16,30.2,48.4,78.6,32.9,20.4,93.8,16.0
2017-09-17,21.1,34.3,55.4,38.4,27.4,93.8,19.0
2017-09-18,26.8,47.8,74.7,19.5,21.4,93.8,13.0
2017-09-19,29.4,45.2,74.6,19.3,19.4,93.8,16.0
2017-09-20,115.3,54.0,164.2,19.2,14.6,93.8,18.0
2017-09-21,43.0,51.6,85.5,22.3,33.3,93.8,16.0
2017-09-22,75.4,46.3,121.8,14.6,18.8,93.8,15.0
2017-09-23,10.9,21.5,30.3,14.9,23.6,93.8,17.0
2017-09-24,11.1,26.4,37.0,16.8,23.2,93.8,18.0
2017-09-25,42.7,49.9,90.2,25.8,10.1,93.8,18.0
2017-09-26,36.4,47.0,83.4,26.9,28.0,93.8,20.0
2017-09-27,40.6,49.1,87.3,29.5,23.3,93.8,18.0
2017-09-28,62.5,47.6,110.1,29.6,31.6,93.8,18.0
2017-09-29,116.3,52.1,162.9,22.4,18.9,93.8,17.0
2017-09-30,84.8,29.8,114.7,15.7,28.1,93.8,17.0
2017-10-01,9.0,21.8,24.7,31.3,13.8,93.8,15.0
2017-10-02,13.2,17.9,31.1,30.0,12.9,93.8,16.0
2017-10-03,21.1,24.6,45.7,57.1,15.1,93.8,17.0
2017-10-04,20.4,29.6,50.0,14.3,9.8,93.8,17.0
2017-10-05,24.7,30.9,55.6,15.9,10.3,93.8,15.0
2017-10-06,162.4,52.2,214.6,22.8,16.3,93.8,15.0
2017-10-07,4.6,11.8,16.5,24.9,15.2,93.8,15.0
2017-10-08,4.9,7.2,12.1,21.4,23.9,93.8,15.0
2017-10-09,11.5,21.2,31.5,19.2,10.5,93.8,15.0
2017-10-10,20.2,25.6,43.3,14.9,11.3,93.8,15.0
2017-10-11,18.3,24.5,42.8,29.2,15.7,93.8,15.0
2017-10-12,45.7,48.4,94.0,29.3,16.6,93.8,15.0
2017-10-13,49.4,54.5,103.9,22.1,20.7,93.8,15.0
2017-10-14,11.2,21.3,28.3,25.2,20.9,93.8,15.0
2017-10-15,7.4,10.4,15.4,21.7,18.1,93.8,15.0
2017-10-16,15.4,20.2,34.9,23.4,11.8,93.8,15.0
2017-10-17,19.1,25.2,44.3,27.5,25.3,93.8,15.0
2017-10-18,25.2,28.4,51.0,22.1,16.2,93.8,15.0
2017-10-19,28.4,45.9,72.7,21.5,27.0,93.8,15.0
2017-10-20,20.0,25.0,44.3,18.5,14.8,93.8,15.0
2017-10-21,20.0,25.0,44.3,16.4,14.8,93.8,15.0
2017-10-22,3.3,12.5,15.8,16.2,11.5,93.8,15.0
2017-10-23,1.9,8.1,9.9,14.4,11.5,93.8,15.0
2017-10-24,16.6,16.7,27.7,19.0,16.6,93.8,15.0
2017-10-25,27.1,29.8,56.3,14.3,17.1,93.8,15.0
2017-10-26,21.4,19.7,40.5,19.2,13.3,93.8,15.0
2017-10-27,43.6,37.3,78.0,17.3,21.5,93.8,15.0
2017-10-28,8.9,11.4,20.3,9.5,10.7,93.8,15.0
2017-10-29,7.6,4.5,12.1,18.8,24.5,93.8,15.0
2017-10-30,14.1,17.0,31.1,24.5,29.5,93.8,15.0
2017-10-31,12.1,15.9,26.5,25.9,16.3,93.8,15.0
2017-11-01,9.5,10.0,17.3,18.9,18.4,93.8,15.0
2017-11-02,12.6,12.3,24.9,24.0,17.2,93.8,15.0
2017-11-03,11.3,8.5,18.3,28.4,12.4,93.8,15.0
2017-11-04,20.7,18.4,39.1,24.7,12.3,93.8,15.0
2017-11-05,12.2,18.5,30.8,22.2,0.0,93.8,15.0
2017-11-06,41.0,42.5,83.5,20.2,26.2,93.8,15.0
2017-11-07,195.7,57.2,253.0,22.7,20.9,93.8,15.0
2017-11-08,21.7,23.9,45.2,29.8,27.1,63.3,15.0
2017-11-09,72.5,50.3,122.8,21.5,32.8,63.3,15.0
2017-11-10,28.2,29.5,57.0,20.7,24.5,63.3,15.0
2017-11-11,14.9,17.8,31.2,19.1,17.4,63.3,15.0
2017-11-12,9.5,21.0,30.0,16.7,16.2,63.3,15.0
2017-11-13,154.9,60.6,215.5,26.6,9.8,63.3,15.0
2017-11-14,57.2,27.7,83.9,16.9,10.3,63.3,15.0
2017-11-15,36.1,35.6,71.7,24.1,15.1,63.3,15.0
2017-11-16,26.0,27.6,53.6,12.2,12.9,63.3,15.0
2017-11-17,33.4,40.1,73.5,18.2,18.4,63.3,15.0
2017-11-18,2.5,13.2,15.4,15.4,23.6,63.3,15.0
2017-11-19,7.2,13.6,17.1,10.3,16.3,63.3,15.0
2017-11-20,21.7,26.2,46.4,9.6,24.2,63.3,15.0
2017-11-21,165.2,41.8,206.9,24.0,10.9,63.3,15.0
2017-11-22,15.7,13.3,28.2,20.9,8.3,63.3,15.0
2017-11-23,132.1,41.9,174.0,43.1,13.8,63.3,15.0
2017-11-24,41.0,27.7,68.7,24.8,11.1,63.3,15.0
2017-11-25,30.5,28.7,59.2,15.9,12.6,63.3,15.0
2017-11-26,5.5,8.1,9.9,12.2,19.4,63.3,15.0
2017-11-27,12.8,18.6,31.4,11.7,7.6,63.3,15.0
2017-11-28,16.2,17.3,31.9,9.6,14.1,63.3,15.0
2017-11-29,67.0,32.6,99.6,27.0,12.2,63.3,15.0
2017-11-30,40.7,25.7,66.4,21.7,19.0,63.3,15.0
2017-12-01,18.3,18.7,37.0,21.7,19.1,63.3,15.0
2017-12-02,12.3,19.5,31.6,14.0,8.7,63.3,15.0
2017-12-03,40.9,21.4,59.5,15.4,9.3,63.3,15.0
2017-12-04,49.2,27.8,77.0,15.6,15.5,63.3,15.0
2017-12-05,13.6,14.5,28.1,12.9,12.9,63.3,15.0
2017-12-06,43.4,27.4,70.8,33.0,11.8,63.3,15.0
2017-12-07,15.8,16.5,32.3,32.7,15.8,63.3,15.0
2017-12-08,14.8,13.5,28.3,17.5,7.0,63.3,15.0
2017-12-09,6.5,4.5,10.4,15.2,7.2,63.3,15.0
2017-12-10,13.9,26.5,37.7,24.0,20.8,63.3,15.0
2017-12-11,49.0,30.6,79.6,54.8,15.5,63.3,15.0
2017-12-12,43.9,26.6,70.4,17.7,10.0,63.3,15.0
2017-12-13,33.4,29.5,62.8,17.8,9.7,63.3,15.0
2017-12-14,29.3,21.4,50.2,13.4,9.1,63.3,15.0
2017-12-15,21.8,26.7,45.7,29.3,17.0,63.3,15.0
2017-12-16,23.1,20.3,43.0,19.5,15.2,63.3,15.0
2017-12-17,6.3,13.8,18.6,20.6,12.6,63.3,15.0
2017-12-18,47.6,29.3,76.9,23.2,18.7,63.3,15.0
2017-12-19,56.8,36.6,93.4,23.8,11.9,63.3,15.0
2017-12-20,14.4,13.2,27.3,29.2,11.2,63.3,15.0
2017-12-21,26.5,28.9,55.4,22.2,13.5,63.3,15.0
2017-12-22,39.5,21.5,60.3,22.9,15.9,63.3,15.0
2017-12-23,6.1,5.1,10.2,26.1,11.3,63.3,15.0
2017-12-24,4.7,4.0,7.0,17.2,8.6,63.3,15.0
2017-12-25,2.0,1.9,3.0,13.9,15.5,63.3,15.0
2017-12-26,11.4,13.0,23.5,16.9,14.7,63.3,15.0
2017-12-27,11.3,12.7,24.1,106.6,15.3,63.3,21.0
2017-12-28,8.7,17.7,26.0,23.3,19.1,63.3,21.0
2017-12-29,8.4,9.6,14.3,19.9,9.4,63.3,21.0
2017-12-30,10.7,15.5,26.2,29.1,16.0,63.3,21.0
2017-12-31,11.8,14.7,25.9,15.3,17.6,63.3,21.0
2018-01-01,12.7,18.8,31.5,25.8,14.5,63.3,21.0
2018-01-02,24.2,13.7,35.6,13.7,11.3,63.3,21.0
2018-01-03,9.2,9.0,18.2,13.0,4.9,63.3,21.0
2018-01-04,6.6,4.7,11.1,30.4,8.3,63.3,21.0
2018-01-05,11.7,11.8,22.5,38.1,16.3,63.3,21.0
2018-01-06,10.0,9.9,17.7,48.7,22.4,63.3,21.0
2018-01-07,8.7,8.1,15.6,38.2,26.9,63.3,21.0
2018-01-08,26.2,21.8,48.0,30.1,12.4,63.3,21.0
2018-01-09,58.6,23.5,82.2,22.4,11.9,63.3,21.0
2018-01-10,40.1,21.9,62.1,18.1,18.9,63.3,21.0
2018-01-11,47.1,21.6,68.8,19.3,17.9,63.3,21.0
2018-01-12,65.6,21.2,86.7,24.7,14.6,63.3,21.0
2018-01-13,6.5,4.9,11.4,21.5,16.6,63.3,21.0
2018-01-14,4.5,4.5,7.2,16.3,17.8,63.3,21.0
2018-01-15,8.5,6.1,14.5,22.2,8.6,63.3,21.0
2018-01-16,7.4,5.0,12.2,49.9,17.0,63.3,21.0
2018-01-17,7.3,3.9,9.7,35.8,12.3,63.3,21.0
2018-01-18,8.3,4.5,10.9,31.6,6.1,63.3,21.0
2018-01-19,8.1,5.6,13.7,58.2,12.4,63.3,21.0
2018-01-20,5.4,3.3,8.7,25.7,15.7,63.3,21.0
2018-01-21,4.5,3.1,6.5,66.0,12.3,63.3,21.0
2018-01-22,14.0,13.8,25.5,19.4,18.8,63.3,21.0
2018-01-23,19.1,18.5,35.0,13.9,8.4,63.3,21.0
2018-01-24,45.2,21.1,66.3,13.1,13.0,63.3,21.0
2018-01-25,46.9,23.6,70.5,16.8,15.5,63.3,21.0
2018-01-26,33.7,26.6,59.5,21.6,16.5,63.3,21.0
2018-01-27,62.8,22.9,84.1,24.3,13.0,63.3,21.0
2018-01-28,4.4,5.7,9.8,19.8,21.3,63.3,21.0
2018-01-29,4.7,4.0,6.7,16.5,15.8,63.3,21.0
2018-01-30,15.5,10.7,26.2,26.8,19.7,63.3,21.0
2018-01-31,12.1,7.4,18.5,29.4,11.6,63.3,21.0
2018-02-01,17.4,11.2,22.6,43.2,11.8,63.3,21.0
2018-02-02,65.1,43.6,107.8,28.1,23.7,63.3,21.0
2018-02-03,24.8,23.5,48.4,59.4,16.4,63.3,21.0
2018-02-04,4.0,7.5,9.5,16.7,15.9,63.3,21.0
2018-02-05,33.4,25.4,58.8,18.6,12.4,63.3,21.0
2018-02-06,41.6,15.2,56.8,19.2,10.5,63.3,21.0
2018-02-07,31.0,26.8,55.5,27.3,8.9,63.3,21.0
2018-02-08,7.5,22.0,24.1,20.6,7.2,63.3,21.0
2018-02-09,31.5,32.3,61.8,14.2,17.5,63.3,21.0
2018-02-10,9.0,14.8,23.4,27.5,16.8,63.3,21.0
2018-02-11,6.3,2.1,8.3,15.0,15.1,63.3,21.0
2018-02-12,41.5,15.7,57.2,15.2,10.9,63.3,21.0
2018-02-13,26.3,10.7,37.0,22.9,12.1,63.3,21.0
2018-02-14,21.9,9.3,31.2,27.5,17.2,63.3,21.0
2018-02-15,27.6,25.3,52.9,17.6,11.6,63.3,21.0
2018-02-16,129.6,32.6,162.2,20.4,13.5,63.3,21.0
2018-02-17,79.4,18.7,98.1,25.0,9.8,63.3,21.0
2018-02-18,59.2,13.3,72.5,38.5,14.7,63.3,21.0
2018-02-19,45.4,20.9,64.8,23.9,11.9,63.3,21.0
2018-02-20,18.7,12.4,30.5,45.5,19.0,63.3,21.0
2018-02-21,44.2,34.8,79.0,36.1,14.8,63.3,21.0
2018-02-22,63.8,36.3,96.0,29.3,11.0,63.3,21.0
2018-02-23,63.9,34.4,96.8,20.5,12.8,63.3,21.0
2018-02-24,62.3,24.4,86.7,16.8,20.9,63.3,21.0
2018-02-25,29.3,23.6,45.4,18.3,9.7,63.3,21.0
2018-02-26,111.7,31.1,142.8,15.7,18.8,63.3,21.0
2018-02-27,58.9,30.0,88.6,27.2,13.5,63.3,21.0
2018-02-28,13.0,5.9,18.3,24.7,12.9,63.3,21.0
2018-03-01,10.2,10.4,20.6,21.4,19.9,63.3,21.0
2018-03-02,13.9,15.0,28.9,32.0,13.9,63.3,21.0
2018-03-03,13.9,15.0,28.9,37.0,14.9,63.3,21.0
2018-03-04,21.4,23.9,41.7,29.3,8.7,63.3,21.0
2018-03-05,21.4,23.9,41.7,23.2,20.1,63.3,21.0
2018-03-06,116.4,29.2,145.5,21.8,16.9,63.3,21.0
2018-03-07,38.8,19.9,46.3,17.2,17.3,63.3,21.0
2018-03-08,48.5,32.8,81.3,17.2,10.1,63.3,21.0
2018-03-09,51.3,24.7,71.8,17.2,23.6,63.3,21.0
2018-03-10,48.7,26.8,75.5,13.3,9.7,63.3,21.0
2018-03-11,13.3,21.6,34.8,15.1,13.4,63.3,21.0
2018-03-12,49.5,34.8,84.3,23.9,28.9,63.3,21.0
2018-03-13,17.1,16.7,33.8,23.0,22.4,63.3,21.0
2018-03-14,50.0,34.8,84.8,41.0,21.4,63.3,21.0
2018-03-15,149.4,39.9,189.2,32.8,23.0,63.3,21.0
2018-03-16,84.6,32.3,116.1,27.4,20.3,63.3,21.0
2018-03-17,78.0,24.8,102.1,39.6,19.9,63.3,21.0
2018-03-18,3.9,4.4,6.4,21.6,18.5,63.3,21.0
2018-03-19,11.6,18.5,30.2,23.2,10.3,83.8,22.0
2018-03-20,19.8,29.9,49.5,23.4,21.5,90.0,23.0
2018-03-21,130.3,39.5,169.8,23.7,12.8,85.4,22.0
2018-03-22,146.4,37.3,178.8,24.4,20.0,87.1,22.0
2018-03-23,13.6,11.1,24.2,23.8,17.2,83.5,21.0
2018-03-24,18.8,24.6,42.5,19.1,14.2,89.2,22.0
2018-03-25,50.9,29.4,76.6,15.7,9.3,90.6,23.0
2018-03-26,252.0,45.8,296.3,35.4,31.1,87.5,23.0
2018-03-27,182.6,44.9,227.6,22.6,19.1,84.9,23.0
2018-03-28,177.4,41.2,218.6,31.7,15.2,87.1,22.0
2018-03-29,62.2,36.2,98.4,18.5,13.1,86.6,24.0
2018-03-30,18.4,21.8,36.8,19.8,12.2,88.9,23.0
2018-03-31,22.0,24.7,45.7,12.4,13.7,84.7,22.0
2018-04-01,18.2,38.3,54.9,21.9,12.8,85.2,21.0
2018-04-02,18.2,32.2,49.5,18.5,18.7,73.4,21.0
2018-04-03,42.2,44.1,86.2,21.4,25.9,81.4,23.0
2018-04-04,47.1,28.5,75.6,16.6,18.3,88.6,23.0
2018-04-05,44.1,35.5,79.5,22.9,12.4,78.8,21.0
2018-04-06,86.5,28.6,86.5,28.4,13.1,86.7,22.0
2018-04-07,33.0,28.7,60.5,21.8,16.7,86.9,22.0
2018-04-08,82.3,30.8,110.5,26.6,16.7,86.6,21.0
2018-04-09,146.9,56.2,203.1,20.9,15.5,78.3,21.0
2018-04-10,25.5,26.2,50.5,60.7,15.3,85.0,21.0
2018-04-11,25.5,26.2,50.5,51.2,15.3,51.8,21.0
2018-04-12,0.0,0.0,0.0,36.5,6.6,51.8,21.0
2018-04-13,0.0,0.0,0.0,38.1,6.6,87.0,21.0
2018-04-14,0.0,0.0,0.0,39.8,17.4,87.0,23.0
2018-04-15,0.0,0.0,0.0,25.6,19.5,87.0,23.0
2018-04-16,0.0,0.0,0.0,43.8,25.7,73.4,23.0
2018-04-17,27.7,30.4,58.0,46.5,17.7,79.7,23.0
2018-04-18,20.6,29.6,46.5,35.2,20.6,86.3,18.0
2018-04-19,106.2,53.8,160.0,21.1,13.1,76.5,19.0
2018-04-20,57.8,42.8,97.3,25.0,17.3,83.7,19.0
2018-04-21,38.7,35.1,73.8,18.7,23.4,85.0,20.0
2018-04-22,18.1,34.0,52.1,21.7,10.0,87.7,18.0
2018-04-23,48.4,49.4,97.7,21.5,10.3,71.0,18.0
2018-04-24,40.4,51.0,90.2,16.6,11.7,80.5,18.0
2018-04-25,64.3,39.9,95.7,20.9,11.1,87.9,19.0
2018-04-26,140.5,47.8,182.5,21.8,26.8,84.4,19.0
2018-04-27,226.1,48.3,271.3,25.8,20.9,83.5,19.0
2018-04-28,4.2,3.6,7.8,37.3,17.3,91.0,19.0
2018-04-29,6.1,6.8,11.6,29.3,15.3,90.2,20.0
2018-04-30,27.1,31.7,51.8,16.4,8.8,89.1,19.0
2018-05-01,32.5,37.0,69.5,21.7,22.0,87.3,20.0
2018-05-02,41.9,43.3,85.3,19.9,11.1,82.8,20.0
2018-05-03,131.5,61.3,178.5,34.4,23.0,83.1,16.0
2018-05-04,229.8,55.3,272.7,31.7,25.8,86.8,17.0
2018-05-05,144.6,39.3,179.5,37.4,31.3,86.4,18.0
2018-05-06,53.0,52.4,102.5,31.6,13.8,86.6,19.0
2018-05-07,40.8,41.9,82.8,33.7,24.8,85.1,18.0
2018-05-08,106.4,59.7,166.1,31.1,18.4,80.1,19.0
2018-05-09,98.2,52.5,150.6,23.2,15.2,87.1,20.0
2018-05-10,122.7,39.9,161.3,19.5,25.2,91.4,18.0
2018-05-11,31.8,33.8,62.4,24.8,13.7,85.8,20.0
2018-05-12,15.9,23.8,37.7,17.8,10.3,91.2,18.0
2018-05-13,14.7,15.8,30.5,13.9,14.7,91.6,21.0
2018-05-14,37.2,40.4,76.5,27.1,10.9,91.4,21.0
2018-05-15,29.0,28.9,57.9,18.7,16.8,89.9,20.0
2018-05-16,32.9,36.2,60.0,41.8,12.6,86.6,21.0
2018-05-17,69.3,55.0,124.3,18.7,9.7,88.7,16.0
2018-05-18,101.9,57.7,157.5,32.0,27.0,80.9,18.0
2018-05-19,19.8,34.8,50.8,24.5,12.3,87.8,18.0
2018-05-20,89.1,38.0,125.3,19.9,11.5,90.2,18.0
2018-05-21,122.9,55.3,173.8,25.5,16.3,90.2,19.0
2018-05-22,82.9,57.0,140.0,40.5,11.3,89.4,18.0
2018-05-23,55.1,57.2,106.8,19.8,12.8,88.4,16.0
2018-05-24,84.4,55.1,139.0,37.1,22.4,88.0,16.0
2018-05-25,79.5,60.8,140.3,52.5,20.8,88.1,16.0
2018-05-26,15.7,34.8,43.9,25.3,14.9,89.9,15.0
2018-05-27,15.0,35.4,50.4,19.7,9.0,84.1,15.0
2018-05-28,56.7,54.4,111.1,30.2,42.2,85.5,12.0
2018-05-29,118.2,56.9,175.1,46.0,53.8,84.6,13.0
2018-05-30,258.0,55.2,307.1,37.6,49.1,87.2,13.0
2018-05-31,438.8,65.2,502.9,56.4,61.0,89.1,14.0
2018-06-01,426.5,65.3,491.7,42.6,48.7,88.8,15.0
2018-06-02,4.9,4.2,9.1,26.9,15.0,76.1,16.0
2018-06-03,3.6,18.9,20.5,24.4,8.6,90.8,16.0
2018-06-04,3.9,3.1,7.0,22.5,9.9,87.3,17.0
2018-06-05,14.1,20.8,35.0,29.6,9.9,77.9,16.0
2018-06-06,81.6,61.0,142.6,35.5,13.2,87.3,14.0
2018-06-07,53.1,51.9,100.9,15.0,16.5,84.5,12.0
2018-06-08,189.2,62.4,239.2,48.1,50.6,85.1,15.0
2018-06-09,329.2,55.6,384.9,41.1,45.5,89.0,15.0
2018-06-10,103.4,33.2,124.8,39.6,35.5,90.1,14.0
2018-06-11,41.4,39.0,80.4,11.7,33.6,86.5,13.0
2018-06-12,28.8,32.6,61.4,21.5,14.2,86.6,14.0
2018-06-13,62.4,53.4,115.8,19.0,21.2,87.5,15.0
2018-06-14,105.4,61.4,145.4,30.9,29.6,89.3,16.0
2018-06-15,193.2,54.7,237.8,20.7,23.2,89.8,17.0
2018-06-16,53.0,47.7,100.7,25.1,18.4,92.0,18.0
2018-06-17,108.0,51.5,151.7,35.3,24.8,88.5,17.0
2018-06-18,57.7,27.8,81.8,28.5,29.2,87.7,19.0
2018-06-19,89.8,57.8,130.2,63.8,34.3,89.4,16.0
2018-06-20,26.2,50.2,76.5,14.5,12.4,86.4,13.0
2018-06-21,24.9,54.3,79.2,15.3,20.7,79.6,13.0
2018-06-22,223.5,68.0,291.5,36.6,35.4,83.3,13.0
2018-06-23,92.8,58.4,146.1,41.0,47.2,88.4,15.0
2018-06-24,26.2,40.4,59.9,20.8,13.1,90.6,16.0
2018-06-25,64.8,64.8,129.6,18.1,27.5,87.7,13.0
2018-06-26,59.1,66.2,121.3,27.5,27.7,81.7,12.0
2018-06-27,400.3,77.3,477.6,66.7,61.6,88.4,14.0
2018-06-28,251.9,57.3,300.6,39.1,75.4,89.8,13.0
2018-06-29,143.0,59.1,191.9,49.5,56.5,91.0,12.0
2018-06-30,209.5,56.3,252.4,51.9,50.7,89.9,13.0
2018-07-01,50.9,48.0,98.9,22.0,19.8,88.0,14.0
2018-07-02,76.0,65.5,141.0,31.3,23.5,87.4,15.0
2018-07-03,93.6,57.3,146.7,29.8,28.6,88.9,13.0
2018-07-04,420.1,72.8,492.9,38.5,28.9,86.4,13.0
2018-07-05,156.6,73.1,229.7,36.4,26.0,72.9,13.0
2018-07-06,322.5,60.8,383.3,52.5,42.7,86.1,13.0
2018-07-07,53.6,45.5,85.7,25.7,23.8,85.9,15.0
2018-07-08,5.1,21.9,25.7,14.8,22.3,85.2,16.0
2018-07-09,27.3,37.9,65.3,31.8,20.8,86.0,16.0
2018-07-10,62.4,66.4,128.7,25.3,19.3,82.2,14.0
2018-07-11,204.2,66.0,270.2,26.5,19.5,85.3,14.0
2018-07-12,187.7,66.5,252.1,47.5,48.5,89.6,15.0
2018-07-13,431.1,68.8,499.9,50.6,49.4,88.5,13.0
2018-07-14,4.7,15.3,16.7,21.1,18.2,88.9,15.0
2018-07-15,86.8,56.9,129.4,31.0,34.2,89.8,15.0
2018-07-16,142.1,59.9,202.1,24.3,22.0,90.7,16.0
2018-07-17,151.5,58.6,209.9,39.9,29.3,90.1,16.0
2018-07-18,260.8,60.8,321.6,41.0,32.6,90.3,16.0
2018-07-19,203.4,57.1,260.5,27.1,21.2,89.6,16.0
2018-07-20,298.2,78.3,376.5,43.9,33.4,89.2,15.0
2018-07-21,200.5,55.7,256.3,33.9,30.5,87.5,16.0
2018-07-22,29.4,43.4,70.9,25.6,34.6,88.7,15.0
2018-07-23,353.2,71.9,425.0,43.8,35.7,90.0,14.0
2018-07-24,306.2,64.1,363.2,47.7,44.6,88.9,13.0
2018-07-25,249.9,65.3,311.3,26.1,30.2,88.5,14.0
2018-07-26,68.0,53.6,108.6,39.2,27.8,84.5,16.0
2018-07-27,244.9,64.0,303.8,35.3,39.4,88.4,14.0
2018-07-28,45.0,54.1,99.1,29.2,30.0,89.5,15.0
2018-07-29,25.3,27.9,46.9,18.8,31.6,91.3,16.0
2018-07-30,152.3,68.2,206.7,48.6,49.5,81.2,14.0
2018-07-31,60.7,32.6,90.1,28.8,31.1,85.9,14.0
2018-08-01,200.4,52.2,250.7,27.5,33.0,89.3,16.0
2018-08-02,135.1,39.2,164.2,23.2,23.1,91.3,14.0
2018-08-03,156.9,65.4,215.7,43.6,44.7,87.9,14.0
2018-08-04,106.2,46.5,142.2,33.2,46.8,90.2,14.0
2018-08-05,13.4,23.5,33.7,22.8,19.4,87.8,13.0
2018-08-06,297.8,71.9,359.8,30.0,21.3,88.8,14.0
2018-08-07,275.3,53.0,321.9,38.1,37.7,90.4,15.0
2018-08-08,23.0,37.1,52.8,27.7,37.7,89.3,15.0
2018-08-09,223.2,72.5,292.8,32.3,37.7,89.1,16.0
2018-08-10,253.6,71.5,325.1,31.2,37.7,86.5,16.0
2018-08-11,220.5,52.1,272.6,28.6,37.7,89.6,15.0
2018-08-12,122.0,43.6,155.6,25.1,37.7,88.6,15.0
2018-08-13,270.3,64.4,334.7,26.8,37.7,89.6,14.0
2018-08-14,25.2,45.2,70.5,29.7,21.1,88.3,14.0
2018-08-15,15.3,28.3,43.6,27.0,21.1,77.5,15.0
2018-08-16,45.3,58.6,103.9,28.0,21.1,83.2,16.0
2018-08-17,44.1,58.8,100.4,26.3,21.1,86.4,15.0
2018-08-18,36.4,49.7,86.1,31.0,21.1,88.7,15.0
2018-08-19,122.0,49.5,158.9,19.8,21.1,88.5,14.0
2018-08-20,10.9,25.8,31.7,18.0,21.1,83.9,17.0
2018-08-21,35.2,51.3,85.9,18.4,18.2,82.8,13.0
2018-08-22,83.4,74.1,157.5,25.2,14.8,81.7,15.0
2018-08-23,74.6,59.3,128.5,23.9,27.4,86.6,14.0
2018-08-24,40.1,49.9,90.0,19.6,31.9,86.3,14.0
2018-08-25,10.7,26.3,36.7,23.7,21.5,79.1,15.0
2018-08-26,9.8,38.5,47.4,23.4,22.7,82.5,14.0
2018-08-27,175.6,61.1,234.8,31.7,39.6,84.8,15.0
2018-08-28,115.1,51.8,167.0,28.4,25.5,87.8,15.0
2018-08-29,34.8,50.0,81.7,22.4,27.7,90.8,17.0
2018-08-30,48.2,43.4,81.2,20.9,24.1,90.2,17.0
2018-08-31,73.4,57.2,119.5,20.8,28.3,90.3,16.0
2018-09-01,69.1,37.0,104.0,18.8,18.8,91.1,17.0
2018-09-02,7.9,15.7,23.0,29.5,14.9,87.4,16.0
2018-09-03,74.0,67.3,141.3,22.5,18.6,86.7,13.0
2018-09-04,122.9,55.8,178.7,15.9,17.8,89.1,13.0
2018-09-05,22.6,37.1,59.6,22.3,17.4,74.9,15.0
2018-09-06,20.6,40.7,55.9,9.6,18.5,84.4,12.0
2018-09-07,15.6,24.1,38.4,21.5,16.8,71.0,14.0
2018-09-08,12.3,16.5,27.8,17.2,28.2,75.1,16.0
2018-09-09,6.5,11.6,16.7,15.3,18.4,69.9,14.0
2018-09-10,23.3,38.1,56.8,11.8,17.4,84.4,13.0
2018-09-11,43.2,58.4,101.6,21.3,25.4,84.5,15.0
2018-09-12,168.7,45.5,210.3,23.5,40.5,88.0,16.0
2018-09-13,18.9,33.8,52.7,21.8,20.7,82.7,15.0
2018-09-14,17.9,32.1,46.8,18.5,12.1,78.2,17.0
2018-09-15,9.8,32.3,40.6,18.2,14.2,84.0,17.0
2018-09-16,5.2,7.0,12.3,13.9,29.1,82.3,16.0
2018-09-17,14.1,18.8,32.3,17.8,15.5,88.2,17.0
2018-09-18,20.4,40.0,54.9,15.5,19.7,88.8,17.0
2018-09-19,8.0,29.0,32.0,15.2,7.4,84.6,18.0
2018-09-20,34.5,39.0,73.5,16.9,13.5,81.3,20.0
2018-09-21,39.2,45.2,80.4,24.7,17.4,83.3,17.0
2018-09-22,15.0,33.9,46.9,15.7,16.9,87.9,17.0
2018-09-23,16.2,24.4,37.4,25.5,21.9,87.5,16.0
2018-09-24,28.2,35.0,63.2,18.3,17.4,85.6,16.0
2018-09-25,16.6,21.4,37.9,25.9,18.1,69.0,13.0
2018-09-26,14.0,22.8,34.9,25.4,11.7,74.2,15.0
2018-09-27,61.0,56.1,117.1,19.5,19.6,78.0,15.0
2018-09-28,123.5,49.9,173.4,18.0,20.7,83.3,16.0
2018-09-29,72.7,45.8,112.2,19.6,25.2,82.5,16.0
2018-09-30,86.1,39.1,120.8,26.4,21.1,84.8,18.0
2018-10-01,18.1,40.5,57.0,14.2,27.7,72.6,17.0
2018-10-02,25.5,37.4,61.9,14.4,40.8,87.8,18.0
2018-10-03,51.7,44.6,81.6,18.2,25.2,87.9,16.0
2018-10-04,135.2,39.4,171.5,18.8,28.4,87.3,16.0
2018-10-05,204.3,53.2,248.2,19.5,17.1,88.8,19.0
2018-10-06,67.4,38.5,105.6,23.5,15.2,85.7,17.0
2018-10-07,68.0,37.3,105.3,28.2,14.5,83.5,18.0
2018-10-08,46.4,44.4,90.8,22.7,14.6,81.1,18.0
2018-10-09,125.2,51.4,176.6,19.0,27.2,83.1,16.0
2018-10-10,84.7,54.6,137.1,22.4,15.2,73.7,17.0
2018-10-11,308.3,64.1,372.5,22.2,16.6,88.7,17.0
2018-10-12,23.3,36.5,59.8,35.9,28.2,85.8,16.0
2018-10-13,13.7,31.0,44.7,22.1,15.2,84.1,13.0
2018-10-14,21.9,33.4,55.3,19.9,17.7,82.1,16.0
2018-10-15,239.6,51.7,290.5,21.9,33.7,85.4,18.0
2018-10-16,70.7,44.2,113.6,20.2,16.8,82.2,15.0
2018-10-17,22.2,35.2,57.2,15.7,26.5,83.6,15.0
2018-10-18,25.0,40.4,63.6,22.3,13.6,84.1,16.0
2018-10-19,226.3,39.3,265.7,22.1,35.7,87.1,18.0
2018-10-20,145.6,38.9,180.8,21.6,18.1,85.2,20.0
2018-10-21,14.6,30.6,45.2,20.2,11.7,83.0,20.0
2018-10-22,19.1,27.9,47.0,16.5,19.7,86.6,20.0
2018-10-23,107.1,46.8,154.0,16.9,19.2,85.0,20.0
2018-10-24,161.8,46.7,202.7,19.3,12.4,84.8,19.0
2018-10-25,124.3,48.8,170.2,20.3,11.5,83.3,19.0
2018-10-26,25.1,39.3,61.5,25.2,14.1,87.2,18.0
2018-10-27,13.2,29.7,42.3,20.0,9.8,88.8,19.0
2018-10-28,13.4,30.2,40.9,11.9,18.2,88.5,19.0
2018-10-29,24.4,28.1,52.5,30.3,13.7,83.8,18.0
2018-10-30,46.8,49.6,96.5,45.4,21.9,83.5,15.0
2018-10-31,52.5,42.9,95.4,25.1,24.0,85.5,19.0
2018-11-01,30.2,37.5,67.8,26.1,18.1,80.0,15.0
2018-11-02,36.7,37.8,74.5,39.7,27.1,69.1,18.0
2018-11-03,22.9,25.6,48.4,30.4,9.5,80.4,19.0
2018-11-04,6.9,6.2,12.2,34.6,20.5,86.6,18.0
2018-11-05,36.6,38.3,74.9,24.0,12.6,77.9,18.0
2018-11-06,86.8,44.4,131.2,40.7,16.4,81.9,21.0
2018-11-07,182.6,33.4,216.1,43.7,38.5,86.5,19.0
2018-11-08,40.2,29.5,69.7,24.7,14.7,89.3,20.0
2018-11-09,13.8,22.8,36.6,21.7,19.0,88.2,21.0
2018-11-10,16.4,32.1,48.5,29.1,26.9,87.0,17.0
2018-11-11,16.9,25.1,38.5,24.9,36.2,88.9,17.0
2018-11-12,49.8,38.8,88.6,17.1,12.7,89.6,20.0
2018-11-13,56.2,30.1,86.3,19.9,16.7,82.8,20.0
2018-11-14,153.4,39.3,192.7,18.6,11.7,84.5,19.0
2018-11-15,11.0,12.6,23.5,18.9,10.6,73.9,19.0
2018-11-16,97.7,34.0,129.6,13.7,3.2,83.6,19.0
2018-11-17,79.5,34.0,107.1,20.2,3.9,82.6,20.0
2018-11-18,18.1,21.5,37.0,26.1,3.9,82.5,21.0
2018-11-19,25.5,31.4,55.6,23.2,2.6,86.6,17.0
2018-11-20,98.1,44.3,142.4,21.6,2.2,84.1,16.0
2018-11-21,42.2,35.5,77.2,13.1,3.2,83.7,17.0
2018-11-22,104.9,49.2,154.1,11.6,3.4,87.5,18.0
2018-11-23,187.7,45.9,233.6,18.6,3.3,83.8,19.0
2018-11-24,7.2,6.3,12.1,17.9,2.5,89.2,17.0
2018-11-25,12.6,27.4,37.9,50.7,4.0,90.6,20.0
2018-11-26,149.4,44.8,194.2,40.1,4.3,88.0,21.0
2018-11-27,34.2,37.2,64.1,17.0,3.8,88.8,20.0
2018-11-28,51.0,32.5,83.5,21.9,5.2,82.8,23.0
2018-11-29,45.0,39.5,84.5,23.3,5.3,85.3,21.0
2018-11-30,9.6,7.1,16.6,24.9,4.2,82.1,20.0
2018-12-01,4.4,0.7,5.1,51.6,15.8,88.3,19.0
2018-12-02,4.4,-0.7,3.5,31.9,13.1,87.8,21.0
2018-12-03,27.8,20.6,45.4,20.6,8.6,89.2,20.0
2018-12-04,32.4,37.9,70.2,28.3,9.8,89.2,21.0
2018-12-05,40.8,31.7,72.3,31.5,11.6,84.3,20.0
2018-12-06,34.0,28.0,61.1,24.2,9.1,79.0,17.0
2018-12-07,83.7,31.7,109.7,23.1,6.7,84.4,19.0
2018-12-08,28.8,19.8,48.6,25.1,6.7,81.2,20.0
2018-12-09,6.7,5.1,10.8,27.7,10.7,74.0,21.0
2018-12-10,18.4,20.9,33.1,27.3,13.0,78.1,22.0
2018-12-11,65.3,32.5,97.8,27.8,13.8,85.3,21.0
2018-12-12,32.8,25.3,58.1,35.6,7.8,83.8,20.0
2018-12-13,71.6,24.8,96.4,18.1,6.2,79.0,22.0
2018-12-14,12.5,34.9,45.2,23.4,7.6,85.0,21.0
2018-12-15,9.5,26.6,33.7,12.6,6.3,85.1,21.0
2018-12-16,26.4,16.9,43.3,12.3,4.2,86.8,23.0
2018-12-17,87.5,29.2,116.7,15.3,7.0,83.0,23.0
2018-12-18,41.7,23.9,65.6,15.2,6.5,84.5,25.0
2018-12-19,57.7,26.4,84.1,27.5,7.1,85.0,23.0
2018-12-20,44.0,46.5,90.5,14.3,5.6,88.6,21.0
2018-12-21,47.7,28.9,76.6,18.5,6.2,86.7,20.0
2018-12-22,26.7,25.1,51.8,13.6,4.1,84.0,22.0
2018-12-23,7.2,18.5,24.2,10.8,5.3,90.3,20.0
2018-12-24,5.7,22.7,27.8,19.0,7.1,91.0,20.0
2018-12-25,2.7,9.5,11.6,23.3,6.4,88.7,21.0
2018-12-26,4.6,4.2,8.5,33.5,13.9,86.4,22.0
2018-12-27,18.0,18.9,36.9,29.0,11.9,73.9,21.0
2018-12-28,27.7,24.9,52.6,29.6,6.6,76.1,23.0
2018-12-29,20.9,16.4,37.2,18.2,7.8,83.3,23.0
2018-12-30,16.6,14.8,31.4,15.5,8.2,85.3,24.0
2018-12-31,14.7,14.8,27.9,21.0,10.2,79.9,22.0
2019-01-01,5.4,12.8,17.2,21.5,10.3,78.7,22.0
2019-01-02,7.6,10.5,16.8,15.8,6.0,82.0,24.0
2019-01-03,19.6,15.1,34.8,22.3,8.0,81.7,24.0
2019-01-04,9.5,6.0,14.9,25.3,10.6,78.6,23.0
2019-01-05,38.9,22.8,61.8,36.9,11.5,80.4,24.0
2019-01-06,17.0,10.9,27.5,14.2,8.1,86.6,25.0
2019-01-07,32.4,26.4,54.9,22.0,9.0,80.4,26.0
2019-01-08,12.0,13.7,25.3,17.7,8.1,78.8,24.0
2019-01-09,24.5,23.4,47.8,20.4,9.7,81.0,23.0
2019-01-10,12.4,15.8,23.0,20.4,10.6,85.3,25.0
2019-01-11,44.1,19.9,64.0,24.1,9.9,86.9,27.0
2019-01-12,9.9,12.3,22.1,23.1,11.5,75.9,25.0
2019-01-13,7.4,8.6,14.8,27.2,11.5,78.9,25.0
2019-01-14,23.3,25.7,46.0,23.9,7.4,84.1,21.0
2019-01-15,33.4,30.6,64.1,17.1,6.4,85.3,20.0
2019-01-16,66.7,33.6,100.3,21.6,9.1,83.0,24.0
2019-01-17,14.3,11.8,24.4,29.5,8.7,75.9,24.0
2019-01-18,23.0,18.1,41.1,19.3,9.0,82.7,24.0
2019-01-19,18.7,17.4,35.0,18.2,9.6,82.4,25.0
2019-01-20,7.4,8.6,15.8,27.8,12.6,81.6,24.0
2019-01-21,33.2,23.2,56.4,25.6,10.8,70.6,23.0
2019-01-22,13.5,9.7,22.0,27.6,13.2,71.6,23.0
2019-01-23,55.2,28.6,83.8,36.3,7.8,78.0,24.0
2019-01-24,27.1,15.1,41.2,78.9,12.0,84.7,22.0
2019-01-25,29.6,25.0,54.6,36.2,9.8,81.8,23.0
2019-01-26,20.8,17.7,38.3,18.4,6.8,75.4,23.0
2019-01-27,12.9,9.8,22.6,14.9,6.0,84.6,23.0
2019-01-28,8.3,5.2,13.6,14.3,6.3,87.9,26.0
2019-01-29,14.1,21.6,35.7,29.0,10.9,82.6,28.0
2019-01-30,22.1,18.1,40.1,28.3,12.3,82.5,25.0
2019-01-31,12.3,17.2,27.7,23.7,13.8,79.9,23.0
2019-02-01,33.8,33.6,62.9,29.2,9.3,76.2,24.0
2019-02-02,44.9,21.6,64.3,33.5,9.8,85.2,26.0
2019-02-03,4.0,2.2,5.9,28.4,11.2,70.4,23.0
2019-02-04,20.4,19.7,40.1,28.0,9.0,75.6,24.0
2019-02-05,109.0,29.6,132.4,37.7,11.6,83.8,25.0
2019-02-06,19.2,20.9,37.3,20.5,10.9,85.3,27.0
2019-02-07,19.7,16.4,36.1,17.6,6.7,73.0,20.0
2019-02-08,11.5,14.6,23.7,22.1,6.4,71.5,21.0
2019-02-09,5.6,17.1,20.0,23.9,6.9,72.1,23.0
2019-02-10,21.2,25.4,43.0,17.7,6.2,79.3,25.0
2019-02-11,61.1,31.4,92.5,23.3,6.9,80.7,27.0
2019-02-12,43.4,23.3,65.5,23.4,6.3,85.5,26.0
2019-02-13,51.2,21.6,72.7,18.4,6.7,82.9,26.0
2019-02-14,50.6,28.2,70.3,20.0,4.9,84.5,25.0
2019-02-15,52.2,21.4,73.0,22.4,7.3,83.4,26.0
2019-02-16,7.8,12.7,16.9,36.0,9.2,73.8,23.0
2019-02-17,17.3,16.2,33.4,26.5,8.9,81.1,23.0
2019-02-18,106.0,35.5,141.5,30.1,8.5,83.2,23.0
2019-02-19,36.9,32.6,68.5,17.9,5.2,74.1,24.0
2019-02-20,105.6,28.4,134.0,23.1,6.2,82.8,23.0
2019-02-21,16.7,10.0,25.7,19.2,7.4,83.6,24.0
2019-02-22,17.5,18.6,36.1,19.6,7.1,89.4,22.0
2019-02-23,17.7,23.4,39.6,20.4,7.9,90.1,21.0
2019-02-24,22.7,28.1,50.8,20.0,6.5,80.4,22.0
2019-02-25,27.4,26.7,54.1,21.7,5.2,63.4,22.0
2019-02-26,58.1,38.2,96.3,13.0,3.8,62.9,22.0
2019-02-27,135.1,38.5,173.6,17.1,5.4,78.2,23.0
2019-02-28,13.2,22.6,29.3,22.5,8.5,76.7,21.0
2019-03-01,15.3,31.6,38.4,52.2,7.4,69.1,21.0
2019-03-02,43.7,42.3,85.9,19.8,7.1,73.6,21.0
2019-03-03,51.8,30.1,74.8,23.2,5.7,78.1,25.0
2019-03-04,3.0,6.5,9.6,19.3,7.0,85.7,24.0
2019-03-05,13.5,14.8,24.8,14.8,4.5,76.6,22.0
2019-03-06,135.4,36.1,171.5,21.5,6.9,83.7,23.0
2019-03-07,146.4,43.4,188.4,19.8,6.8,82.5,23.0
2019-03-08,38.7,41.3,80.0,17.3,7.6,86.8,23.0
2019-03-09,30.0,26.1,50.0,19.4,7.9,87.6,19.0
2019-03-10,13.6,20.5,29.6,16.2,6.5,83.4,23.0
2019-03-11,175.6,40.7,216.4,37.2,10.1,86.5,23.0
2019-03-12,123.3,34.4,152.7,45.3,6.9,83.7,22.0
2019-03-13,92.0,33.2,119.8,24.8,4.8,83.1,25.0
2019-03-14,87.9,31.9,119.2,20.7,5.0,89.0,25.0
2019-03-15,29.4,28.9,58.4,21.6,4.6,84.1,23.0
2019-03-16,47.0,23.7,65.5,15.5,6.5,84.9,24.0
2019-03-17,31.8,18.7,45.0,18.7,8.5,85.9,24.0
2019-03-18,19.0,21.4,40.4,21.8,7.3,82.2,22.0
2019-03-19,22.0,28.9,49.7,16.7,6.9,87.0,20.0
2019-03-20,69.7,37.4,101.3,21.9,8.5,77.5,22.0
2019-03-21,202.1,38.3,240.4,26.9,10.6,85.8,23.0
2019-03-22,80.8,25.3,106.1,13.2,5.9,86.6,23.0
2019-03-23,69.1,33.1,90.5,18.3,9.2,88.7,24.0
2019-03-24,5.8,19.7,23.9,13.6,6.8,88.8,22.0
2019-03-25,23.6,22.3,44.2,13.6,4.5,72.8,22.0
2019-03-26,166.9,47.5,201.2,25.1,7.0,82.0,23.0
2019-03-27,57.2,39.6,94.2,20.7,7.0,75.3,23.0
2019-03-28,53.4,35.0,88.5,14.2,5.3,88.3,22.0
2019-03-29,9.4,9.7,18.8,42.9,5.9,80.1,23.0
2019-03-30,7.8,11.7,19.5,19.6,7.1,77.3,22.0
2019-03-31,5.2,3.6,8.4,27.7,9.7,82.6,23.0
2019-04-01,21.5,25.3,46.7,25.2,11.0,88.3,22.0
2019-04-02,40.5,40.7,81.2,21.1,9.4,86.6,20.0
2019-04-03,47.2,37.1,82.2,14.9,6.1,79.2,18.0
2019-04-04,62.3,36.3,98.6,20.0,6.2,78.7,20.0
2019-04-05,136.8,47.3,182.9,76.3,12.2,80.9,21.0
2019-04-06,65.1,35.5,100.5,15.4,8.1,87.5,17.0
2019-04-07,11.7,14.5,24.0,18.2,6.6,87.8,13.0
2019-04-08,9.4,18.7,28.1,14.7,6.7,78.0,16.0
2019-04-09,128.9,48.7,177.6,16.8,6.5,77.0,21.0
2019-04-10,212.8,43.1,255.9,17.4,5.4,83.0,21.0
2019-04-11,39.8,34.6,74.4,22.0,7.0,81.3,21.0
2019-04-12,30.0,33.2,63.2,24.5,8.1,77.6,19.0
2019-04-13,26.3,34.7,61.0,17.8,8.9,79.0,17.0
2019-04-14,61.5,37.7,92.9,19.9,8.8,80.8,19.0
2019-04-15,281.5,47.4,328.9,27.5,8.8,86.2,19.0
2019-04-16,123.2,53.8,160.1,24.7,9.6,84.1,19.0
2019-04-17,129.3,47.2,176.5,18.4,10.2,84.5,18.0
2019-04-18,96.0,55.7,139.8,19.7,11.1,81.5,19.0
2019-04-19,92.0,49.3,127.6,21.0,14.2,84.9,19.0
2019-04-20,91.9,48.5,116.6,25.0,18.5,84.2,19.0
2019-04-21,76.1,34.0,110.1,33.8,17.9,86.2,20.0
2019-04-22,35.5,41.5,77.0,7.9,6.7,88.3,18.0
2019-04-23,124.4,45.9,165.4,16.2,6.4,89.5,18.0
2019-04-24,91.9,35.9,127.9,16.5,6.6,86.9,19.0
2019-04-25,28.5,25.4,53.2,12.2,5.8,86.0,20.0
2019-04-26,33.8,35.0,63.0,14.9,6.2,86.4,21.0
2019-04-27,38.8,32.8,60.5,16.9,7.1,89.5,22.0
2019-04-28,65.1,40.3,100.0,14.5,8.7,88.2,19.0
2019-04-29,34.4,36.8,69.6,30.5,11.6,88.9,18.0
2019-04-30,28.7,43.9,72.6,23.7,11.9,78.8,18.0
2019-05-01,70.7,47.6,115.9,17.8,10.4,77.7,16.0
2019-05-02,168.3,47.8,216.1,25.6,10.9,83.4,18.0
2019-05-03,250.9,54.2,305.1,29.6,13.8,85.3,20.0
2019-05-04,112.5,35.7,142.3,20.8,13.6,88.6,18.0
2019-05-05,105.6,41.0,139.5,19.5,13.5,87.0,19.0
2019-05-06,307.5,47.1,354.6,28.7,10.8,87.8,18.0
2019-05-07,66.7,33.2,100.0,21.4,10.8,85.5,19.0
2019-05-08,138.9,57.0,195.9,23.9,10.1,78.6,19.0
2019-05-09,230.8,44.6,274.1,22.1,8.9,85.0,20.0
2019-05-10,76.0,49.1,117.7,21.4,10.5,87.6,21.0
2019-05-11,77.6,28.4,98.9,19.0,8.6,89.7,18.0
2019-05-12,6.5,21.0,27.5,28.2,13.6,87.6,20.0
2019-05-13,11.3,30.2,39.5,40.0,16.7,79.9,18.0
2019-05-14,153.0,62.9,215.9,40.6,14.0,85.3,17.0
2019-05-15,54.1,54.8,109.0,26.1,10.1,83.2,19.0
2019-05-16,17.3,28.0,45.3,20.9,10.3,79.9,18.0
2019-05-17,28.0,45.0,73.0,24.0,12.8,75.6,16.0
2019-05-18,47.0,41.2,80.5,23.8,11.1,85.8,18.0
2019-05-19,12.1,32.2,44.3,25.2,9.8,84.3,18.0
2019-05-20,24.2,39.1,59.3,22.9,9.5,83.4,17.0
2019-05-21,37.2,50.6,87.8,14.6,5.8,85.4,17.0
2019-05-22,47.9,55.5,103.4,13.9,5.7,84.6,17.0
2019-05-23,121.8,51.2,169.9,13.7,7.5,88.5,17.0
2019-05-24,266.9,54.3,316.6,29.8,17.2,87.2,17.0
2019-05-25,208.8,53.7,248.2,36.8,31.9,88.6,17.0
2019-05-26,80.6,48.5,104.7,33.0,27.3,87.3,18.0
2019-05-27,65.9,41.3,94.4,18.7,12.0,86.9,19.0
2019-05-28,18.6,30.5,49.1,22.3,11.6,88.3,19.0
2019-05-29,129.4,62.9,191.1,38.4,19.8,81.7,19.0
2019-05-30,225.4,57.3,282.6,21.8,8.2,82.4,20.0
2019-05-31,40.7,53.5,94.2,16.8,10.1,86.0,17.0
2019-06-01,21.7,39.5,61.2,19.4,8.2,75.6,14.0
2019-06-02,29.8,43.6,73.4,25.1,21.3,87.3,14.0
2019-06-03,89.1,50.6,137.6,33.0,37.7,87.1,14.0
2019-06-04,124.6,58.3,182.9,22.7,24.0,81.2,16.0
2019-06-05,22.5,49.3,71.8,26.9,13.2,88.0,16.0
2019-06-06,23.4,40.9,61.9,21.6,7.7,88.2,14.0
2019-06-07,43.3,49.5,92.8,19.7,9.5,88.1,13.0
2019-06-08,6.0,7.8,13.3,41.5,19.7,70.2,16.0
2019-06-09,83.7,58.0,138.9,40.0,29.3,74.4,16.0
2019-06-10,81.6,62.7,144.3,29.3,15.6,84.7,16.0
2019-06-11,117.6,56.1,165.6,25.4,22.6,88.5,16.0
2019-06-12,302.2,62.1,364.2,34.3,28.8,87.8,16.0
2019-06-13,286.9,66.9,351.4,35.0,30.7,89.2,16.0
2019-06-14,181.6,54.2,229.7,25.5,21.1,89.4,17.0
2019-06-15,18.3,30.1,48.3,13.3,8.0,86.1,17.0
2019-06-16,14.0,29.8,43.8,20.8,9.3,81.4,16.0
2019-06-17,112.2,71.6,183.8,24.7,11.9,82.1,15.0
2019-06-18,156.3,69.6,225.9,48.4,45.8,82.8,14.0
2019-06-19,381.6,66.5,448.2,43.7,36.3,87.1,14.0
2019-06-20,10.0,13.3,22.2,16.7,7.2,88.5,15.0
2019-06-21,63.8,58.8,122.6,28.5,23.3,89.3,16.0
2019-06-22,140.0,55.8,184.4,44.0,42.2,87.4,14.0
2019-06-23,69.0,47.9,93.0,43.0,38.1,87.4,15.0
2019-06-24,223.3,63.1,286.4,15.9,9.3,88.1,15.0
2019-06-25,143.8,53.5,180.6,35.1,35.3,84.5,15.0
2019-06-26,306.1,57.6,349.9,42.9,44.5,87.7,14.0
2019-06-27,382.4,65.7,448.1,42.8,40.3,87.4,14.0
2019-06-28,382.6,70.6,453.2,43.6,39.0,86.9,15.0
2019-06-29,118.8,48.8,161.5,32.3,28.7,83.9,15.0
2019-06-30,62.9,34.5,94.3,30.4,23.8,86.3,14.0
2019-07-01,85.4,60.8,146.3,20.8,9.9,89.1,16.0
2019-07-02,18.3,35.2,53.5,23.3,9.0,86.1,16.0
2019-07-03,10.7,16.1,26.4,36.4,15.1,88.7,17.0
2019-07-04,12.9,25.8,35.3,23.4,11.3,90.5,17.0
2019-07-05,113.0,54.6,164.0,22.6,19.2,88.6,12.0
2019-07-06,91.3,45.0,127.1,35.6,32.3,87.3,14.0
2019-07-07,138.0,45.1,172.3,32.0,30.4,87.6,13.0
2019-07-08,26.0,41.7,67.7,28.3,15.1,86.9,15.0
2019-07-09,148.3,68.3,216.6,30.9,33.2,88.8,14.0
2019-07-10,93.0,61.9,135.2,22.5,17.3,89.8,15.0
2019-07-11,97.9,59.1,144.6,28.0,22.7,90.2,17.0
2019-07-12,289.5,51.5,332.7,27.6,12.3,89.4,15.0
2019-07-13,117.8,52.2,170.1,25.8,12.0,89.3,17.0
2019-07-14,12.4,28.2,40.7,21.1,9.6,85.7,17.0
2019-07-15,98.5,69.6,168.2,21.1,8.3,84.2,16.0
2019-07-16,53.1,54.3,107.4,22.8,16.3,85.8,15.0
2019-07-17,23.3,45.5,68.3,79.0,12.4,85.4,15.0
2019-07-18,234.8,70.7,305.5,30.4,29.3,86.4,16.0
2019-07-19,34.7,59.3,93.9,23.1,11.1,87.3,15.0
2019-07-20,50.0,52.5,102.5,18.9,12.3,88.0,15.0
2019-07-21,75.4,55.7,127.5,36.9,31.2,89.6,15.0
2019-07-22,298.0,54.6,345.1,33.8,27.2,88.5,16.0
2019-07-23,306.0,63.0,369.0,31.3,34.1,89.5,15.0
2019-07-24,256.3,54.7,310.3,42.8,44.2,88.4,15.0
2019-07-25,245.2,46.7,291.9,30.6,39.3,88.6,14.0
2019-07-26,13.0,31.3,44.3,14.9,5.1,86.3,15.0
2019-07-27,33.9,44.9,73.6,17.2,8.5,86.7,16.0
2019-07-28,45.5,39.9,82.4,15.8,9.0,85.2,15.0
2019-07-29,23.3,39.5,62.9,17.3,7.5,86.4,16.0
2019-07-30,86.6,59.8,146.4,53.2,14.9,89.6,16.0
2019-07-31,74.7,68.7,139.1,18.6,10.0,84.9,13.0
2019-08-01,137.8,57.6,195.4,27.8,11.8,87.6,12.0
2019-08-02,15.5,30.5,46.0,36.1,14.8,78.2,15.0
2019-08-03,8.0,14.1,20.7,30.3,9.9,77.7,13.0
2019-08-04,7.2,12.0,18.7,19.0,10.6,82.2,14.0
2019-08-05,16.3,28.3,44.6,26.6,10.5,73.5,12.0
2019-08-06,120.8,69.5,190.2,18.6,12.3,82.7,14.0
2019-08-07,219.6,73.3,289.1,18.9,9.1,85.5,15.0
2019-08-08,55.3,68.5,118.5,20.2,13.3,88.1,16.0
2019-08-09,36.0,53.0,88.5,10.8,7.4,89.2,14.0
2019-08-10,20.7,47.4,68.1,36.4,17.7,85.3,18.0
2019-08-11,8.8,20.4,28.5,35.9,15.1,82.3,19.0
2019-08-12,33.1,57.9,91.0,30.3,11.4,86.7,16.0
2019-08-13,14.8,22.8,37.7,19.5,8.3,87.2,15.0
2019-08-14,16.9,38.8,55.2,19.7,13.4,79.8,15.0
2019-08-15,135.4,55.6,187.6,25.4,22.2,86.9,14.0
2019-08-16,35.5,57.2,92.7,14.8,7.0,86.6,15.0
2019-08-17,26.2,41.5,65.2,21.3,7.4,88.4,16.0
2019-08-18,7.7,31.6,38.0,14.2,7.3,88.3,11.0
2019-08-19,56.7,51.2,107.9,14.9,5.6,74.6,12.0
2019-08-20,12.5,13.0,25.5,20.4,10.6,88.6,14.0
2019-08-21,24.5,45.2,68.2,21.2,9.2,86.5,15.0
2019-08-22,29.4,50.5,74.8,29.2,19.9,86.5,15.0
2019-08-23,63.5,60.7,124.3,17.0,12.7,87.1,13.0
2019-08-24,8.5,22.1,30.7,21.4,10.5,81.9,15.0
2019-08-25,6.9,15.4,21.0,20.6,9.5,83.1,16.0
2019-08-26,13.9,22.4,36.3,26.2,14.8,80.9,16.0
2019-08-27,31.4,46.2,77.6,24.3,16.9,77.8,15.0
2019-08-28,54.1,59.9,113.6,25.1,15.8,83.0,15.0
2019-08-29,130.2,50.2,173.8,18.1,12.4,87.8,15.0
2019-08-30,284.4,69.0,353.4,27.7,9.8,85.6,16.0
2019-08-31,13.6,39.7,52.0,20.2,14.6,86.4,14.0
2019-09-01,61.1,50.9,98.3,31.1,28.2,86.9,14.0
2019-09-02,139.4,41.2,178.2,64.7,22.1,85.7,15.0
2019-09-03,9.1,14.0,23.2,17.0,7.0,90.1,15.0
2019-09-04,16.2,23.0,39.2,29.1,10.8,89.9,16.0
2019-09-05,12.1,41.2,52.7,22.4,9.3,87.3,16.0
2019-09-06,19.1,47.7,66.8,25.3,11.8,82.2,14.0
2019-09-07,10.9,36.9,46.4,26.3,12.8,81.3,16.0
2019-09-08,10.8,42.1,52.9,32.5,15.7,87.6,17.0
2019-09-09,69.2,40.7,109.8,25.3,17.6,89.4,15.0
2019-09-10,12.9,24.4,32.4,11.0,5.9,85.7,14.0
2019-09-11,46.1,43.8,83.2,17.5,7.7,81.4,15.0
2019-09-12,25.6,39.9,65.5,22.3,9.5,79.7,16.0
2019-09-13,79.6,54.6,134.2,19.9,8.9,82.6,16.0
2019-09-14,9.2,34.2,43.4,38.2,9.7,86.7,16.0
2019-09-15,61.2,49.8,103.2,26.2,18.3,86.1,17.0
2019-09-16,49.2,42.0,90.5,25.4,13.4,87.7,16.0
2019-09-17,18.7,28.2,46.7,25.5,10.7,84.4,18.0
2019-09-18,15.9,39.6,55.5,24.3,11.7,71.4,16.0
2019-09-19,29.8,52.1,81.9,19.8,9.1,88.4,15.0
2019-09-20,183.4,47.9,230.1,26.9,13.3,84.2,16.0
2019-09-21,133.2,46.3,179.5,40.5,16.0,85.9,17.0
2019-09-22,23.0,29.2,52.2,14.6,8.8,84.2,15.0
2019-09-23,61.2,65.9,127.1,18.1,7.7,72.1,17.0
2019-09-24,18.8,27.8,46.6,36.9,11.0,85.4,16.0
2019-09-25,18.0,26.7,42.9,35.0,10.1,74.6,15.0
2019-09-26,11.6,16.9,26.8,26.8,9.7,69.9,14.0
2019-09-27,18.6,27.8,46.4,22.2,10.2,77.6,16.0
2019-09-28,30.7,43.3,74.0,18.8,7.5,83.7,16.0
2019-09-29,26.8,31.3,58.0,16.3,6.9,87.5,19.0
2019-09-30,14.3,18.8,32.8,22.1,9.9,84.3,18.0
2019-10-01,31.4,47.9,79.3,29.2,8.3,84.2,15.0
2019-10-02,17.1,25.9,43.0,29.7,14.8,78.7,14.0
2019-10-03,60.0,51.8,111.8,30.1,11.4,81.7,14.0
2019-10-04,42.9,48.1,87.7,17.2,7.8,84.1,16.0
2019-10-05,24.8,43.6,68.4,17.2,6.7,81.9,17.0
2019-10-06,7.8,16.6,23.1,17.8,7.4,84.4,17.0
2019-10-07,8.5,9.8,16.2,19.5,8.3,88.5,15.0
2019-10-08,58.0,43.5,101.5,16.2,7.6,89.3,19.0
2019-10-09,202.1,37.5,238.0,21.6,9.2,87.5,18.0
2019-10-10,4.6,6.9,11.2,25.8,10.0,87.4,18.0
2019-10-11,24.1,42.8,66.8,29.0,7.5,87.9,18.0
2019-10-12,14.5,28.2,40.0,25.7,9.5,83.9,18.0
2019-10-13,29.1,44.3,59.6,13.3,6.1,84.6,19.0
2019-10-14,13.9,28.5,42.5,21.9,9.5,83.7,15.0
2019-10-15,9.7,29.5,33.6,23.3,10.8,89.0,17.0
2019-10-16,21.0,23.0,44.1,24.1,9.5,81.1,17.0
2019-10-17,17.1,28.1,45.1,21.6,7.9,84.0,17.0
2019-10-18,65.3,38.2,103.4,15.6,6.3,85.7,20.0
2019-10-19,9.0,25.7,33.9,26.5,12.8,84.3,18.0
2019-10-20,11.3,37.5,48.8,23.4,11.4,75.4,18.0
2019-10-21,91.2,54.3,145.5,21.2,8.0,82.5,18.0
2019-10-22,15.0,13.9,28.5,27.2,8.6,78.0,17.0
2019-10-23,12.2,12.8,25.0,32.0,14.9,76.5,15.0
2019-10-24,19.4,26.2,45.6,28.4,11.1,79.8,16.0
2019-10-25,15.0,21.8,36.8,29.9,12.2,67.6,15.0
2019-10-26,8.0,15.0,23.0,26.5,10.5,79.8,17.0
2019-10-27,15.9,25.3,41.2,17.3,7.8,84.5,21.0
2019-10-28,8.5,13.5,18.7,15.5,6.3,84.8,20.0
2019-10-29,32.8,41.8,74.7,14.4,6.9,85.5,17.0
2019-10-30,20.7,29.0,49.7,18.7,9.1,71.6,17.0
2019-10-31,19.4,32.3,51.7,30.1,13.5,81.5,18.0
2019-11-01,14.3,19.3,31.9,20.9,10.0,63.6,16.0
2019-11-02,12.4,22.0,34.4,19.9,9.5,77.8,18.0
2019-11-03,12.7,24.2,36.9,48.6,8.2,83.8,22.0
2019-11-04,40.1,31.8,71.8,17.5,9.1,84.2,24.0
2019-11-05,45.6,36.9,82.5,71.3,32.1,85.9,27.0
2019-11-06,87.9,42.2,127.7,34.8,26.8,79.5,23.0
2019-11-07,9.9,20.6,29.0,16.8,8.5,87.3,20.0
2019-11-08,93.0,35.4,128.4,21.9,10.6,86.8,21.0
2019-11-09,5.1,4.8,9.8,21.9,10.1,84.7,20.0
2019-11-10,4.3,5.9,9.8,24.2,10.2,89.3,20.0
2019-11-11,40.2,44.8,85.0,22.7,16.1,81.0,18.0
2019-11-12,53.8,46.7,100.5,22.7,7.2,83.6,16.0
2019-11-13,122.9,43.2,166.1,24.8,7.5,81.5,19.0
2019-11-14,18.8,29.3,48.0,27.8,10.6,84.5,20.0
2019-11-15,18.8,27.5,40.4,29.1,11.7,73.3,18.0
2019-11-16,17.8,27.9,42.7,31.1,11.9,81.5,21.0
2019-11-17,5.2,9.3,13.7,44.6,14.0,84.3,21.0
2019-11-18,25.8,44.3,60.2,36.4,17.8,88.1,21.0
2019-11-19,126.1,47.1,173.2,23.6,8.3,85.8,18.0
2019-11-20,47.0,41.1,88.1,23.3,8.0,79.7,21.0
2019-11-21,11.9,19.5,31.5,25.7,9.2,74.4,17.0
2019-11-22,47.2,34.2,81.4,24.9,9.1,80.4,19.0
2019-11-23,8.4,7.9,15.3,21.8,13.8,80.0,20.0
2019-11-24,5.5,8.0,12.6,28.4,17.4,79.6,20.0
2019-11-25,12.5,19.4,30.2,25.7,11.0,82.9,22.0
2019-11-26,27.0,37.6,64.6,28.6,12.0,80.9,21.0
2019-11-27,98.5,30.4,124.8,28.2,16.3,84.4,22.0
2019-11-28,92.3,38.9,131.1,30.8,16.6,80.1,21.0
2019-11-29,30.1,28.6,58.7,20.3,11.1,80.9,21.0
2019-11-30,30.6,25.4,54.7,20.4,7.6,84.9,21.0
2019-12-01,9.1,13.6,22.7,15.5,6.4,85.4,22.0
2019-12-02,30.0,15.5,45.5,18.6,9.1,84.4,22.0
2019-12-03,15.9,24.0,39.9,30.2,15.5,83.0,22.0
2019-12-04,43.5,48.8,91.1,34.5,15.8,87.0,24.0
2019-12-05,90.6,39.8,130.4,46.2,16.1,82.8,24.0
2019-12-06,43.7,49.7,89.3,55.9,22.3,87.4,22.0
2019-12-07,11.3,16.5,24.6,41.1,14.7,86.7,26.0
2019-12-08,8.9,8.6,17.5,32.6,17.9,84.4,24.0
2019-12-09,25.5,29.0,54.1,25.1,14.7,84.7,20.0
2019-12-10,21.3,25.6,46.8,21.0,6.5,69.4,22.0
2019-12-11,41.4,32.0,73.4,34.5,36.9,80.6,23.0
2019-12-12,38.1,27.5,65.6,24.7,8.9,81.4,24.0
2019-12-13,31.8,40.7,72.6,19.9,7.8,79.7,22.0
2019-12-14,17.4,22.4,38.6,20.9,8.7,86.4,22.0
2019-12-15,20.6,22.3,39.5,18.7,5.8,79.8,21.0
2019-12-16,12.9,12.5,25.4,24.0,7.1,83.8,22.0
2019-12-17,12.8,33.3,46.1,23.6,10.1,87.8,21.0
2019-12-18,13.5,14.7,28.2,77.1,14.8,86.6,19.0
2019-12-19,42.3,40.0,82.2,26.9,10.8,68.4,20.0
2019-12-20,41.4,35.7,77.1,32.3,11.0,84.2,21.0
2019-12-21,21.6,24.0,45.1,19.3,6.8,81.5,20.0
2019-12-22,6.2,12.9,16.0,27.7,7.6,73.2,20.0
2019-12-23,10.7,13.4,21.5,24.9,11.9,79.0,21.0
2019-12-24,18.5,17.4,35.7,33.3,14.3,81.3,22.0
2019-12-25,6.5,13.4,19.9,27.0,11.9,80.1,22.0
2019-12-26,12.4,19.2,31.5,30.7,9.3,81.3,22.0
2019-12-27,20.7,19.2,39.9,33.6,8.1,84.1,21.0
2019-12-28,8.2,13.3,18.5,23.7,9.1,80.1,20.0
2019-12-29,7.2,11.1,18.3,24.4,8.5,66.6,20.0
2019-12-30,15.1,22.7,37.4,38.8,13.5,77.6,21.0
2019-12-31,7.0,16.3,20.6,24.3,14.1,76.9,23.0
2020-01-01,7.3,20.3,25.9,22.0,14.5,83.3,22.0
2020-01-02,4.5,7.7,10.9,13.9,6.2,74.1,22.0
2020-01-03,8.8,8.7,16.9,22.5,19.8,82.1,22.0
2020-01-04,5.3,4.0,9.1,27.2,11.6,66.4,20.0
2020-01-05,6.3,7.9,14.2,23.7,12.4,75.6,19.0
2020-01-06,10.4,15.0,25.4,33.4,16.5,86.6,20.0
2020-01-07,10.8,9.7,19.9,39.2,10.7,68.2,19.0
2020-01-08,34.7,31.6,66.3,21.3,7.0,81.6,19.0
2020-01-09,35.5,26.8,60.9,20.2,7.2,73.1,21.0
2020-01-10,35.6,28.4,63.9,20.8,9.2,75.7,21.0
2020-01-11,16.5,18.1,34.6,18.2,7.0,79.7,24.0
2020-01-12,15.3,29.3,34.8,19.9,10.5,82.5,24.0
2020-01-13,94.8,35.1,129.9,18.9,11.1,81.9,25.0
2020-01-14,24.3,21.7,46.0,27.1,9.3,84.5,19.0
2020-01-15,31.4,24.1,54.1,16.0,7.4,80.2,20.0
2020-01-16,18.3,19.0,37.2,15.0,6.3,72.7,21.0
2020-01-17,26.8,25.8,48.9,11.9,3.3,67.2,22.0
2020-01-18,52.9,24.9,77.8,24.1,5.6,80.3,24.0
2020-01-19,16.7,17.3,34.0,19.3,6.2,81.3,25.0
2020-01-20,42.8,26.5,66.8,21.0,7.5,81.5,27.0
2020-01-21,20.3,31.5,51.8,15.8,8.0,81.1,25.0
2020-01-22,33.4,32.9,66.3,14.6,4.1,78.9,23.0
2020-01-23,38.4,21.6,60.0,27.7,4.4,82.7,24.0
2020-01-24,22.0,18.7,40.7,14.9,5.5,86.8,27.0
2020-01-25,14.3,20.2,34.6,13.4,7.5,83.0,24.0
2020-01-26,5.1,6.2,10.3,16.5,5.6,78.7,25.0
2020-01-27,5.8,9.5,15.2,12.4,6.9,77.2,26.0
2020-01-28,60.8,24.3,85.1,20.0,6.1,84.6,24.0
2020-01-29,28.7,15.6,44.3,17.9,6.4,85.1,26.0
2020-01-30,34.9,26.1,61.0,17.9,6.8,85.0,26.0
2020-01-31,30.6,42.6,71.1,16.1,8.1,77.9,26.0
2020-02-01,10.3,10.8,21.1,28.3,20.4,81.7,26.0
2020-02-02,6.4,7.9,12.7,47.2,6.2,80.6,26.0
2020-02-03,35.7,17.6,53.3,35.7,4.9,82.8,27.0
2020-02-04,58.6,18.2,76.8,23.7,9.2,86.3,28.0
2020-02-05,11.9,15.6,27.0,26.6,11.8,69.2,22.0
2020-02-06,9.7,32.8,42.5,19.6,6.6,66.4,21.0
2020-02-07,11.6,14.6,26.2,25.8,9.1,70.5,24.0
2020-02-08,54.6,28.5,83.0,29.2,8.9,79.0,24.0
2020-02-09,6.4,13.8,19.8,20.3,7.4,65.4,21.0
2020-02-10,32.8,31.7,64.5,24.8,7.8,71.1,23.0
2020-02-11,61.4,29.8,91.2,14.9,6.5,78.9,24.0
2020-02-12,100.9,36.2,137.1,22.2,6.3,76.8,24.0
2020-02-13,105.8,29.0,132.1,95.7,7.4,82.8,25.0
2020-02-14,62.2,30.0,92.3,21.6,9.4,82.2,24.0
2020-02-15,5.1,5.0,9.6,21.9,8.0,70.7,23.0
2020-02-16,3.6,3.6,6.7,26.1,7.5,76.1,23.0
2020-02-17,17.2,14.6,31.8,33.1,8.0,81.7,23.0
2020-02-18,70.1,33.9,104.1,20.3,6.1,82.3,24.0
2020-02-19,35.5,27.2,62.7,26.6,8.8,82.1,26.0
2020-02-20,39.6,28.9,67.1,9.9,4.5,83.8,27.0
2020-02-21,53.2,31.8,78.9,18.7,5.7,77.0,25.0
2020-02-22,16.0,13.8,29.5,21.8,4.5,86.0,24.0
2020-02-23,11.3,20.6,32.0,15.5,6.5,77.3,22.0
2020-02-24,18.4,21.6,34.3,13.5,4.2,64.4,24.0
2020-02-25,72.0,38.7,110.7,19.5,4.8,78.7,24.0
2020-02-26,71.1,33.3,104.4,15.5,5.7,83.4,25.0
2020-02-27,25.7,30.8,56.5,67.1,6.6,84.6,25.0
2020-02-28,42.1,33.0,75.1,23.8,6.7,82.6,25.0
2020-02-29,28.5,23.0,51.5,15.6,6.8,84.5,26.0
2020-03-01,7.6,19.0,26.7,30.6,13.9,77.9,23.0
2020-03-02,8.6,10.0,18.1,18.6,9.5,71.6,22.0
2020-03-03,12.9,16.1,29.0,17.0,6.2,83.9,23.0
2020-03-04,75.5,20.9,96.4,26.7,11.6,88.9,24.0
2020-03-05,11.6,14.7,26.3,26.4,9.0,77.0,21.0
2020-03-06,7.5,14.5,19.4,11.9,5.0,65.8,21.0
2020-03-07,4.3,13.4,17.3,11.9,5.2,67.2,22.0
2020-03-08,18.3,28.9,47.1,15.2,4.6,78.1,22.0
2020-03-09,16.4,23.4,38.8,26.5,6.3,86.5,23.0
2020-03-10,34.3,34.7,68.7,18.5,4.7,84.8,22.0
2020-03-11,33.8,33.2,67.0,31.2,4.7,84.2,22.0
2020-03-12,85.2,27.7,110.1,13.5,5.7,85.7,21.0
2020-03-13,99.7,43.0,142.7,17.9,4.2,72.1,21.0
2020-03-14,37.3,35.3,72.6,10.9,4.1,76.0,22.0
2020-03-15,27.2,26.0,53.1,15.6,5.0,82.9,24.0
2020-03-16,70.1,28.4,97.5,18.0,5.1,82.7,20.0
2020-03-17,13.2,30.6,43.3,21.2,6.2,70.8,22.0
2020-03-18,33.0,45.4,78.4,14.5,5.4,68.7,20.0
2020-03-19,89.3,46.8,136.1,28.1,8.7,80.3,21.0
2020-03-20,48.7,42.9,90.2,18.1,5.6,85.8,22.0
2020-03-21,107.4,29.0,136.5,22.7,6.8,87.7,21.0
2020-03-22,9.8,19.3,26.1,16.6,5.8,85.1,24.0
2020-03-23,25.5,28.3,53.8,18.4,7.2,83.5,22.0
2020-03-24,11.9,15.4,26.6,20.7,9.9,78.9,18.0
2020-03-25,35.5,33.3,68.7,15.0,5.5,80.5,19.0
2020-03-26,46.7,22.6,64.8,20.8,6.0,86.1,21.0
2020-03-27,22.0,27.4,49.3,17.4,6.4,83.4,19.0
2020-03-28,8.7,18.8,27.5,14.5,5.5,75.7,18.0
2020-03-29,3.5,21.1,23.7,22.9,6.8,74.6,20.0
2020-03-30,9.3,23.3,28.5,13.6,5.5,80.5,21.0
2020-03-31,49.8,19.8,67.1,16.5,5.3,85.8,23.0
2020-04-01,21.1,18.9,37.8,9.6,5.7,86.7,22.0
2020-04-02,34.5,25.2,59.7,12.0,5.1,82.9,22.0
2020-04-03,40.6,21.9,62.5,11.1,5.1,84.8,20.0
2020-04-04,48.0,18.1,64.5,9.7,4.7,82.6,20.0
2020-04-05,4.0,21.2,23.9,9.8,4.9,70.7,20.0
2020-04-06,6.3,23.7,28.2,13.7,7.3,67.5,19.0
2020-04-07,39.4,27.1,66.6,17.8,8.2,77.5,20.0
2020-04-08,11.6,22.5,31.3,18.9,5.9,76.3,21.0
2020-04-09,2.9,4.6,7.5,18.9,6.5,71.9,18.0
2020-04-10,7.1,15.7,22.8,14.3,6.7,78.8,19.0
2020-04-11,37.5,19.2,56.6,19.5,5.8,85.2,19.0
2020-04-12,21.6,18.0,38.6,15.8,6.9,83.3,21.0
2020-04-13,2.6,17.5,20.1,301.1,12.1,86.8,20.0
2020-04-14,2.9,3.2,6.1,22.4,9.6,74.0,17.0
2020-04-15,4.4,20.7,25.1,17.9,9.2,84.0,17.0
2020-04-16,3.9,7.2,10.5,14.3,6.8,83.7,19.0
2020-04-17,3.8,4.8,8.2,147.3,9.4,82.2,21.0
2020-04-18,10.5,24.1,34.6,29.5,11.0,86.5,21.0
2020-04-19,4.5,18.7,23.2,20.9,10.2,88.9,20.0
2020-04-20,41.6,30.9,62.9,40.9,11.3,89.6,19.0
2020-04-21,72.8,26.5,90.2,19.7,8.7,89.8,18.0
2020-04-22,68.5,28.2,90.0,15.3,7.1,88.0,20.0
2020-04-23,58.7,28.2,79.8,19.8,7.3,83.7,20.0
2020-04-24,7.2,16.3,23.3,12.7,6.3,81.8,20.0
2020-04-25,12.0,23.7,35.8,15.3,8.3,83.9,19.0
2020-04-26,18.8,25.8,37.2,19.1,10.0,86.3,20.0
2020-04-27,25.7,27.2,42.7,20.7,16.1,86.5,20.0
2020-04-28,14.4,29.9,44.3,25.2,9.3,87.4,18.0
2020-04-29,206.7,46.7,253.4,20.6,9.5,86.4,19.0
2020-04-30,180.2,45.6,225.7,17.6,9.0,85.5,18.0
2020-05-01,118.3,52.4,170.6,16.4,9.7,75.1,18.0
2020-05-02,2.3,6.6,8.5,19.2,8.1,83.7,19.0
2020-05-03,1.3,2.1,2.6,27.5,13.7,88.5,20.0
2020-05-04,22.2,25.1,46.7,22.3,10.4,88.1,20.0
2020-05-05,24.6,37.5,61.0,21.5,7.9,80.2,16.0
2020-05-06,29.5,31.7,59.1,21.4,7.9,80.0,15.0
2020-05-07,179.7,45.3,222.2,16.6,6.1,84.3,18.0
2020-05-08,76.0,53.2,129.2,23.4,15.8,81.5,19.0
2020-05-09,65.6,37.6,103.2,22.9,13.4,86.4,18.0
2020-05-10,49.2,21.8,67.9,18.6,14.1,85.8,19.0
2020-05-11,6.7,15.7,22.4,14.2,5.5,78.4,17.0
2020-05-12,12.9,19.8,32.7,14.2,7.6,76.3,17.0
2020-05-13,10.6,33.8,44.4,15.2,7.4,80.9,16.0
2020-05-14,72.9,49.5,114.9,20.6,11.1,85.0,17.0
2020-05-15,175.4,49.1,224.4,21.6,12.9,86.2,17.0
2020-05-16,88.9,48.0,123.4,27.7,22.2,83.1,19.0
2020-05-17,40.7,41.0,70.9,28.3,16.9,80.1,17.0
2020-05-18,115.7,49.9,165.6,18.3,12.5,83.6,17.0
2020-05-19,122.3,44.9,167.1,23.5,11.0,84.5,17.0
2020-05-20,113.5,58.1,171.6,34.2,27.4,79.2,15.0
2020-05-21,79.7,52.1,127.7,25.3,27.3,84.5,16.0
2020-05-22,81.8,53.9,130.7,25.2,15.1,79.8,17.0
2020-05-23,129.9,43.8,168.8,19.9,13.6,86.3,15.0
2020-05-24,4.0,4.8,8.6,18.2,9.0,88.6,17.0
2020-05-25,38.0,49.8,87.9,17.4,8.2,88.9,19.0
2020-05-26,46.4,52.7,95.8,13.8,5.6,89.9,17.0
2020-05-27,44.8,31.9,75.5,19.2,13.2,88.8,15.0
2020-05-28,143.3,40.9,184.2,19.7,8.7,84.5,16.0
2020-05-29,10.2,14.7,24.9,11.6,4.6,89.0,16.0
2020-05-30,49.0,34.2,83.1,10.8,5.4,88.7,17.0
2020-05-31,1.2,2.9,3.2,12.4,5.8,86.0,16.0
2020-06-01,5.9,14.4,16.9,10.8,6.3,85.1,17.0
2020-06-02,49.6,39.2,82.1,289.9,13.2,84.6,18.0
2020-06-03,423.8,60.6,484.4,32.8,12.7,87.9,17.0
2020-06-04,27.6,45.4,61.5,32.2,11.7,82.9,19.0
2020-06-05,18.3,35.7,52.5,14.9,7.5,86.9,16.0
2020-06-06,56.9,45.2,94.4,28.5,26.4,85.5,15.0
2020-06-07,8.2,22.7,28.9,18.6,11.1,88.3,14.0
2020-06-08,122.1,56.3,177.9,29.1,22.9,81.1,15.0
2020-06-09,207.9,63.0,270.9,17.9,15.1,86.1,15.0
2020-06-10,367.8,62.1,426.4,34.4,18.8,87.7,15.0
2020-06-11,150.6,53.6,197.4,21.3,16.1,86.9,16.0
2020-06-12,70.3,53.5,120.2,24.1,15.6,86.4,16.0
2020-06-13,81.2,32.2,113.4,16.7,14.5,88.7,15.0
2020-06-14,4.1,6.5,10.1,12.4,5.4,81.6,15.0
2020-06-15,33.0,31.1,64.1,12.1,5.8,71.8,16.0
2020-06-16,11.7,19.6,30.5,10.9,8.4,82.9,16.0
2020-06-17,324.2,56.1,380.3,32.0,16.0,84.1,17.0
2020-06-18,13.4,31.7,35.5,13.3,8.9,87.9,16.0
2020-06-19,244.6,72.3,316.8,27.7,24.8,79.6,15.0
2020-06-20,43.0,51.3,94.3,32.2,14.8,87.2,16.0
2020-06-21,10.1,26.4,34.5,7.9,6.3,87.4,16.0
2020-06-22,84.5,51.3,125.7,27.4,19.0,82.6,18.0
2020-06-23,59.8,40.9,89.2,22.5,14.6,84.6,17.0
2020-06-24,8.1,9.4,17.6,21.4,8.4,88.3,16.0
2020-06-25,38.1,53.9,91.9,22.3,9.9,88.2,16.0
2020-06-26,9.6,29.3,37.1,20.5,8.5,86.5,17.0
2020-06-27,5.0,26.4,30.3,22.4,10.1,87.2,17.0
2020-06-28,13.7,38.3,48.9,23.7,10.4,86.1,15.0
2020-06-29,21.6,36.0,57.8,18.9,16.2,86.2,15.0
2020-06-30,47.0,43.8,90.8,23.9,16.1,88.4,14.0
2020-07-01,51.2,49.9,101.1,36.6,33.1,78.7,12.0
2020-07-02,104.1,63.9,168.0,19.8,8.4,85.4,14.0
2020-07-03,350.4,65.1,415.6,33.1,31.2,80.4,14.0
2020-07-04,93.4,48.6,142.0,31.5,24.6,74.8,14.0
2020-07-05,5.6,19.2,24.7,37.4,14.9,85.6,16.0
2020-07-06,102.0,62.8,164.8,15.5,13.8,86.8,13.0
2020-07-07,18.9,41.4,57.8,25.7,11.1,85.7,15.0
2020-07-08,15.6,25.6,40.1,21.2,8.6,86.3,12.0
2020-07-09,137.2,57.6,182.2,41.0,42.0,82.3,13.0
2020-07-10,257.3,56.2,311.9,25.8,25.3,86.3,14.0
2020-07-11,79.9,48.8,113.2,29.9,19.7,87.0,14.0
2020-07-12,89.1,33.5,117.3,17.8,16.5,88.3,15.0
2020-07-13,117.8,58.4,176.1,20.7,15.6,88.5,17.0
2020-07-14,75.8,42.7,99.2,26.5,23.8,89.7,15.0
2020-07-15,42.1,31.8,59.8,16.9,20.0,90.0,14.0
2020-07-16,3.9,6.1,9.2,7.0,6.8,87.1,15.0
2020-07-17,60.6,54.0,114.6,10.9,5.1,88.2,16.0
2020-07-18,42.7,43.4,86.1,13.3,7.3,85.6,16.0
2020-07-19,9.6,39.6,49.2,20.6,6.2,85.7,16.0
2020-07-20,61.9,50.7,112.6,14.5,6.2,88.7,16.0
2020-07-21,48.1,52.6,92.0,25.0,13.7,89.3,15.0
2020-07-22,23.4,38.0,61.3,36.7,12.3,83.2,13.0
2020-07-23,12.4,20.5,31.7,25.1,10.2,80.9,16.0
2020-07-24,39.1,45.8,84.2,123.1,26.5,82.3,15.0
2020-07-25,85.2,44.2,129.5,26.8,19.3,83.4,14.0
2020-07-26,59.0,44.6,94.1,36.3,33.1,85.0,14.0
2020-07-27,273.4,53.1,326.5,32.9,26.2,85.7,15.0
2020-07-28,26.5,30.8,57.3,16.2,9.5,81.7,15.0
2020-07-29,195.7,53.6,249.3,18.0,6.7,84.3,15.0
2020-07-30,12.3,22.2,34.1,13.4,5.0,74.9,15.0
2020-07-31,8.6,13.3,21.6,66.7,6.7,78.5,15.0
2020-08-01,4.1,5.8,9.5,18.8,9.4,79.7,14.0
2020-08-02,2.8,4.7,7.1,27.1,14.0,79.9,15.0
2020-08-03,45.2,38.8,75.3,21.8,11.4,84.9,15.0
2020-08-04,234.4,48.4,282.8,37.4,33.4,87.6,17.0
2020-08-05,279.5,43.4,322.9,33.1,26.9,88.0,15.0
2020-08-06,21.6,29.7,51.3,13.6,7.2,88.5,15.0
2020-08-07,48.2,59.1,107.2,23.5,10.2,87.9,17.0
2020-08-08,35.7,49.9,85.6,27.6,10.5,83.8,14.0
2020-08-09,40.1,28.9,68.7,18.9,11.1,86.6,15.0
2020-08-10,120.9,60.1,178.6,38.1,38.0,86.7,15.0
2020-08-11,50.5,52.0,80.9,24.4,30.5,88.2,16.0
2020-08-12,33.9,53.6,84.2,20.4,10.8,87.8,18.0
2020-08-13,228.3,48.3,276.6,21.6,10.1,80.3,15.0
2020-08-14,107.2,58.8,166.0,14.0,9.4,83.6,13.0
2020-08-15,112.2,36.2,147.2,23.0,26.9,80.4,14.0
2020-08-16,41.6,21.5,63.0,31.9,25.8,86.7,13.0
2020-08-17,38.4,49.2,87.6,12.2,6.0,80.3,14.0
2020-08-18,6.1,10.7,16.8,26.5,11.9,79.4,15.0
2020-08-19,12.2,22.8,34.0,31.9,15.9,89.0,15.0
2020-08-20,21.7,36.6,58.3,36.5,15.0,86.7,19.0
2020-08-21,23.2,43.0,66.2,28.0,10.5,81.7,17.0
2020-08-22,68.8,45.9,114.7,25.7,10.9,87.7,17.0
2020-08-23,7.2,18.2,25.0,20.7,9.3,88.8,16.0
2020-08-24,15.4,36.6,51.3,20.8,14.6,81.9,15.0
2020-08-25,19.7,32.7,52.3,18.3,8.9,85.7,14.0
2020-08-26,26.3,39.1,65.4,24.6,13.6,79.9,14.0
2020-08-27,100.2,62.0,162.2,18.3,10.4,84.1,14.0
2020-08-28,65.8,56.2,111.4,39.7,30.4,81.9,15.0
2020-08-29,64.6,35.1,95.9,28.6,22.4,85.3,18.0
2020-08-30,7.0,21.8,25.6,23.1,16.1,88.8,17.0
2020-08-31,29.1,39.3,67.3,26.5,13.7,79.8,16.0
2020-09-01,44.3,54.5,98.8,16.3,8.5,81.6,18.0
2020-09-02,25.4,42.5,67.9,20.4,8.5,81.8,14.0
2020-09-03,13.9,35.9,45.7,19.1,15.3,75.2,13.0
2020-09-04,120.9,48.2,169.1,19.0,16.1,78.3,15.0
2020-09-05,10.4,31.1,34.0,17.9,7.9,78.1,15.0
2020-09-06,10.1,17.5,25.7,21.8,8.1,85.5,16.0
2020-09-07,31.6,48.6,80.0,16.3,6.2,86.3,15.0
2020-09-08,103.8,59.0,162.9,27.5,20.2,76.2,15.0
2020-09-09,128.9,49.7,178.6,23.6,17.1,82.9,15.0
2020-09-10,40.9,55.7,96.6,14.5,5.3,85.0,15.0
2020-09-11,43.1,46.8,89.9,21.8,9.5,77.1,15.0
2020-09-12,8.2,25.9,34.1,18.8,9.2,67.6,14.0
2020-09-13,5.4,10.6,14.6,15.5,6.9,66.8,15.0
2020-09-14,14.5,30.3,44.8,19.1,6.5,70.9,16.0
2020-09-15,15.0,19.9,34.9,42.9,13.9,77.3,17.0
2020-09-16,16.3,36.7,51.2,33.3,16.9,77.7,16.0
2020-09-17,117.1,46.7,160.7,185.9,13.8,80.4,17.0
2020-09-18,19.1,27.6,46.6,32.9,11.7,82.8,16.0
2020-09-19,12.8,30.9,43.6,21.2,14.2,82.8,16.0
2020-09-20,56.0,24.9,72.9,18.0,12.2,86.0,16.0
2020-09-21,52.6,40.1,92.7,14.3,8.8,81.0,16.0
2020-09-22,196.0,47.4,237.5,15.3,15.7,85.3,16.0
2020-09-23,25.0,33.3,58.3,18.1,5.7,85.6,19.0
2020-09-24,19.7,27.3,46.6,20.3,7.5,81.1,20.0
2020-09-25,20.6,36.7,57.2,22.0,8.1,85.1,20.0
2020-09-26,11.1,27.3,38.4,17.9,7.7,88.3,18.0
2020-09-27,7.9,13.5,19.8,34.1,13.5,85.0,18.0
2020-09-28,15.5,25.1,40.6,25.9,11.6,79.7,15.0
2020-09-29,9.3,11.1,20.4,22.4,10.1,76.4,15.0
2020-09-30,53.0,56.9,109.9,20.0,10.1,76.2,14.0
2020-10-01,247.8,48.9,296.7,16.6,8.6,82.4,16.0
2020-10-02,272.6,42.5,315.1,19.4,9.8,85.4,16.0
2020-10-03,129.1,41.4,157.3,15.2,9.9,84.5,18.0
2020-10-04,18.0,26.2,44.3,15.2,9.4,87.0,19.0
2020-10-05,19.8,40.4,59.0,19.5,6.2,81.6,21.0
2020-10-06,20.8,35.3,54.9,17.6,6.1,84.0,18.0
2020-10-07,51.7,48.3,100.1,25.3,8.5,75.1,18.0
2020-10-08,14.5,33.3,47.8,18.1,8.2,78.0,16.0
2020-10-09,6.7,7.8,14.5,25.5,8.7,67.3,16.0
2020-10-10,4.5,4.7,9.2,19.2,7.2,62.6,17.0
2020-10-11,5.0,3.7,8.6,22.4,9.6,75.5,17.0
2020-10-12,9.4,11.3,20.7,55.9,13.0,85.3,17.0
2020-10-13,25.3,40.4,61.9,26.8,12.4,87.8,16.0
2020-10-14,69.0,36.7,105.5,11.1,6.1,86.6,17.0
2020-10-15,31.5,41.7,73.2,24.1,9.7,85.9,15.0
2020-10-16,31.6,33.5,64.2,10.8,7.3,79.9,16.0
2020-10-17,83.0,37.2,116.1,15.4,9.7,80.8,16.0
2020-10-18,39.0,27.1,58.3,15.4,7.8,83.1,16.0
2020-10-19,24.5,27.7,52.1,33.1,17.3,82.5,21.0
2020-10-20,22.9,35.1,58.1,18.8,8.1,77.6,21.0
2020-10-21,36.5,41.7,71.3,25.3,9.0,83.6,21.0
2020-10-22,106.5,28.7,135.2,14.5,8.9,83.1,20.0
2020-10-23,43.4,29.6,67.2,9.7,5.2,84.3,18.0
2020-10-24,6.4,4.9,11.3,11.6,3.8,86.7,19.0
2020-10-25,3.7,2.6,6.2,11.4,3.2,83.1,20.0
2020-10-26,15.8,15.1,28.4,8.3,5.1,82.6,20.0
2020-10-27,102.1,27.6,125.7,21.6,5.4,84.2,22.0
2020-10-28,54.3,23.0,77.3,14.9,7.1,86.3,18.0
2020-10-29,11.5,11.5,23.0,18.4,7.1,79.7,19.0
2020-10-30,15.2,17.1,31.7,14.4,6.5,82.9,20.0
2020-10-31,14.4,14.9,29.0,20.2,9.0,82.0,21.0
2020-11-01,8.0,29.0,37.0,30.0,9.6,83.0,21.0
2020-11-02,127.7,33.7,155.0,14.3,9.0,85.0,20.0
2020-11-03,8.6,5.8,13.2,17.2,7.8,86.0,20.0
2020-11-04,10.2,8.1,18.3,22.4,9.9,82.8,20.0
2020-11-05,9.2,11.8,16.6,28.5,14.6,87.9,19.0
2020-11-06,16.3,27.3,43.7,16.5,9.6,87.4,22.0
2020-11-07,35.2,24.2,52.9,26.3,11.1,88.9,21.0
2020-11-08,9.3,14.6,22.0,18.4,9.3,81.7,21.0
2020-11-09,54.8,44.3,84.6,469.0,6.2,85.6,18.0
2020-11-10,32.5,34.1,66.5,16.3,4.5,86.6,17.0
2020-11-11,40.4,26.6,67.1,15.5,5.7,86.2,18.0
2020-11-12,48.3,29.9,78.2,17.5,6.0,76.9,20.0
2020-11-13,140.4,29.8,169.2,14.4,5.4,83.1,21.0
2020-11-14,27.8,22.4,50.2,13.9,8.2,78.3,22.0
2020-11-15,45.0,23.5,59.6,21.1,5.0,84.5,22.0
2020-11-16,122.5,21.1,143.5,16.0,6.7,85.0,23.0
2020-11-17,34.3,24.4,58.7,116.1,6.5,81.3,22.0
2020-11-18,27.2,21.2,47.7,23.1,6.5,81.8,20.0
2020-11-19,13.9,16.2,30.2,15.2,6.9,75.9,19.0
2020-11-20,58.6,34.3,92.9,21.6,6.9,78.0,20.0
2020-11-21,18.3,14.9,33.2,17.5,7.0,81.2,20.0
2020-11-22,6.3,5.8,11.9,22.9,8.9,81.2,18.0
2020-11-23,47.6,39.0,80.4,12.6,7.2,72.2,18.0
2020-11-24,83.0,36.8,110.7,16.0,5.2,85.9,16.0
2020-11-25,13.0,31.0,44.0,28.0,11.5,88.7,21.0
2020-11-26,23.7,23.7,47.3,24.0,9.8,83.3,21.0
2020-11-27,34.8,24.5,59.3,20.9,10.3,86.3,20.0
2020-11-28,8.7,21.0,29.4,24.6,10.4,72.4,19.0
2020-11-29,12.0,13.9,25.9,31.5,12.7,79.0,20.0
2020-11-30,33.0,32.8,65.8,44.9,10.9,84.6,22.0
2020-12-01,13.5,20.8,30.1,36.5,10.8,86.4,20.0
2020-12-02,98.6,29.5,128.1,24.4,9.0,74.9,21.0
2020-12-03,21.0,17.6,35.5,27.6,12.1,82.9,20.0
2020-12-04,22.7,23.9,46.5,46.5,10.1,67.0,19.0
2020-12-05,19.3,25.2,41.5,22.8,7.3,76.4,20.0
2020-12-06,9.8,10.0,18.4,23.2,7.9,85.3,23.0
2020-12-07,26.7,19.5,46.2,19.1,6.7,84.4,24.0
2020-12-08,32.9,13.3,46.2,23.0,6.9,83.0,26.0
2020-12-09,18.6,13.5,29.7,25.8,7.6,86.7,25.0
2020-12-10,18.2,20.1,37.2,24.8,10.4,88.9,23.0
2020-12-11,21.8,18.9,40.6,20.2,8.3,81.0,21.0
2020-12-12,10.9,8.5,17.2,20.4,6.9,63.4,20.0
2020-12-13,6.9,4.2,10.3,19.8,8.1,67.4,19.0
2020-12-14,20.1,25.4,42.0,23.1,8.8,78.8,22.0
2020-12-15,45.8,26.8,72.6,25.6,10.6,77.3,25.0
2020-12-16,24.3,19.5,43.8,16.1,6.9,79.2,21.0
2020-12-17,13.1,12.0,25.1,16.2,5.6,74.0,20.0
2020-12-18,14.9,22.9,37.0,27.9,11.7,78.6,21.0
2020-12-19,9.8,25.3,33.4,24.1,11.5,79.2,22.0
2020-12-20,14.1,29.0,39.1,21.5,10.1,77.7,24.0
2020-12-21,130.7,26.3,152.3,18.8,7.3,81.0,22.0
2020-12-22,7.5,8.1,12.8,25.3,5.6,77.5,22.0
2020-12-23,38.4,20.2,55.5,16.3,5.8,77.8,22.0
2020-12-24,13.2,12.9,25.6,20.5,10.1,84.4,21.0
2020-12-25,5.0,3.7,8.5,26.0,11.5,67.9,20.0
2020-12-26,13.8,16.8,30.6,16.6,7.1,76.1,20.0
2020-12-27,11.2,12.2,23.3,15.2,5.7,74.0,19.0
2020-12-28,5.7,7.3,10.2,56.1,5.0,65.9,19.0
2020-12-29,20.4,18.2,38.5,16.4,4.8,69.4,20.0
2020-12-30,8.3,6.8,14.6,152.1,5.1,74.6,21.0
2020-12-31,23.1,18.6,41.7,20.1,8.5,79.7,21.0
2021-01-01,12.9,14.7,24.3,25.4,9.3,85.0,23.0
