Date,AQI,PM10,PM2.5,RH,TEMP,WS
2017-01-01,19,10.9,0.0,85.5,24,2.2
2017-01-02,19,14.5,0.0,91.9,24,2.5
2017-01-03,15,11.6,0.0,92.1,23,3.0
2017-01-04,24,20.1,0.0,85.1,19,4.7
2017-01-05,41,31.0,0.0,75.4,20,3.6
2017-01-06,41,20.9,0.0,84.8,21,3.1
2017-01-07,31,19.3,0.0,63.2,20,3.7
2017-01-08,25,15.1,0.0,65.9,20,3.7
2017-01-09,26,20.5,0.0,81.5,22,3.4
2017-01-10,27,18.2,0.0,87.1,23,3.3
2017-01-11,21,15.6,0.0,88.2,23,2.9
2017-01-12,16,12.7,0.0,92.3,24,2.8
2017-01-13,31,27.6,0.0,85.7,22,3.9
2017-01-14,39,28.2,0.0,79.8,24,2.2
2017-01-15,35,35.3,0.0,86.7,26,3.4
2017-01-16,53,34.7,0.0,83.3,21,4.6
2017-01-17,51,25.8,0.0,81.3,22,4.9
2017-01-18,41,23.7,0.0,83.9,23,3.6
2017-01-19,36,32.7,0.0,89.3,20,4.0
2017-01-20,40,41.5,0.0,82.3,20,3.8
2017-01-21,41,31.3,0.0,88.2,21,1.1
2017-01-22,51,62.6,0.0,91.7,22,4.0
2017-01-23,54,40.7,0.0,77.6,20,4.6
2017-01-24,55,29.2,0.0,73.5,22,2.9
2017-01-25,36,29.5,0.0,86.7,22,3.9
2017-01-26,56,35.6,0.0,71.6,21,4.0
2017-01-27,55,24.5,0.0,72.7,21,3.5
2017-01-28,37,31.2,0.0,80.4,23,3.0
2017-01-29,37,32.0,0.0,88.3,24,3.0
2017-01-30,31,18.5,0.0,81.1,24,3.7
2017-01-31,25,14.7,0.0,82.3,24,3.3
2017-02-01,21,20.4,0.0,90.4,24,2.3
2017-02-02,22,22.0,0.0,86.5,25,3.1
2017-02-03,20,21.0,0.0,88.0,24,3.2
2017-02-04,29,19.3,0.0,89.5,22,3.8
2017-02-05,34,24.7,0.0,84.3,24,2.8
2017-02-06,34,20.8,0.0,90.2,27,3.3
2017-02-07,24,19.6,0.0,83.0,28,3.1
2017-02-08,34,32.7,0.0,87.2,22,2.8
2017-02-09,32,16.7,0.0,86.8,22,2.2
2017-02-10,21,16.9,0.0,84.9,22,2.5
2017-02-11,23,17.9,0.0,80.8,22,3.5
2017-02-12,25,21.6,0.0,91.2,24,2.8
2017-02-13,0,27.1,0.0,91.7,26,3.6
2017-02-14,32,21.8,0.0,91.2,19,1.9
2017-02-15,41,34.1,0.0,87.2,23,3.2
2017-02-16,40,17.7,0.0,92.6,20,2.1
2017-02-17,235,19.9,0.0,92.7,23,1.5
2017-02-18,242,19.4,0.0,92.9,25,1.1
2017-02-19,18,15.3,0.0,92.5,25,1.3
2017-02-20,34,30.2,0.0,88.9,25,1.5
2017-02-21,0,22.8,0.0,84.5,24,1.7
2017-02-22,33,25.5,0.0,87.9,24,3.7
2017-02-23,41,36.7,0.0,87.3,25,1.5
2017-02-24,40,23.3,0.0,87.0,23,0.9
2017-02-25,27,27.8,0.0,90.4,25,3.0
2017-02-26,27,17.5,0.0,87.1,25,2.6
2017-02-27,21,16.6,0.0,87.2,25,1.1
2017-02-28,0,12.9,0.0,89.1,25,1.7
2017-03-01,311,18.4,0.0,92.4,24,1.3
2017-03-02,319,29.9,0.0,93.2,23,3.3
2017-03-03,29,15.6,0.0,89.6,23,2.9
2017-03-04,22,18.8,0.0,85.4,23,3.2
2017-03-05,31,56.0,0.0,87.6,23,3.1
2017-03-06,37,21.9,0.0,84.4,23,3.2
2017-03-07,26,24.2,0.0,92.8,22,1.3
2017-03-08,23,15.4,0.0,92.8,21,4.2
2017-03-09,20,34.9,0.0,85.8,22,3.3
2017-03-10,30,26.1,0.0,93.4,23,1.5
2017-03-11,28,31.4,0.0,93.2,23,0.9
2017-03-12,41,32.0,0.0,91.2,23,3.1
2017-03-13,34,25.8,0.0,89.3,22,3.1
2017-03-14,39,25.4,0.0,85.9,20,3.1
2017-03-15,27,21.8,0.0,87.8,23,2.2
2017-03-16,24,23.7,0.0,84.6,22,1.5
2017-03-17,22,37.4,0.0,90.5,23,1.3
2017-03-18,27,20.4,0.0,85.0,22,4.0
2017-03-19,27,15.3,0.0,90.0,24,2.5
2017-03-20,25,21.6,0.0,90.6,22,3.3
2017-03-21,29,21.2,0.0,82.1,21,4.3
2017-03-22,33,27.3,0.0,87.1,23,3.1
2017-03-23,33,21.0,0.0,87.6,22,2.9
2017-03-24,28,31.0,0.0,89.7,22,1.2
2017-03-25,22,17.0,0.0,89.6,23,0.8
2017-03-26,16,27.4,0.0,91.5,23,1.3
2017-03-27,141,21.4,0.0,93.1,23,1.4
2017-03-28,142,15.5,0.0,90.8,25,1.2
2017-03-29,35,17.0,0.0,92.1,21,2.2
2017-03-30,21,20.1,0.0,92.2,22,2.3
2017-03-31,18,17.3,0.0,89.4,22,2.1
2017-04-01,23,30.1,0.0,92.3,23,0.8
2017-04-02,21,8.8,0.0,92.9,23,0.7
2017-04-03,12,17.3,0.0,93.2,26,1.0
2017-04-04,15,20.6,0.0,92.8,22,2.9
2017-04-05,26,24.7,0.0,93.2,23,2.2
2017-04-06,31,22.0,0.0,77.2,20,3.2
2017-04-07,29,25.6,0.0,87.2,20,3.1
2017-04-08,32,27.0,0.0,92.4,21,1.1
2017-04-09,29,14.5,0.0,87.8,20,2.3
2017-04-10,18,16.5,0.0,90.6,22,1.3
2017-04-11,28,20.3,0.0,86.3,24,0.8
2017-04-12,36,21.7,0.0,92.6,21,1.7
2017-04-13,26,16.0,0.0,92.2,20,2.5
2017-04-14,21,21.2,0.0,90.3,22,2.0
2017-04-15,25,34.6,0.0,91.2,20,2.4
2017-04-16,29,18.1,0.0,91.4,21,2.2
2017-04-17,21,13.0,0.0,91.8,19,3.1
2017-04-18,24,21.4,0.0,91.6,21,1.9
2017-04-19,28,33.1,0.0,92.2,20,3.5
2017-04-20,26,22.4,0.0,92.0,19,3.1
2017-04-21,26,16.2,0.0,90.1,12,0.3
2017-04-22,0,20.8,0.0,0.0,0,0.0
2017-04-23,0,11.2,0.0,0.0,0,0.0
2017-04-24,0,19.6,0.0,86.6,20,3.6
2017-04-25,25,16.8,0.0,92.0,12,0.8
2017-04-26,0,23.3,0.0,0.0,0,0.0
2017-04-27,0,21.7,0.0,88.2,20,1.0
2017-04-28,20,24.0,0.0,92.0,21,1.3
2017-04-29,21,14.6,0.0,92.3,19,1.9
2017-04-30,21,22.0,0.0,92.1,19,4.3
2017-05-01,25,24.7,0.0,86.7,16,4.1
2017-05-02,25,33.0,0.0,90.8,16,1.4
2017-05-03,45,36.5,0.0,92.4,17,2.0
2017-05-04,34,24.6,0.0,88.7,17,4.4
2017-05-05,0,30.6,0.0,89.0,18,3.3
2017-05-06,50,41.6,0.0,91.6,19,1.8
2017-05-07,57,39.9,0.0,91.6,18,1.1
2017-05-08,36,28.4,0.0,91.0,19,0.8
2017-05-09,30,20.5,0.0,93.0,20,0.8
2017-05-10,0,17.8,0.0,89.9,20,1.1
2017-05-11,35,32.0,0.0,90.5,19,0.9
2017-05-12,41,24.7,0.0,92.5,19,3.7
2017-05-13,25,32.4,0.0,89.7,16,2.6
2017-05-14,33,30.8,0.0,92.4,16,3.3
2017-05-15,0,24.9,0.0,90.0,17,1.3
2017-05-16,26,26.3,0.0,85.7,18,1.2
2017-05-17,28,23.2,0.0,91.3,20,1.4
2017-05-18,196,26.4,0.0,88.8,18,3.9
2017-05-19,266,28.2,0.0,83.0,16,3.8
2017-05-20,104,22.7,0.0,81.0,17,5.0
2017-05-21,32,49.8,0.0,89.5,14,2.6
2017-05-22,56,61.6,0.0,91.3,14,0.9
2017-05-23,67,64.5,0.0,91.7,2,0.9
2017-05-24,0,26.0,0.0,91.5,19,2.1
2017-05-25,28,27.8,0.0,93.3,17,0.5
2017-05-26,24,16.6,0.0,91.5,19,2.7
2017-05-27,39,22.5,0.0,92.4,19,1.8
2017-05-28,39,21.2,0.0,92.2,18,1.7
2017-05-29,36,21.2,0.0,92.0,18,2.1
2017-05-30,30,20.5,0.0,90.7,18,1.5
2017-05-31,29,31.1,0.0,91.8,18,2.0
2017-06-01,41,35.0,0.0,92.5,18,1.9
2017-06-02,28,14.0,0.0,90.1,16,2.6
2017-06-03,17,23.6,0.0,89.0,16,2.2
2017-06-04,28,32.1,0.0,92.0,16,2.1
2017-06-05,33,40.9,0.0,92.2,16,1.7
2017-06-06,32,28.0,0.0,93.0,15,1.7
2017-06-07,27,37.7,0.0,92.2,16,2.6
2017-06-08,35,56.4,0.0,93.0,14,2.4
2017-06-09,53,49.5,0.0,92.3,5,2.1
2017-06-10,43,29.0,0.0,0.0,0,0.0
2017-06-11,39,67.9,0.0,0.0,0,0.0
2017-06-12,53,56.2,0.0,0.0,0,0.0
2017-06-13,34,17.1,0.0,0.0,0,0.0
2017-06-14,53,37.6,0.0,63.1,14,3.8
2017-06-15,58,31.9,0.0,81.4,15,2.3
2017-06-16,44,25.9,0.0,91.0,17,2.8
2017-06-17,43,45.4,0.0,92.5,16,1.2
2017-06-18,42,18.8,0.0,92.5,16,1.8
2017-06-19,29,36.9,0.0,90.4,17,1.1
2017-06-20,35,29.0,0.0,91.9,17,1.6
2017-06-21,34,25.3,0.0,73.5,16,2.3
2017-06-22,36,21.4,0.0,90.4,17,2.7
2017-06-23,25,43.7,0.0,92.0,17,1.7
2017-06-24,29,17.9,0.0,92.0,14,3.8
2017-06-25,28,24.6,0.0,89.3,17,2.2
2017-06-26,41,58.1,0.0,91.7,15,3.3
2017-06-27,56,53.6,0.0,92.6,14,2.4
2017-06-28,51,43.2,0.0,92.2,15,1.5
2017-06-29,45,39.7,0.0,90.8,16,1.4
2017-06-30,50,46.2,0.0,92.9,15,1.3
2017-07-01,36,25.4,0.0,89.57,16,1.8
2017-07-02,28,23.0,0.0,92.99,15,1.1
2017-07-03,19,28.8,0.0,92.47,15,2.0
2017-07-04,40,24.6,0.0,92.86,16,3.2
2017-07-05,37,25.1,0.0,91.47,15,0.9
2017-07-06,22,19.0,0.0,91.59,16,1.6
2017-07-07,17,16.9,0.0,91.84,15,1.5
2017-07-08,20,18.6,0.0,92.7,16,1.3
2017-07-09,19,16.3,0.0,92.04,15,2.6
2017-07-10,28,21.7,0.0,89.55,15,3.5
2017-07-11,28,17.5,0.0,92.38,15,2.9
2017-07-12,30,41.2,0.0,91.6,12,2.9
2017-07-13,29,21.2,0.0,83.55,11,5.9
2017-07-14,21,19.0,0.0,83.88,11,5.6
2017-07-15,42,66.7,0.0,91.42,14,3.1
2017-07-16,73,69.6,0.0,91.7,15,1.8
2017-07-17,55,26.6,0.0,91.88,15,1.7
2017-07-18,24,25.9,0.0,89.98,17,1.0
2017-07-19,37,60.1,0.0,91.87,16,1.0
2017-07-20,40,32.6,0.0,91.24,17,2.6
2017-07-21,24,23.5,0.0,88.32,14,3.0
2017-07-22,32,21.9,0.0,88.73,14,2.7
2017-07-23,32,21.6,0.0,90.96,15,2.1
2017-07-24,24,27.1,0.0,90.08,15,2.8
2017-07-25,25,22.4,0.0,90.69,16,3.7
2017-07-26,32,26.0,0.0,88.8,15,3.4
2017-07-27,33,19.8,0.0,92.02,15,2.0
2017-07-28,22,18.4,0.0,88.29,15,3.0
2017-07-29,31,60.4,0.0,89.01,11,4.6
2017-07-30,62,68.8,0.0,92.0,13,1.6
2017-07-31,60,49.0,0.0,91.79,13,1.9
2017-08-01,50,31.9,0.0,84.93,16,2.1
2017-08-02,27,17.4,0.0,91.02,15,1.6
2017-08-03,28,64.4,0.0,86.08,14,2.8
2017-08-04,33,35.1,0.0,89.88,14,1.2
2017-08-05,39,37.5,0.0,90.76,14,1.3
2017-08-06,30,16.5,0.0,86.84,16,1.5
2017-08-07,27,11.6,0.0,91.47,16,28.2
2017-08-08,62,15.6,0.0,0.0,0,14.7
2017-08-09,30,26.1,0.0,0.0,15,1.0
2017-08-10,25,17.4,0.0,91.25,16,2.3
2017-08-11,25,27.8,0.0,91.26,16,4.2
2017-08-12,43,37.1,0.0,87.94,18,3.4
2017-08-13,47,28.7,0.0,92.49,17,1.5
2017-08-14,33,18.8,0.0,91.69,15,2.7
2017-08-15,22,20.1,0.0,89.93,15,3.0
2017-08-16,24,20.9,0.0,89.3,16,3.2
2017-08-17,23,17.8,0.0,90.16,16,1.5
2017-08-18,24,21.2,0.0,92.14,16,0.9
2017-08-19,26,16.5,0.0,90.52,16,2.2
2017-08-20,19,17.6,0.0,88.31,16,3.0
2017-08-21,26,28.8,0.0,89.21,16,2.9
2017-08-22,38,33.0,0.0,91.08,15,2.1
2017-08-23,40,39.3,0.0,91.65,15,0.9
2017-08-24,32,27.4,0.0,91.97,16,1.1
2017-08-25,19,25.4,0.0,91.56,16,1.2
2017-08-26,21,28.0,0.0,91.17,16,1.1
2017-08-27,28,22.6,0.0,85.03,16,2.9
2017-08-28,40,31.1,0.0,90.81,17,2.0
2017-08-29,31,22.3,0.0,92.33,18,1.6
2017-08-30,27,28.1,0.0,91.83,16,1.4
2017-08-31,20,25.5,0.0,90.54,17,1.7
2017-09-01,28,23.6,0.0,91.83,17,1.3
2017-09-02,20,10.2,0.0,88.46,16,2.1
2017-09-03,12,16.0,0.0,84.66,16,3.2
2017-09-04,21,20.3,0.0,90.91,16,3.1
2017-09-05,19,20.9,0.0,88.3,17,2.1
2017-09-06,18,14.1,0.0,89.6,16,1.9
2017-09-07,33,27.6,0.0,84.03,16,3.9
2017-09-08,35,21.4,0.0,81.05,17,3.1
2017-09-09,34,26.1,0.0,84.45,14,4.0
2017-09-10,21,18.4,0.0,84.83,13,4.1
2017-09-11,28,21.5,0.0,88.43,12,3.9
2017-09-12,36,30.5,0.0,86.75,15,4.3
2017-09-13,33,19.5,0.0,84.03,16,3.0
2017-09-14,45,26.6,0.0,86.28,19,3.0
2017-09-15,45,23.5,0.0,91.93,19,2.4
2017-09-16,33,28.4,0.0,87.47,16,3.1
2017-09-17,33,17.6,0.0,91.03,18,2.8
2017-09-18,23,15.6,0.0,88.25,13,3.1
2017-09-19,21,20.1,0.0,90.2,16,3.5
2017-09-20,29,23.9,0.0,91.55,18,2.1
2017-09-21,25,17.7,0.0,89.93,17,2.4
2017-09-22,27,65.1,0.0,88.47,15,4.8
2017-09-23,25,16.7,0.0,82.75,17,4.3
2017-09-24,22,15.2,0.0,78.58,19,2.5
2017-09-25,23,19.8,0.0,84.42,19,2.7
2017-09-26,30,19.5,0.0,88.4,20,2.9
2017-09-27,32,30.0,0.0,90.08,18,2.3
2017-09-28,44,29.7,0.0,86.08,18,3.9
2017-09-29,35,14.1,0.0,86.12,17,1.9
2017-09-30,18,17.0,0.0,89.02,17,3.2
2017-10-01,28,61.7,0.0,87.97,14,3.9
2017-10-02,39,32.6,0.0,83.3,17,5.7
2017-10-03,38,19.9,0.0,85.73,17,3.4
2017-10-04,24,19.3,0.0,79.02,17,3.3
2017-10-05,28,20.1,0.0,81.95,18,4.0
2017-10-06,31,17.7,0.0,89.72,18,1.0
2017-10-07,32,22.9,0.0,89.63,18,1.6
2017-10-08,32,19.5,0.0,90.07,19,1.8
2017-10-09,23,20.6,0.0,90.53,19,1.2
2017-10-10,21,14.9,0.0,85.7,19,2.4
2017-10-11,38,32.9,0.0,86.8,17,4.4
2017-10-12,49,49.1,0.0,76.03,17,3.7
2017-10-13,49,19.1,0.0,85.78,18,2.5
2017-10-14,32,27.6,0.0,89.62,20,3.0
2017-10-15,37,23.0,0.0,76.83,16,4.6
2017-10-16,33,21.9,0.0,81.65,17,4.3
2017-10-17,39,27.5,0.0,83.03,16,5.0
2017-10-18,37,22.2,0.0,86.0,17,4.0
2017-10-19,30,21.0,0.0,86.52,17,4.0
2017-10-20,27,18.1,0.0,77.35,18,3.4
2017-10-21,23,15.8,0.0,81.75,16,3.5
2017-10-22,26,16.2,0.0,83.73,18,3.2
2017-10-23,22,13.7,0.0,90.6,19,2.5
2017-10-24,19,20.9,0.0,88.73,19,3.5
2017-10-25,24,19.4,0.0,73.37,17,3.3
2017-10-26,22,17.4,0.0,85.02,19,3.2
2017-10-27,23,12.3,0.0,88.4,19,2.2
2017-10-28,16,9.9,0.0,90.7,20,0.8
2017-10-29,20,17.7,0.0,84.5,21,1.1
2017-10-30,26,21.3,0.0,87.55,20,1.6
2017-10-31,29,24.8,0.0,85.3,20,1.9
2017-11-01,26,18.3,0.0,75.72,20,1.5
2017-11-02,31,25.0,0.0,77.92,21,0.8
2017-11-03,45,29.6,0.0,87.1,19,1.8
2017-11-04,45,47.6,0.0,90.03,19,1.9
2017-11-05,31,58.2,0.0,91.5,22,2.5
2017-11-06,40,39.4,0.0,73.17,18,3.7
2017-11-07,34,21.9,0.0,85.07,19,1.5
2017-11-08,41,28.7,0.0,89.43,18,3.9
2017-11-09,40,21.6,0.0,75.9,18,3.3
2017-11-10,29,27.0,0.0,77.52,18,3.2
2017-11-11,29,13.5,0.0,78.87,18,2.7
2017-11-12,19,16.7,0.0,70.72,18,3.5
2017-11-13,24,20.0,0.0,88.38,19,1.0
2017-11-14,18,15.5,0.0,88.47,18,1.6
2017-11-15,14,11.2,0.0,90.75,19,1.2
2017-11-16,13,12.9,0.0,88.02,20,1.4
2017-11-17,19,17.4,0.0,79.02,22,2.5
2017-11-18,21,14.7,0.0,81.55,20,3.6
2017-11-19,16,12.7,0.0,85.05,19,3.0
2017-11-20,11,8.9,0.0,71.08,23,1.7
2017-11-21,24,21.5,0.0,85.93,23,2.7
2017-11-22,28,20.5,0.0,84.47,21,1.6
2017-11-23,21,19.2,0.0,89.0,23,2.6
2017-11-24,29,24.5,0.0,88.7,23,2.5
2017-11-25,29,12.9,0.0,85.18,21,1.6
2017-11-26,16,9.2,0.0,75.95,22,1.2
2017-11-27,14,14.9,0.0,78.67,23,2.0
2017-11-28,13,12.2,0.0,77.95,22,1.4
2017-11-29,12,11.5,0.0,82.9,23,1.7
2017-11-30,21,21.4,0.0,85.12,22,1.9
2017-12-01,22,15.8,0.0,89.23,23,1.4
2017-12-02,14,11.2,0.0,86.52,23,1.5
2017-12-03,13,15.0,0.0,87.65,24,1.6
2017-12-04,23,22.2,0.0,85.42,26,2.4
2017-12-05,22,11.9,0.0,80.83,24,1.6
2017-12-06,19,24.9,0.0,84.1,24,1.8
2017-12-07,22,21.3,0.0,85.22,25,1.3
2017-12-08,27,43.4,0.0,80.37,24,1.4
2017-12-09,23,14.0,0.0,77.17,24,1.1
2017-12-10,25,28.5,0.0,85.07,24,2.2
2017-12-11,25,23.8,0.0,83.07,24,2.4
2017-12-12,26,18.3,0.0,88.78,24,3.0
2017-12-13,28,21.1,0.0,72.95,24,4.0
2017-12-14,27,30.0,0.0,86.23,25,2.8
2017-12-15,26,19.7,0.0,76.5,24,2.8
2017-12-16,26,16.9,0.0,85.42,25,3.2
2017-12-17,22,16.7,0.0,87.1,25,1.6
2017-12-18,23,21.2,0.0,88.97,24,3.0
2017-12-19,40,24.8,0.0,80.73,23,3.4
2017-12-20,41,29.6,0.0,81.52,21,4.8
2017-12-21,43,23.9,0.0,71.65,23,3.8
2017-12-22,39,28.9,0.0,84.18,25,2.7
2017-12-23,38,39.0,0.0,76.72,24,1.1
2017-12-24,35,16.8,0.0,75.45,24,1.7
2017-12-25,20,13.1,0.0,80.3,24,1.3
2017-12-26,15,16.0,0.0,89.15,23,3.2
2017-12-27,28,22.2,0.0,78.02,23,3.8
2017-12-28,28,22.3,0.0,56.45,20,5.1
2017-12-29,34,26.8,0.0,71.25,23,3.7
2017-12-30,34,20.5,0.0,84.42,25,2.8
2017-12-31,22,11.9,0.0,85.07,24,2.0
2018-01-01,19,17.4,0.0,88.72,24,2.0
2018-01-02,17,12.8,0.0,91.13,25,1.5
2018-01-03,13,10.9,0.0,83.78,25,1.0
2018-01-04,19,19.4,0.0,90.85,22,2.0
2018-01-05,39,67.8,0.0,89.5,21,3.7
2018-01-06,67,40.7,0.0,80.15,22,3.1
2018-01-07,67,39.0,0.0,83.58,23,3.3
2018-01-08,51,27.5,0.0,77.45,24,3.1
2018-01-09,47,24.4,0.0,88.77,26,3.0
2018-01-10,28,40.3,0.0,82.6,26,2.7
2018-01-11,30,17.1,0.0,85.52,26,2.3
2018-01-12,26,19.8,0.0,84.43,27,1.3
2018-01-13,25,19.7,0.0,80.68,25,0.9
2018-01-14,22,12.8,0.0,82.35,26,1.5
2018-01-15,19,16.3,0.0,79.57,26,1.3
2018-01-16,30,26.8,0.0,76.42,25,1.4
2018-01-17,45,45.9,0.0,76.4,25,0.9
2018-01-18,48,26.1,0.0,90.28,21,1.0
2018-01-19,38,33.8,0.0,90.78,25,1.1
2018-01-20,41,21.4,0.0,85.03,26,1.2
2018-01-21,31,17.7,0.0,85.87,26,1.3
2018-01-22,27,14.6,0.0,89.57,24,1.1
2018-01-23,14,11.3,0.0,89.48,26,1.9
2018-01-24,22,20.2,0.0,89.15,27,3.6
2018-01-25,25,20.6,0.0,86.35,26,2.7
2018-01-26,27,18.1,0.0,85.33,28,1.6
2018-01-27,27,18.0,0.0,88.13,27,1.4
2018-01-28,24,15.8,0.0,88.4,28,1.3
2018-01-29,20,0.0,0.0,79.52,28,0.9
2018-01-30,0,52.4,0.0,79.65,26,1.2
2018-01-31,53,31.5,0.0,71.48,26,0.7
2018-02-01,50,38.9,0.0,90.72,23,1.7
2018-02-02,45,30.0,0.0,87.73,23,3.7
2018-02-03,38,17.5,0.0,88.47,21,3.2
2018-02-04,19,17.2,0.0,88.57,22,2.4
2018-02-05,22,19.5,0.0,91.07,24,2.3
2018-02-06,21,20.2,0.0,89.4,23,3.2
2018-02-07,33,27.4,0.0,79.33,24,1.8
2018-02-08,34,15.5,0.0,73.72,22,3.1
2018-02-09,19,23.0,0.0,88.03,21,2.0
2018-02-10,22,20.5,0.0,91.48,23,0.9
2018-02-11,21,12.2,0.0,91.93,23,2.2
2018-02-12,15,13.8,0.0,91.93,27,2.0
2018-02-13,21,18.6,0.0,92.12,23,0.9
2018-02-14,30,31.3,0.0,89.9,25,1.3
2018-02-15,24,21.1,0.0,89.25,26,2.6
2018-02-16,25,16.1,0.0,89.3,28,1.3
2018-02-17,27,21.9,0.0,89.0,26,1.0
2018-02-18,30,21.1,0.0,89.32,27,0.9
2018-02-19,29,22.9,0.0,87.63,27,1.2
2018-02-20,42,36.4,0.0,85.55,26,3.7
2018-02-21,47,33.2,0.0,87.13,23,2.8
2018-02-22,27,26.7,0.0,88.9,22,2.8
2018-02-23,26,19.5,0.0,89.48,23,3.4
2018-02-24,22,16.4,0.0,88.82,24,2.3
2018-02-25,22,16.5,0.0,87.42,25,1.9
2018-02-26,17,13.4,0.0,85.8,24,2.7
2018-02-27,18,14.3,0.0,86.27,23,1.3
2018-02-28,26,21.3,0.0,88.77,24,1.3
2018-03-01,30,33.7,0.0,82.02,24,1.8
2018-03-02,34,30.1,0.0,86.47,24,1.5
2018-03-03,45,29.5,0.0,73.62,24,1.9
2018-03-04,44,23.0,0.0,80.87,25,1.5
2018-03-05,29,43.1,0.0,89.9,26,2.3
2018-03-06,28,33.9,0.0,89.92,27,1.3
2018-03-07,20,18.1,0.0,88.18,25,2.1
2018-03-08,19,14.7,0.0,84.95,22,2.4
2018-03-09,22,15.7,0.0,88.47,26,2.0
2018-03-10,19,12.5,0.0,70.25,23,1.4
2018-03-11,16,13.9,0.0,76.55,22,2.5
2018-03-12,20,16.2,0.0,87.68,19,3.6
2018-03-13,27,20.7,0.0,77.27,23,3.9
2018-03-14,29,19.2,0.0,85.22,22,3.5
2018-03-15,28,21.9,0.0,86.32,21,1.3
2018-03-16,26,21.1,0.0,88.73,23,1.8
2018-03-17,24,27.0,0.0,89.8,23,2.6
2018-03-18,23,16.2,0.0,69.3,22,2.3
2018-03-19,24,22.5,0.0,83.57,24,2.2
2018-03-20,24,28.6,0.0,86.08,17,1.7
2018-03-21,0,12.1,0.0,0.0,17,1.3
2018-03-22,25,23.1,0.0,88.52,23,1.6
2018-03-23,23,19.6,0.0,86.03,22,1.2
2018-03-24,19,18.4,0.0,89.55,23,0.9
2018-03-25,16,15.9,0.0,90.8,23,1.8
2018-03-26,21,18.3,0.0,89.0,24,1.0
2018-03-27,20,12.1,0.0,84.7,24,1.2
2018-03-28,16,17.2,0.0,89.88,23,1.0
2018-03-29,18,18.0,0.0,85.73,25,2.1
2018-03-30,19,14.0,0.0,89.42,23,2.3
2018-03-31,16,14.2,0.0,81.28,23,2.2
2018-04-01,32,22.7,0.0,82.72,22,2.9
2018-04-02,32,15.0,0.0,78.87,21,2.3
2018-04-03,23,18.9,0.0,84.23,24,2.3
2018-04-04,24,18.1,0.0,89.58,24,2.3
2018-04-05,33,21.9,0.0,84.32,22,3.4
2018-04-06,33,24.8,0.0,89.97,23,2.1
2018-04-07,28,21.5,0.0,85.1,23,3.3
2018-04-08,30,23.9,0.0,89.13,21,3.1
2018-04-09,27,17.1,0.0,85.0,21,2.3
2018-04-10,34,33.3,0.0,89.75,21,5.5
2018-04-11,34,13.7,0.0,84.23,15,5.7
2018-04-12,15,36.9,0.0,74.72,9,0.9
2018-04-13,55,37.2,0.0,0.0,0,0.0
2018-04-14,51,30.9,0.0,0.0,0,0.0
2018-04-15,40,32.0,0.0,0.0,0,0.0
2018-04-16,35,37.1,0.0,0.0,0,0.0
2018-04-17,48,37.3,0.0,84.15,23,2.3
2018-04-18,44,25.7,0.0,87.37,18,3.8
2018-04-19,32,21.0,0.0,85.65,19,2.7
2018-04-20,27,13.1,0.0,84.38,19,2.7
2018-04-21,17,13.3,0.0,90.3,20,2.6
2018-04-22,27,23.7,0.0,87.25,19,3.4
2018-04-23,32,21.8,0.0,83.6,18,2.1
2018-04-24,26,17.0,0.0,80.92,18,1.8
2018-04-25,20,21.2,0.0,89.0,20,2.7
2018-04-26,29,22.7,0.0,89.75,20,1.3
2018-04-27,28,16.4,0.0,84.4,19,1.5
2018-04-28,30,21.6,0.0,89.45,19,1.5
2018-04-29,30,18.3,0.0,89.98,21,1.0
2018-04-30,27,16.8,0.0,90.23,21,1.9
2018-05-01,25,19.1,0.0,88.15,21,2.8
2018-05-02,27,21.8,0.0,85.45,21,2.1
2018-05-03,28,28.1,0.0,84.85,18,1.2
2018-05-04,34,23.5,0.0,90.27,19,1.0
2018-05-05,32,26.0,0.0,90.4,19,1.1
2018-05-06,27,21.4,0.0,84.7,20,2.2
2018-05-07,41,31.7,0.0,87.48,18,3.9
2018-05-08,47,30.8,0.0,82.38,19,2.9
2018-05-09,39,26.1,0.0,89.85,20,3.2
2018-05-10,38,20.0,0.0,90.85,20,2.1
2018-05-11,28,21.0,0.0,87.65,20,1.3
2018-05-12,29,12.6,0.0,90.08,19,0.9
2018-05-13,17,31.5,0.0,90.85,23,1.4
2018-05-14,15,13.9,0.0,90.7,21,1.1
2018-05-15,22,16.6,0.0,89.45,21,0.9
2018-05-16,21,20.5,0.0,89.35,21,3.0
2018-05-17,21,16.9,0.0,89.98,17,3.0
2018-05-18,22,32.4,0.0,89.38,18,2.5
2018-05-19,25,23.5,0.0,89.38,18,2.6
2018-05-20,18,11.0,0.0,91.78,19,2.1
2018-05-21,23,19.7,0.0,91.77,20,2.9
2018-05-22,24,18.3,0.0,89.65,19,2.3
2018-05-23,20,13.2,0.0,87.95,16,3.5
2018-05-24,25,21.0,0.0,87.83,17,3.1
2018-05-25,27,20.6,0.0,88.63,16,2.6
2018-05-26,26,19.6,0.0,89.15,15,3.8
2018-05-27,26,24.6,0.0,83.77,16,3.1
2018-05-28,24,22.1,0.0,87.58,12,2.5
2018-05-29,36,58.8,0.0,87.32,13,2.2
2018-05-30,58,50.5,0.0,90.9,13,2.7
2018-05-31,64,63.3,0.0,91.12,15,2.4
2018-06-01,73,82.9,0.0,91.17,16,1.0
2018-06-02,47,17.9,0.0,81.33,16,1.6
2018-06-03,23,27.4,0.0,90.4,16,2.2
2018-06-04,23,28.0,0.0,90.07,12,0.1
2018-06-05,0,63.2,0.0,84.77,16,5.1
2018-06-06,55,42.1,0.0,87.68,14,3.1
2018-06-07,38,16.4,0.0,88.6,12,3.7
2018-06-08,32,58.3,0.0,86.67,16,2.2
2018-06-09,60,73.9,0.0,91.07,16,1.1
2018-06-10,48,39.3,0.0,90.18,15,1.6
2018-06-11,34,18.9,0.0,87.95,13,4.4
2018-06-12,24,19.4,0.0,88.23,15,4.9
2018-06-13,24,23.1,0.0,89.25,16,1.9
2018-06-14,31,39.1,0.0,90.87,17,2.7
2018-06-15,44,50.3,0.0,91.08,18,1.6
2018-06-16,31,21.1,0.0,91.45,19,1.9
2018-06-17,37,36.0,0.0,89.55,17,2.1
2018-06-18,40,27.5,0.0,90.77,18,2.7
2018-06-19,32,37.3,0.0,89.72,17,1.3
2018-06-20,35,35.4,0.0,89.83,13,2.5
2018-06-21,24,25.8,0.0,78.38,13,4.0
2018-06-22,33,46.6,0.0,90.38,14,2.4
2018-06-23,47,39.2,0.0,88.55,15,1.9
2018-06-24,35,17.3,0.0,91.35,16,2.0
2018-06-25,17,14.2,0.0,88.87,13,2.9
2018-06-26,23,20.5,0.0,85.08,12,3.1
2018-06-27,52,79.9,0.0,91.08,14,2.3
2018-06-28,86,91.4,0.0,91.38,13,1.4
2018-06-29,58,76.9,0.0,91.15,13,2.3
2018-06-30,74,81.4,0.0,91.48,14,1.2
2018-07-01,65,61.2,0.0,90.07,14,1.8
2018-07-02,32,24.6,0.0,91.22,16,3.0
2018-07-03,35,39.2,0.0,91.18,14,3.0
2018-07-04,46,37.1,0.0,91.13,14,3.4
2018-07-05,41,32.0,0.0,84.6,14,2.1
2018-07-06,36,60.8,0.0,89.57,15,0.8
2018-07-07,55,64.9,0.0,90.35,16,2.2
2018-07-08,32,23.5,0.0,88.97,16,2.3
2018-07-09,26,27.2,0.0,86.18,16,3.6
2018-07-10,32,26.1,0.0,84.47,14,3.3
2018-07-11,34,25.5,0.0,90.78,15,2.7
2018-07-12,38,64.2,0.0,90.93,15,2.0
2018-07-13,69,61.3,0.0,91.15,14,1.2
2018-07-14,48,21.9,0.0,88.55,16,1.7
2018-07-15,28,38.5,0.0,90.33,15,2.9
2018-07-16,31,36.3,0.0,91.78,17,2.1
2018-07-17,38,30.7,0.0,91.5,16,2.4
2018-07-18,52,75.9,0.0,91.05,15,0.8
2018-07-19,58,54.1,0.0,91.77,17,1.8
2018-07-20,32,42.1,0.0,91.63,15,2.0
2018-07-21,39,32.2,0.0,91.08,16,1.5
2018-07-22,27,23.3,0.0,89.28,15,1.8
2018-07-23,39,62.9,0.0,91.28,14,1.8
2018-07-24,60,50.9,0.0,91.27,14,2.0
2018-07-25,56,50.0,0.0,91.08,15,2.4
2018-07-26,43,28.8,0.0,85.6,17,3.0
2018-07-27,44,29.8,0.0,90.73,15,2.2
2018-07-28,29,27.7,0.0,89.18,16,2.8
2018-07-29,29,18.9,0.0,91.1,17,2.9
2018-07-30,31,34.3,0.0,84.12,15,2.1
2018-07-31,35,29.6,0.0,90.07,15,1.0
2018-08-01,23,30.1,0.0,90.73,16,1.2
2018-08-02,26,20.3,0.0,91.33,16,1.2
2018-08-03,28,53.3,0.0,89.15,15,1.4
2018-08-04,53,49.5,0.0,91.43,15,2.3
2018-08-05,40,11.1,0.0,88.25,14,2.6
2018-08-06,15,18.3,0.0,91.13,16,1.0
2018-08-07,22,24.5,0.0,91.58,17,1.2
2018-08-08,20,14.5,0.0,90.43,15,1.6
2018-08-09,29,22.6,0.0,90.07,16,3.3
2018-08-10,36,33.3,0.0,91.07,16,2.8
2018-08-11,38,49.7,0.0,91.13,17,1.6
2018-08-12,43,28.5,0.0,91.02,16,1.2
2018-08-13,29,16.8,0.0,90.62,15,1.4
2018-08-14,28,27.3,0.0,88.75,15,3.8
2018-08-15,39,32.0,0.0,78.77,16,4.7
2018-08-16,43,29.1,0.0,82.25,17,2.7
2018-08-17,33,25.6,0.0,89.25,15,2.8
2018-08-18,32,38.5,0.0,88.6,15,3.5
2018-08-19,41,36.0,0.0,91.67,15,1.4
2018-08-20,32,20.5,0.0,82.35,17,2.2
2018-08-21,20,16.2,0.0,88.08,14,2.7
2018-08-22,27,21.2,0.0,88.47,15,2.5
2018-08-23,26,23.2,0.0,88.12,14,3.2
2018-08-24,25,26.7,0.0,90.3,14,3.5
2018-08-25,30,21.9,0.0,81.0,15,4.2
2018-08-26,34,29.7,0.0,86.43,15,3.5
2018-08-27,46,31.9,0.0,89.18,16,1.4
2018-08-28,40,21.5,0.0,90.07,16,1.4
2018-08-29,22,20.9,0.0,90.23,18,2.2
2018-08-30,24,18.7,0.0,90.5,15,3.1
2018-08-31,25,25.0,0.0,90.8,17,1.2
2018-09-01,27,19.4,0.0,91.22,17,1.7
2018-09-02,34,27.8,0.0,88.27,16,3.7
2018-09-03,37,27.6,0.0,88.12,13,1.7
2018-09-04,26,19.1,0.0,90.67,13,2.5
2018-09-05,21,20.6,0.0,76.6,16,2.6
2018-09-06,16,17.0,0.0,86.08,13,2.7
2018-09-07,23,28.7,0.0,74.7,15,5.0
2018-09-08,25,18.8,0.0,79.83,17,3.9
2018-09-09,25,18.2,0.0,74.2,14,3.9
2018-09-10,21,11.4,0.0,83.07,15,1.4
2018-09-11,19,21.3,0.0,84.43,17,1.6
2018-09-12,28,29.5,0.0,90.07,17,3.1
2018-09-13,29,41.0,0.0,86.48,15,3.6
2018-09-14,25,18.0,0.0,83.75,16,4.2
2018-09-15,45,235.1,0.0,87.78,19,1.6
2018-09-16,44,11.9,0.0,80.42,17,1.4
2018-09-17,22,17.5,0.0,89.63,19,1.6
2018-09-18,22,14.6,0.0,87.9,18,2.0
2018-09-19,17,13.3,0.0,83.38,18,2.1
2018-09-20,20,17.9,0.0,82.9,21,3.3
2018-09-21,24,20.3,0.0,81.33,17,2.2
2018-09-22,24,19.1,0.0,90.22,17,1.7
2018-09-23,24,20.2,0.0,89.85,16,3.7
2018-09-24,21,11.9,0.0,85.82,17,3.0
2018-09-25,31,35.1,0.0,78.32,13,4.7
2018-09-26,35,26.3,0.0,72.92,15,4.3
2018-09-27,31,21.6,0.0,80.95,16,3.3
2018-09-28,26,20.2,0.0,89.77,16,3.0
2018-09-29,26,24.5,0.0,88.68,17,3.1
2018-09-30,24,25.6,0.0,88.78,17,1.5
2018-10-01,18,13.4,0.0,80.3,18,2.1
2018-10-02,24,17.3,0.0,88.3,18,2.4
2018-10-03,24,14.8,0.0,88.3,18,1.4
2018-10-04,15,11.6,0.0,89.0,18,1.1
2018-10-05,23,22.6,0.0,90.0,19,3.1
2018-10-06,23,17.7,0.0,88.3,19,1.2
2018-10-07,27,23.7,0.0,88.2,19,2.9
2018-10-08,31,23.6,0.0,83.2,18,2.4
2018-10-09,31,24.3,0.0,87.7,16,2.6
2018-10-10,23,12.3,0.0,83.0,17,2.2
2018-10-11,17,17.5,0.0,89.2,18,1.9
2018-10-12,28,34.9,0.0,86.9,17,3.9
2018-10-13,34,20.0,0.0,81.1,14,4.3
2018-10-14,28,27.6,0.0,85.0,16,3.8
2018-10-15,35,37.5,0.0,88.8,19,3.1
2018-10-16,33,23.8,0.0,87.9,16,2.7
2018-10-17,29,16.5,0.0,83.0,15,4.2
2018-10-18,27,25.7,0.0,85.6,17,4.2
2018-10-19,35,21.4,0.0,89.2,19,2.0
2018-10-20,30,18.7,0.0,88.5,20,2.3
2018-10-21,28,24.1,0.0,85.7,21,2.7
2018-10-22,21,14.8,0.0,87.1,21,2.2
2018-10-23,22,22.7,0.0,88.7,20,2.2
2018-10-24,25,25.5,0.0,88.3,19,2.5
2018-10-25,25,18.6,0.0,86.7,20,2.4
2018-10-26,33,22.7,0.0,88.2,18,2.8
2018-10-27,37,20.4,0.0,89.5,20,2.4
2018-10-28,26,10.1,0.0,89.7,19,1.8
2018-10-29,16,23.2,0.0,86.9,18,2.8
2018-10-30,28,28.0,0.0,86.3,15,2.9
2018-10-31,32,17.6,0.0,89.6,19,3.2
2018-11-01,36,31.4,0.0,83.1,16,6.1
2018-11-02,38,26.9,0.0,67.0,17,3.7
2018-11-03,38,28.2,0.0,82.6,18,3.5
2018-11-04,51,43.3,0.0,87.8,18,4.3
2018-11-05,56,39.2,0.0,79.1,18,4.0
2018-11-06,47,33.3,0.0,85.7,20,2.2
2018-11-07,46,25.1,0.0,88.8,21,1.3
2018-11-08,30,20.0,0.0,89.2,20,1.3
2018-11-09,23,18.8,0.0,88.6,21,3.1
2018-11-10,33,24.2,0.0,87.3,18,3.5
2018-11-11,37,19.9,0.0,89.3,18,2.5
2018-11-12,17,15.6,0.0,89.5,21,2.9
2018-11-13,30,23.1,0.0,86.6,21,2.6
2018-11-14,33,20.5,0.0,86.7,21,2.3
2018-11-15,27,28.5,0.0,81.8,21,1.7
2018-11-16,19,18.2,0.0,87.3,22,1.7
2018-11-17,25,20.1,0.0,85.9,21,1.4
2018-11-18,28,16.3,0.0,86.5,21,2.1
2018-11-19,22,14.9,0.0,88.1,17,4.4
2018-11-20,20,19.1,0.0,86.6,15,1.9
2018-11-21,16,11.3,0.0,89.8,17,3.2
2018-11-22,12,13.2,0.0,89.6,19,3.0
2018-11-23,20,33.7,0.0,87.9,21,1.5
2018-11-24,18,12.8,0.0,88.4,18,1.2
2018-11-25,29,32.4,0.0,89.6,21,1.4
2018-11-26,48,58.1,0.0,90.7,21,1.1
2018-11-27,44,19.3,0.0,89.4,22,1.7
2018-11-28,32,22.3,0.0,84.5,23,3.3
2018-11-29,33,17.9,0.0,88.4,23,1.7
2018-11-30,26,21.0,0.0,79.7,22,1.0
2018-12-01,38,32.1,0.0,88.1,21,1.2
2018-12-02,48,27.8,0.0,88.3,23,1.1
2018-12-03,42,18.1,0.0,88.7,21,2.6
2018-12-04,34,24.2,0.0,89.6,22,2.7
2018-12-05,39,29.2,0.0,86.3,21,3.0
2018-12-06,39,20.9,0.0,81.5,18,3.3
2018-12-07,30,26.8,0.0,88.3,19,4.2
2018-12-08,42,25.5,0.0,83.0,20,3.5
2018-12-09,46,30.5,0.0,72.8,21,3.9
2018-12-10,46,32.0,0.0,83.9,21,3.5
2018-12-11,46,28.4,0.0,87.9,23,1.9
2018-12-12,37,13.5,0.0,83.4,23,1.7
2018-12-13,20,15.3,0.0,79.2,24,1.7
2018-12-14,19,14.5,0.0,87.8,23,1.4
2018-12-15,15,14.6,0.0,88.5,23,1.0
2018-12-16,15,13.2,0.0,88.5,24,1.5
2018-12-17,13,14.0,0.0,84.9,25,2.1
2018-12-18,19,18.4,0.0,86.3,25,3.4
2018-12-19,19,18.2,0.0,85.3,24,2.8
2018-12-20,20,19.0,0.0,89.2,22,2.8
2018-12-21,19,15.9,0.0,87.3,21,2.9
2018-12-22,20,13.8,0.0,85.5,22,1.7
2018-12-23,14,12.3,0.0,89.9,21,1.0
2018-12-24,12,13.3,0.0,90.7,21,2.0
2018-12-25,16,23.9,0.0,89.9,21,2.3
2018-12-26,44,34.2,0.0,85.5,21,4.1
2018-12-27,51,25.8,0.0,73.1,21,3.6
2018-12-28,42,41.4,0.0,74.9,22,2.6
2018-12-29,33,22.5,0.0,86.7,23,1.7
2018-12-30,27,26.2,0.0,86.8,24,2.6
2018-12-31,23,20.6,0.0,83.6,23,3.0
2019-01-01,33,20.8,0.0,79.9,23,2.8
2019-01-02,26,18.7,0.0,87.2,24,3.2
2019-01-03,25,19.9,0.0,79.7,24,3.4
2019-01-04,36,25.1,0.0,75.8,23,5.3
2019-01-05,47,34.3,0.0,86.8,25,3.1
2019-01-06,44,18.1,0.0,85.3,24,3.6
2019-01-07,26,22.3,0.0,77.7,25,3.6
2019-01-08,29,20.2,0.0,80.7,24,3.4
2019-01-09,29,24.0,0.0,84.5,25,1.5
2019-01-10,28,18.9,0.0,86.9,26,1.5
2019-01-11,26,18.2,0.0,86.0,27,2.9
2019-01-12,30,21.7,0.0,78.4,26,2.3
2019-01-13,37,27.9,0.0,79.7,25,1.7
2019-01-14,33,21.9,0.0,86.1,22,3.2
2019-01-15,19,15.2,0.0,87.9,21,3.3
2019-01-16,26,27.7,0.0,83.5,23,3.9
2019-01-17,36,23.0,0.0,80.9,23,3.8
2019-01-18,35,24.5,0.0,81.2,24,3.1
2019-01-19,30,17.9,0.0,82.7,26,2.9
2019-01-20,34,30.2,0.0,85.6,23,4.2
2019-01-21,42,29.3,0.0,69.2,24,3.6
2019-01-22,42,27.6,0.0,71.2,23,4.4
2019-01-23,39,90.8,0.0,75.8,24,3.4
2019-01-24,41,33.4,0.0,85.7,22,3.6
2019-01-25,48,32.8,0.0,82.7,23,2.5
2019-01-26,43,17.7,0.0,79.0,23,3.0
2019-01-27,20,14.5,0.0,85.6,23,3.2
2019-01-28,19,15.5,0.0,88.4,25,3.8
2019-01-29,29,24.8,0.0,87.0,29,2.7
2019-01-30,35,27.1,0.0,84.1,27,2.0
2019-01-31,33,23.0,0.0,84.7,25,2.1
2019-02-01,34,26.4,0.0,83.6,25,2.0
2019-02-02,36,32.8,0.0,86.0,26,2.5
2019-02-03,34,27.5,0.0,66.7,25,1.9
2019-02-04,38,23.3,0.0,78.5,26,1.7
2019-02-05,32,21.0,0.0,87.4,27,2.5
2019-02-06,31,18.1,0.0,87.6,27,3.2
2019-02-07,25,17.2,0.0,73.4,21,2.5
2019-02-08,23,15.9,0.0,71.7,24,2.0
2019-02-09,23,17.4,0.0,75.1,25,2.1
2019-02-10,23,20.9,0.0,81.7,26,2.6
2019-02-11,30,26.9,0.0,85.5,27,3.0
2019-02-12,27,20.5,0.0,87.4,26,2.9
2019-02-13,25,17.5,0.0,85.7,26,2.9
2019-02-14,22,16.6,0.0,86.5,27,1.8
2019-02-15,26,24.2,0.0,87.5,27,4.1
2019-02-16,37,28.3,0.0,77.2,24,4.6
2019-02-17,39,29.1,0.0,83.3,25,1.2
2019-02-18,38,18.6,0.0,85.1,24,3.1
2019-02-19,23,18.0,0.0,73.9,26,1.9
2019-02-20,30,46.5,0.0,83.3,25,1.1
2019-02-21,26,21.1,0.0,80.5,26,0.8
2019-02-22,29,21.3,0.0,89.6,22,1.2
2019-02-23,20,21.4,0.0,90.6,21,3.3
2019-02-24,28,25.8,0.0,79.3,22,3.3
2019-02-25,24,15.6,0.0,66.0,22,2.5
2019-02-26,16,14.8,0.0,67.4,24,2.2
2019-02-27,22,21.3,0.0,82.1,23,3.1
2019-02-28,32,25.1,0.0,77.5,22,4.4
2019-03-01,34,19.4,0.0,68.6,22,1.9
2019-03-02,31,19.3,0.0,81.9,24,2.1
2019-03-03,25,28.9,0.0,84.5,25,2.8
2019-03-04,31,28.3,0.0,88.5,24,3.3
2019-03-05,28,30.5,0.0,80.0,22,3.8
2019-03-06,26,22.8,0.0,88.0,25,1.1
2019-03-07,22,17.4,0.0,84.2,25,1.0
2019-03-08,20,13.6,0.0,88.4,23,2.4
2019-03-09,20,19.3,0.0,90.2,20,2.4
2019-03-10,22,14.5,0.0,87.3,23,2.5
2019-03-11,25,24.1,0.0,89.3,24,1.5
2019-03-12,25,14.9,0.0,86.6,24,1.1
2019-03-13,18,15.8,0.0,87.2,24,2.1
2019-03-14,23,20.9,5.15,89.5,26,1.1
2019-03-15,24,13.4,3.95,87.3,25,1.7
2019-03-16,19,18.4,5.0,83.9,26,1.5
2019-03-17,22,22.5,8.966666667,87.2,26,0.8
2019-03-18,31,21.4,4.466666667,82.6,24,0.8
2019-03-19,25,17.2,4.566666667,85.9,21,0.9
2019-03-20,22,18.0,5.433333333,85.8,23,1.0
2019-03-21,25,19.6,6.05,89.4,25,1.4
2019-03-22,21,19.3,4.316666667,87.2,24,1.0
2019-03-23,20,17.8,11.63333333,90.2,24,2.3
2019-03-24,21,16.2,3.0,88.3,23,1.3
2019-03-25,17,14.4,3.5,80.1,24,1.2
2019-03-26,17,14.8,1.483333333,74.7,24,1.7
2019-03-27,19,16.4,3.133333333,75.1,23,2.2
2019-03-28,21,16.5,2.65,89.0,23,3.2
2019-03-29,17,13.4,2.65,89.0,24,1.9
2019-03-30,19,18.5,3.466666667,77.5,24,1.9
2019-03-31,22,20.2,4.85,83.0,24,2.0
2019-04-01,36,26.8,9.233333333,89.1,22,2.4
2019-04-02,30,22.7,6.883333333,87.2,21,3.4
2019-04-03,31,18.7,6.1,81.7,19,1.0
2019-04-04,21,19.1,5.233333333,82.0,22,2.1
2019-04-05,22,19.2,6.016666667,87.7,22,2.1
2019-04-06,23,14.4,9.083333333,89.6,16,1.8
2019-04-07,18,15.6,5.466666667,90.2,18,3.0
2019-04-08,0,14.2,5.45,89.6,19,3.6
2019-04-09,0,32.3,8.05,83.9,21,2.5
2019-04-10,0,12.8,4.8,89.8,22,1.6
2019-04-11,0,16.4,4.02,88.0,22,3.3
2019-04-12,0,20.2,5.56,86.0,19,3.1
2019-04-13,0,19.2,11.26666667,88.1,17,3.1
2019-04-14,0,24.8,9.16,87.3,20,3.2
2019-04-15,0,18.5,7.98,89.6,21,2.3
2019-04-16,0,25.9,11.04,87.7,21,1.2
2019-04-17,0,20.2,9.15,88.1,20,1.1
2019-04-18,0,17.3,22.3,87.8,21,1.6
2019-04-19,0,25.5,16.83333333,88.5,20,1.0
2019-04-20,0,30.8,14.08,87.8,21,1.2
2019-04-21,0,21.7,15.12,89.4,20,2.2
2019-04-22,0,10.3,7.416666667,89.5,19,2.1
2019-04-23,0,16.0,7.08,90.4,19,2.1
2019-04-24,0,25.4,9.36,90.9,20,3.5
2019-04-25,0,14.7,3.433333333,89.2,20,2.6
2019-04-26,0,15.5,3.76,87.9,20,3.0
2019-04-27,0,17.2,4.666666667,89.9,22,1.8
2019-04-28,0,12.9,6.466666667,89.7,19,1.8
2019-04-29,0,27.4,8.02,90.7,19,3.3
2019-04-30,0,25.5,12.44,81.8,18,2.9
2019-05-01,0,27.9,16.31666667,88.3,18,2.6
2019-05-02,0,27.8,10.63333333,89.4,18,3.2
2019-05-03,0,25.8,10.06,90.1,20,2.0
2019-05-04,0,23.2,12.33333333,90.2,20,1.7
2019-05-05,0,21.4,13.58333333,90.7,20,1.0
2019-05-06,0,20.3,10.34,89.5,19,1.2
2019-05-07,0,21.4,5.44,89.6,20,1.1
2019-05-08,0,20.7,6.45,87.6,20,1.0
2019-05-09,0,12.9,3.2,88.2,21,1.1
2019-05-10,0,21.0,10.38,89.6,21,2.2
2019-05-11,0,23.9,14.42,90.7,20,1.7
2019-05-12,0,27.7,8.683333333,89.8,21,3.4
2019-05-13,0,41.7,12.68333333,81.3,18,4.6
2019-05-14,0,26.6,11.68,87.9,17,1.4
2019-05-15,0,23.9,6.55,87.9,20,3.3
2019-05-16,0,24.5,7.383333333,86.6,18,3.3
2019-05-17,0,30.1,22.82,84.9,17,3.0
2019-05-18,0,33.3,17.21666667,87.1,17,2.1
2019-05-19,0,24.9,6.3,88.8,18,3.3
2019-05-20,0,24.9,6.916666667,84.4,17,3.4
2019-05-21,0,17.6,5.533333333,83.5,17,2.0
2019-05-22,0,20.5,13.94,87.7,17,2.1
2019-05-23,0,23.6,21.44,90.7,17,2.2
2019-05-24,0,26.2,19.14,90.2,19,0.9
2019-05-25,0,44.3,34.88,90.2,19,1.1
2019-05-26,0,37.1,36.08333333,89.0,19,1.1
2019-05-27,0,17.1,9.8,90.4,20,1.1
2019-05-28,0,23.3,7.24,89.5,20,3.2
2019-05-29,0,26.3,11.52,88.3,19,2.5
2019-05-30,0,17.1,9.9,90.7,20,2.8
2019-05-31,0,21.5,8.216666667,88.5,17,2.4
2019-06-01,0,22.7,11.76,75.2,15,2.7
2019-06-02,0,27.6,18.14,88.9,14,3.7
2019-06-03,0,58.3,83.42,89.0,14,1.5
2019-06-04,0,58.5,84.86666667,86.3,16,2.2
2019-06-05,0,29.4,18.98,89.5,16,2.2
2019-06-06,0,19.6,19.78333333,90.1,15,4.0
2019-06-07,0,24.5,13.84,88.7,13,3.3
2019-06-08,0,42.8,17.9,71.2,17,5.7
2019-06-09,0,52.6,37.94,86.6,16,2.8
2019-06-10,0,32.3,25.24,86.8,16,1.6
2019-06-11,0,27.7,31.26,90.4,16,1.5
2019-06-12,0,20.8,19.46,88.5,17,1.4
2019-06-13,0,48.7,56.66666667,90.6,16,0.9
2019-06-14,0,45.5,46.44,90.6,17,2.3
2019-06-15,0,13.6,4.75,85.9,17,2.4
2019-06-16,0,18.4,8.06,83.6,17,2.8
2019-06-17,0,19.0,7.48,85.1,15,2.6
2019-06-18,0,54.2,53.82,90.0,15,1.4
2019-06-19,0,44.4,47.61666667,90.6,15,1.2
2019-06-20,0,11.6,2.76,88.8,16,1.4
2019-06-21,0,37.9,24.73333333,90.1,17,2.7
2019-06-22,0,77.3,83.78333333,90.8,14,0.8
2019-06-23,0,68.9,56.08333333,88.1,16,2.2
2019-06-24,0,20.1,20.46666667,90.5,15,2.1
2019-06-25,0,38.9,40.54,87.4,16,1.3
2019-06-26,0,54.1,98.56666667,90.4,15,1.4
2019-06-27,0,57.2,119.5666667,90.2,16,1.0
2019-06-28,0,46.5,46.02,90.3,16,1.0
2019-06-29,0,46.2,30.83333333,88.6,16,1.0
2019-06-30,0,46.0,72.55,90.2,15,1.1
2019-07-01,0,20.7,28.28333333,87.5,17,1.2
2019-07-02,0,17.8,3.52,85.7,17,1.4
2019-07-03,0,24.9,8.36,88.2,18,1.1
2019-07-04,0,16.8,5.96,90.6,17,3.0
2019-07-05,0,21.5,18.6,86.9,12,2.6
2019-07-06,0,64.2,81.38333333,90.4,14,3.5
2019-07-07,0,85.0,110.42,90.8,14,1.6
2019-07-08,0,25.0,10.2,87.9,15,3.9
2019-07-09,0,29.8,33.23333333,90.9,14,2.4
2019-07-10,0,36.7,41.56666667,91.0,16,1.6
2019-07-11,0,31.2,16.33333333,90.5,16,1.4
2019-07-12,0,28.9,15.35,91.4,15,1.6
2019-07-13,0,19.6,7.94,91.0,18,1.9
2019-07-14,0,21.2,19.16,87.9,17,2.3
2019-07-15,0,25.4,5.48,88.9,16,1.9
2019-07-16,0,19.7,10.9,86.9,15,2.9
2019-07-17,0,27.6,8.816666667,88.4,16,3.4
2019-07-18,0,19.9,21.8,90.4,16,1.6
2019-07-19,0,22.7,13.88,90.8,15,2.5
2019-07-20,0,51.9,71.48333333,89.5,15,2.0
2019-07-21,0,77.1,76.56,91.0,15,1.5
2019-07-22,0,54.7,43.68333333,90.8,16,2.0
2019-07-23,0,38.9,39.1,90.7,16,2.1
2019-07-24,0,79.1,126.35,90.1,15,1.5
2019-07-25,0,69.6,50.8,90.8,15,0.9
2019-07-26,0,13.0,3.333333333,87.4,16,1.9
2019-07-27,0,27.8,20.76,90.0,17,1.8
2019-07-28,0,26.6,32.21666667,90.5,16,1.4
2019-07-29,0,17.4,7.62,89.7,18,1.2
2019-07-30,0,16.0,4.06,90.8,16,2.7
2019-07-31,0,24.4,7.3,88.0,13,2.2
2019-08-01,0,30.5,25.06,90.9,12,3.8
2019-08-02,0,29.3,9.36,79.2,15,3.8
2019-08-03,0,23.8,6.783333333,80.5,15,4.4
2019-08-04,0,20.1,6.62,84.3,14,3.6
2019-08-05,0,21.3,6.02,76.5,12,3.9
2019-08-06,0,21.7,11.42,84.3,14,2.9
2019-08-07,0,14.5,5.78,88.1,16,2.4
2019-08-08,0,12.2,5.06,89.4,16,1.8
2019-08-09,0,14.9,7.06,89.6,15,1.4
2019-08-10,0,29.9,11.1,87.9,18,2.6
2019-08-11,0,26.6,8.4,84.0,19,3.4
2019-08-12,0,26.0,8.58,89.1,16,3.4
2019-08-13,0,19.3,6.95,88.3,15,3.3
2019-08-14,0,45.9,8.52,84.8,15,3.7
2019-08-15,0,25.4,18.8,89.7,14,2.4
2019-08-16,0,22.8,14.18333333,88.2,14,2.7
2019-08-17,0,16.0,8.42,89.4,16,2.6
2019-08-18,0,24.5,20.18,89.6,11,1.2
2019-08-19,0,17.0,6.36,82.4,14,2.6
2019-08-20,0,16.0,6.333333333,89.0,15,1.4
2019-08-21,0,20.7,10.13333333,88.2,15,4.2
2019-08-22,0,89.8,17.42,84.9,15,3.4
2019-08-23,0,17.5,6.76,88.1,14,1.9
2019-08-24,0,22.4,10.48333333,87.0,15,5.7
2019-08-25,0,24.3,6.533333333,81.6,16,3.6
2019-08-26,0,33.8,9.866666667,81.7,16,3.8
2019-08-27,0,27.0,11.42,79.7,15,3.5
2019-08-28,0,33.4,31.9,86.8,15,3.1
2019-08-29,0,42.2,58.36666667,89.5,16,2.7
2019-08-30,0,19.0,6.78,89.7,16,1.8
2019-08-31,0,18.7,8.12,86.7,15,4.1
2019-09-01,0,26.6,17.25,88.9,16,1.0
2019-09-02,0,23.7,14.14,87.9,17,1.4
2019-09-03,0,15.4,3.416666667,88.9,16,2.6
2019-09-04,0,15.2,4.483333333,88.6,19,1.7
2019-09-05,0,20.0,5.583333333,87.3,17,4.8
2019-09-06,0,23.4,8.383333333,85.3,14,4.5
2019-09-07,0,25.1,8.52,83.7,16,3.8
2019-09-08,0,32.0,12.15,87.9,18,3.3
2019-09-09,0,26.9,7.65,90.1,18,2.9
2019-09-10,0,12.1,6.36,84.5,15,4.1
2019-09-11,0,19.4,4.28,81.7,15,4.4
2019-09-12,0,38.6,8.28,73.7,16,3.6
2019-09-13,0,28.5,6.24,87.3,17,2.4
2019-09-14,0,23.6,5.383333333,87.8,17,2.1
2019-09-15,0,24.8,18.24,88.1,17,1.9
2019-09-16,0,17.4,15.28,89.8,16,3.3
2019-09-17,0,24.9,6.24,82.5,18,3.6
2019-09-18,0,29.9,11.78,79.1,17,2.7
2019-09-19,0,33.4,8.816666667,87.6,17,1.4
2019-09-20,0,30.6,12.08,89.6,17,2.2
2019-09-21,0,22.5,11.25,88.1,17,3.5
2019-09-22,0,14.4,5.92,88.6,16,3.2
2019-09-23,0,14.8,3.2,73.4,17,2.9
2019-09-24,0,24.6,6.52,86.4,16,4.9
2019-09-25,0,24.2,6.083333333,75.4,15,3.7
2019-09-26,0,30.6,7.6,71.1,14,4.8
2019-09-27,0,29.0,8.42,82.0,17,3.6
2019-09-28,0,42.1,4.84,83.2,16,3.5
2019-09-29,0,12.2,4.48,88.4,19,2.5
2019-09-30,0,23.5,5.083333333,85.3,18,3.5
2019-10-01,0,16.1,3.716666667,84.4,16,4.0
2019-10-02,0,32.2,11.34,76.9,15,4.3
2019-10-03,0,26.6,7.633333333,86.6,14,3.2
2019-10-04,0,18.3,4.25,87.5,16,3.1
2019-10-05,0,17.8,5.816666667,84.4,17,2.9
2019-10-06,0,18.8,4.76,85.6,17,2.4
2019-10-07,0,15.7,3.54,88.9,17,1.0
2019-10-08,0,16.7,4.9,90.0,18,2.3
2019-10-09,0,14.6,9.3,89.5,20,1.2
2019-10-10,0,26.7,5.12,87.1,18,1.7
2019-10-11,0,20.4,7.183333333,89.2,18,1.6
2019-10-12,0,18.8,4.8,83.7,19,3.0
2019-10-13,0,13.7,4.86,88.1,19,2.7
2019-10-14,0,16.3,4.433333333,86.1,16,4.4
2019-10-15,0,16.8,5.26,87.6,19,4.1
2019-10-16,0,28.2,7.4,82.8,17,6.2
2019-10-17,0,26.1,5.45,84.8,17,3.7
2019-10-18,23,16.1,3.283333333,88.5,20,2.1
2019-10-19,35,70.7,8.283333333,84.9,18,2.8
2019-10-20,38,20.9,6.483333333,74.0,18,2.4
2019-10-21,30,22.9,5.083333333,81.5,18,3.8
2019-10-22,31,24.5,5.783333333,81.4,17,3.7
2019-10-23,31,26.9,10.01666667,76.5,15,5.9
2019-10-24,41,31.4,7.416666667,76.9,17,3.8
2019-10-25,51,32.3,8.85,69.0,16,4.3
2019-10-26,51,29.6,9.033333333,78.6,17,4.4
2019-10-27,45,32.4,3.616666667,83.6,22,2.8
2019-10-28,24,16.9,3.55,85.0,20,2.6
2019-10-29,21,17.7,4.866666667,85.4,17,3.6
2019-10-30,35,22.5,5.366666667,70.9,17,4.1
2019-10-31,51,31.8,10.73333333,79.9,18,3.5
2019-11-01,52,28.6,6.433333333,64.8,17,4.3
2019-11-02,42,26.6,6.633333333,77.4,18,3.7
2019-11-03,36,21.2,5.466666667,81.9,21,3.2
2019-11-04,34,23.8,6.85,84.6,24,3.5
2019-11-05,47,91.4,32.58333333,85.3,27,2.0
2019-11-06,75,71.2,26.58333333,79.8,25,1.0
2019-11-07,52,17.5,4.3,87.3,23,1.4
2019-11-08,34,24.7,5.633333333,87.2,22,2.2
2019-11-09,35,23.0,4.566666667,82.0,21,0.8
2019-11-10,33,20.8,5.166666667,87.9,21,2.9
2019-11-11,33,36.9,8.6,81.0,18,3.9
2019-11-12,35,53.5,4.033333333,83.4,17,3.4
2019-11-13,30,19.2,4.8,84.1,20,2.5
2019-11-14,33,25.0,6.6,85.8,20,2.9
2019-11-15,47,28.2,7.833333333,77.7,19,3.1
2019-11-16,46,28.5,6.8,86.0,21,2.5
2019-11-17,32,26.1,7.466666667,87.4,21,2.3
2019-11-18,38,30.5,10.23333333,88.7,21,4.0
2019-11-19,31,18.7,7.25,88.1,18,2.2
2019-11-20,25,24.6,6.133333333,85.3,20,3.1
2019-11-21,33,25.4,5.25,76.6,18,4.0
2019-11-22,39,28.8,7.116666667,84.0,19,4.3
2019-11-23,38,27.4,8.583333333,78.8,21,4.2
2019-11-24,42,28.4,11.65,83.1,20,3.8
2019-11-25,38,28.1,8.2,84.5,21,3.4
2019-11-26,46,28.8,10.8,82.5,22,1.7
2019-11-27,46,35.4,14.45,85.1,23,1.8
2019-11-28,51,29.0,14.11666667,82.6,23,1.4
2019-11-29,39,22.0,5.3,81.8,24,1.6
2019-11-30,29,20.2,4.383333333,86.3,23,1.5
2019-12-01,22,18.7,3.433333333,86.0,23,2.2
2019-12-02,23,19.5,4.683333333,83.7,23,1.7
2019-12-03,39,32.5,7.783333333,83.1,23,3.3
2019-12-04,53,36.1,7.916666667,87.3,24,2.0
2019-12-05,60,51.8,7.85,84.1,27,1.9
2019-12-06,96,65.3,9.916666667,87.4,24,1.4
2019-12-07,84,29.6,5.866666667,86.8,25,1.4
2019-12-08,33,19.7,9.683333333,85.4,24,2.7
2019-12-09,33,28.6,10.03333333,80.6,21,3.6
2019-12-10,33,19.8,3.566666667,71.9,23,3.4
2019-12-11,27,22.0,4.0,76.5,23,3.5
2019-12-12,41,26.1,7.783333333,83.9,26,1.6
2019-12-13,40,22.3,3.983333333,80.5,23,3.2
2019-12-14,26,21.4,6.133333333,87.6,23,2.6
2019-12-15,23,16.1,3.0,82.8,23,1.6
2019-12-16,21,17.2,3.3,84.8,23,1.6
2019-12-17,27,25.3,5.85,87.2,22,2.8
2019-12-18,46,44.4,11.56666667,85.3,20,4.3
2019-12-19,60,33.3,7.016666667,67.8,21,2.7
2019-12-20,46,27.3,7.8,84.2,22,3.9
2019-12-21,32,19.1,4.45,84.2,21,3.5
2019-12-22,24,27.2,4.183333333,73.1,21,4.5
2019-12-23,35,28.8,8.816666667,80.1,20,3.8
2019-12-24,53,46.7,9.783333333,81.7,23,2.9
2019-12-25,52,31.5,7.8,81.7,22,2.3
2019-12-26,43,22.5,6.116666667,82.8,23,2.0
2019-12-27,36,23.8,4.95,81.5,21,3.2
2019-12-28,31,25.6,6.433333333,78.3,20,4.6
2019-12-29,39,22.1,4.25,66.2,20,3.6
2019-12-30,34,26.8,11.03333333,75.4,22,3.0
2019-12-31,35,22.7,11.95,75.8,25,2.2
2020-01-01,38,33.4,16.4,83.4,22,2.7
2020-01-02,27,12.7,5.1,72.3,21,3.9
2020-01-03,36,25.7,22.41666667,77.7,22,4.2
2020-01-04,48,29.3,7.383333333,69.4,20,5.3
2020-01-05,49,43.3,11.45,75.2,20,3.2
2020-01-06,56,43.5,16.33333333,86.1,20,5.0
2020-01-07,59,31.6,8.316666667,69.5,19,3.9
2020-01-08,43,21.0,6.116666667,83.1,20,3.0
2020-01-09,35,57.4,5.85,77.3,20,3.4
2020-01-10,39,24.4,6.5,74.8,21,3.9
2020-01-11,32,43.7,4.9,84.2,24,2.1
2020-01-12,28,14.2,6.416666667,85.0,26,2.4
2020-01-13,27,28.6,7.416666667,84.7,25,2.8
2020-01-14,34,32.4,6.2,85.9,20,1.7
2020-01-15,23,14.4,4.266666667,85.2,23,1.6
2020-01-16,17,14.0,3.016666667,78.1,23,1.7
2020-01-17,13,18.0,7.333333333,67.8,23,2.2
2020-01-18,23,20.5,3.316666667,82.8,24,2.7
2020-01-19,25,25.1,4.666666667,82.9,26,3.2
2020-01-20,25,30.4,6.95,86.5,28,2.1
2020-01-21,29,35.9,4.033333333,78.7,24,2.4
2020-01-22,24,15.1,3.633333333,76.5,23,2.8
2020-01-23,15,14.5,3.133333333,82.7,24,2.7
2020-01-24,21,16.6,3.833333333,86.7,27,2.8
2020-01-25,21,17.3,3.716666667,86.4,24,3.5
2020-01-26,20,15.6,3.133333333,78.5,26,3.5
2020-01-27,21,19.4,3.433333333,79.4,26,3.1
2020-01-28,22,20.6,2.983333333,85.6,25,2.1
2020-01-29,24,20.0,3.466666667,82.1,27,2.7
2020-01-30,25,17.9,3.716666667,85.5,27,2.6
2020-01-31,23,17.1,5.65,76.4,25,3.4
2020-02-01,39,28.4,13.25,80.7,25,3.7
2020-02-02,40,17.4,4.216666667,79.6,25,3.5
2020-02-03,19,15.8,3.683333333,84.7,27,2.9
2020-02-04,19,20.3,4.55,85.6,29,2.2
2020-02-05,43,30.1,6.283333333,68.3,22,3.4
2020-02-06,66,316.9,4.883333333,78.6,22,4.0
2020-02-07,54,28.2,4.816666667,77.1,25,2.6
2020-02-08,44,82.5,4.633333333,82.1,24,3.4
2020-02-09,48,126.3,7.9,67.6,22,3.1
2020-02-10,44,31.3,6.233333333,79.9,23,2.7
2020-02-11,37,28.2,6.633333333,84.6,24,2.7
2020-02-12,22,19.7,4.383333333,83.3,26,2.0
2020-02-13,30,22.6,5.283333333,85.5,26,2.9
2020-02-14,30,17.5,5.3,81.8,28,1.7
2020-02-15,32,23.5,4.95,72.4,24,1.1
2020-02-16,38,76.0,3.45,75.7,25,0.9
2020-02-17,37,21.9,4.016666667,82.4,26,2.0
2020-02-18,29,22.3,3.5,80.8,27,1.7
2020-02-19,29,26.0,6.7,80.2,27,2.8
2020-02-20,28,22.3,3.783333333,83.8,28,3.0
2020-02-21,21,15.7,3.1,84.5,27,1.7
2020-02-22,17,15.6,3.45,86.3,24,2.3
2020-02-23,20,18.8,2.8,81.0,22,5.0
2020-02-24,19,26.1,3.483333333,69.2,25,2.6
2020-02-25,29,32.5,8.4,82.6,25,2.5
2020-02-26,31,22.1,6.4,85.6,27,2.3
2020-02-27,31,20.5,6.183333333,80.7,27,1.7
2020-02-28,26,23.8,6.383333333,84.2,27,1.9
2020-02-29,24,19.4,4.033333333,85.0,26,2.4
2020-03-01,36,52.2,8.15,83.5,25,1.6
2020-03-02,44,24.7,5.533333333,73.2,24,1.3
2020-03-03,34,22.5,3.116666667,82.7,25,0.7
2020-03-04,32,33.6,7.566666667,88.6,24,3.4
2020-03-05,38,25.4,7.3,72.8,23,1.7
2020-03-06,21,23.5,2.35,72.3,23,2.6
2020-03-07,18,16.4,2.35,67.3,24,2.3
2020-03-08,17,18.9,2.5,82.0,24,1.5
2020-03-09,25,40.2,3.416666667,87.4,24,1.9
2020-03-10,25,15.9,2.633333333,84.9,23,3.2
2020-03-11,17,27.2,3.683333333,88.2,22,2.3
2020-03-12,16,17.0,4.75,88.2,23,1.3
2020-03-13,14,12.7,7.416666667,79.4,23,1.7
2020-03-14,14,14.8,2.666666667,83.2,24,1.6
2020-03-15,19,16.3,3.966666667,87.4,25,3.0
2020-03-16,22,24.0,7.2,86.0,21,2.3
2020-03-17,26,16.9,4.066666667,72.6,23,2.9
2020-03-18,25,17.5,4.75,78.2,21,2.0
2020-03-19,20,16.8,5.5,83.0,21,2.9
2020-03-20,21,15.6,15.45,84.5,22,2.4
2020-03-21,20,18.4,4.1,89.1,23,1.4
2020-03-22,21,16.7,2.65,85.7,25,2.6
2020-03-23,21,53.5,4.483333333,85.2,22,3.0
2020-03-24,31,59.8,7.3,86.6,18,3.9
2020-03-25,30,17.1,6.05,89.2,21,2.3
2020-03-26,18,15.1,5.2,87.7,21,2.4
2020-03-27,15,15.2,3.916666667,84.3,20,2.3
2020-03-28,15,12.9,3.766666667,81.1,18,4.3
2020-03-29,14,11.9,4.266666667,79.3,21,1.6
2020-03-30,11,11.4,2.816666667,84.1,23,1.5
2020-03-31,13,11.9,5.25,88.5,24,1.9
2020-04-01,15,10.3,4.8,89.0,24,1.9
2020-04-02,14,11.5,5.816666667,89.1,23,2.6
2020-04-03,15,20.9,2.983333333,88.3,23,1.2
2020-04-04,14,8.4,4.85,88.5,22,2.1
2020-04-05,10,11.7,1.983333333,78.1,22,1.2
2020-04-06,13,10.9,3.8,72.4,21,1.2
2020-04-07,14,8.6,3.566666667,82.3,22,1.4
2020-04-08,12,14.5,3.133333333,78.3,22,2.9
2020-04-09,25,38.8,4.133333333,73.7,18,4.3
2020-04-10,25,13.4,3.633333333,85.1,19,3.4
2020-04-11,13,10.6,3.95,86.9,21,1.4
2020-04-12,13,14.0,4.583333333,87.3,22,2.1
2020-04-13,23,23.1,7.983333333,88.7,21,3.7
2020-04-14,32,28.8,6.3,78.2,17,4.4
2020-04-15,31,17.4,6.133333333,85.4,17,3.3
2020-04-16,21,14.7,5.4,81.6,19,2.5
2020-04-17,23,17.2,4.816666667,81.7,22,2.9
2020-04-18,22,19.6,7.85,86.6,22,2.5
2020-04-19,26,20.8,5.7,90.2,21,2.2
2020-04-20,19,20.2,9.616666667,90.7,20,1.1
2020-04-21,21,15.1,9.383333333,89.6,18,1.6
2020-04-22,20,13.9,8.15,90.9,20,1.7
2020-04-23,17,13.9,4.85,85.6,21,1.1
2020-04-24,17,22.3,4.533333333,84.0,22,3.4
2020-04-25,18,15.0,6.5,88.3,19,3.2
2020-04-26,21,17.7,15.61666667,89.5,20,2.1
2020-04-27,23,16.1,13.55,90.0,21,1.4
2020-04-28,29,22.3,13.06666667,88.7,19,3.9
2020-04-29,31,17.2,8.6,88.7,21,1.1
2020-04-30,22,15.0,17.46666667,90.2,19,1.0
2020-05-01,20,13.0,10.1,85.5,19,1.3
2020-05-02,18,17.4,4.65,87.2,20,1.2
2020-05-03,35,22.5,9.416666667,89.9,19,2.7
2020-05-04,34,17.2,6.516666667,91.2,20,2.7
2020-05-05,19,15.5,8.416666667,82.8,17,2.5
2020-05-06,18,18.1,24.33333333,85.7,15,4.0
2020-05-07,24,19.0,20.03333333,88.6,18,2.8
2020-05-08,24,19.5,19.23333333,87.5,19,2.9
2020-05-09,30,33.3,38.9,90.8,19,2.1
2020-05-10,33,22.2,27.0,88.4,21,1.0
2020-05-11,25,18.7,4.066666667,86.1,18,1.2
2020-05-12,15,11.1,7.216666667,81.9,18,2.0
2020-05-13,16,15.0,35.78333333,85.6,17,2.2
2020-05-14,20,22.1,15.48333333,88.2,18,2.4
2020-05-15,30,22.7,15.76666667,89.5,19,1.6
2020-05-16,30,20.1,18.4,86.7,20,1.1
2020-05-17,22,19.6,14.83333333,86.7,19,1.8
2020-05-18,18,26.8,27.63333333,84.9,18,1.9
2020-05-19,29,36.5,20.01666667,89.4,18,1.6
2020-05-20,30,30.7,26.68333333,85.1,16,1.0
2020-05-21,29,23.4,36.43333333,88.0,18,1.0
2020-05-22,30,29.5,32.28333333,84.8,18,1.5
2020-05-23,32,49.2,46.85,89.8,14,1.6
2020-05-24,33,12.8,14.31666667,88.5,17,1.0
2020-05-25,17,16.1,5.583333333,89.9,19,2.0
2020-05-26,10,10.0,4.816666667,90.3,19,1.5
2020-05-27,13,19.5,14.16666667,87.8,15,1.4
2020-05-28,21,19.1,16.55,89.1,17,0.7
2020-05-29,19,14.5,6.233333333,88.9,16,1.9
2020-05-30,13,17.4,21.31666667,90.6,19,3.1
2020-05-31,14,11.1,6.483333333,86.5,16,2.4
2020-06-01,11,9.0,3.233333333,86.3,17,2.6
2020-06-02,25,19.3,13.4,83.9,18,3.3
2020-06-03,28,22.9,22.41666667,90.4,18,2.5
2020-06-04,27,22.0,7.183333333,82.8,19,2.5
2020-06-05,26,13.5,7.6,85.7,17,1.7
2020-06-06,24,66.4,12.43333333,86.1,16,2.6
2020-06-07,24,13.9,11.86666667,89.8,15,3.0
2020-06-08,21,33.9,31.76666667,88.9,15,2.5
2020-06-09,23,17.6,12.05,90.0,16,2.6
2020-06-10,32,31.6,33.23333333,90.7,16,1.7
2020-06-11,36,37.7,23.88333333,89.7,16,2.2
2020-06-12,22,34.6,47.8,88.2,17,2.4
2020-06-13,36,47.7,59.01666667,90.3,17,0.8
2020-06-14,28,11.6,4.183333333,83.2,16,0.8
2020-06-15,15,15.7,6.45,89.4,17,0.9
2020-06-16,11,10.7,3.133333333,75.7,17,0.7
2020-06-17,10,9.0,2.616666667,84.7,18,1.1
2020-06-18,12,11.8,6.816666667,89.6,16,2.1
2020-06-19,13,15.0,22.8,89.1,16,1.4
2020-06-20,18,22.4,18.55,88.9,18,1.4
2020-06-21,17,8.5,6.766666667,86.3,16,1.7
2020-06-22,21,27.2,32.1,86.5,19,2.6
2020-06-23,28,19.6,16.7,89.5,18,1.7
2020-06-24,23,19.0,3.75,86.1,16,3.1
2020-06-25,19,16.5,12.78333333,90.5,16,2.4
2020-06-26,18,18.3,7.633333333,90.5,17,2.6
2020-06-27,20,18.8,9.783333333,88.7,18,1.9
2020-06-28,18,19.6,8.116666667,87.8,15,2.4
2020-06-29,19,12.8,8.483333333,87.7,15,2.3
2020-06-30,15,21.3,18.26666667,89.4,14,2.3
2020-07-01,25,39.3,46.98333333,86.7,13,2.6
2020-07-02,36,66.4,21.26666667,89.6,14,3.7
2020-07-03,35,28.0,6.116666667,88.2,14,2.0
2020-07-04,42,24.5,0.0,81.6,15,2.0
2020-07-05,21,25.3,0.0,87.5,17,2.3
2020-07-06,25,15.2,0.0,89.6,13,1.7
2020-07-07,28,48.8,34.26666667,88.4,15,3.5
2020-07-08,27,14.1,4.583333333,85.6,12,3.4
2020-07-09,27,48.2,0.0,87.9,13,2.5
2020-07-10,51,45.4,0.0,90.4,14,1.5
2020-07-11,44,33.8,0.0,90.6,14,1.8
2020-07-12,29,13.1,0.0,90.6,15,2.4
2020-07-13,17,22.4,0.0,89.6,18,1.7
2020-07-14,21,18.5,0.0,90.1,15,0.9
2020-07-15,15,7.6,0.0,90.5,15,3.3
2020-07-16,9,9.3,0.0,84.8,16,3.3
2020-07-17,10,12.3,0.0,89.1,17,2.5
2020-07-18,12,14.5,0.0,89.0,18,1.1
2020-07-19,14,16.2,0.0,87.1,17,2.3
2020-07-20,14,15.0,2.25,89.1,18,1.3
2020-07-21,12,16.1,7.35,89.7,16,1.8
2020-07-22,25,22.5,9.366666667,84.1,14,4.4
2020-07-23,29,22.2,6.533333333,79.1,16,3.1
2020-07-24,28,19.6,6.416666667,84.7,14,3.3
2020-07-25,22,21.1,24.18333333,87.8,14,3.1
2020-07-26,28,35.0,68.55,90.2,15,2.8
2020-07-27,35,31.4,34.71666667,89.1,16,1.2
2020-07-28,29,20.0,43.43333333,88.9,17,1.0
2020-07-29,18,18.1,9.333333333,88.6,16,1.0
2020-07-30,16,9.8,3.05,83.0,15,1.2
2020-07-31,13,15.5,3.933333333,74.3,16,1.3
2020-08-01,46,804.9,4.15,78.3,16,1.9
2020-08-02,90,406.5,7.05,80.5,15,2.2
2020-08-03,90,16.1,10.2,87.2,17,2.0
2020-08-04,21,27.2,28.96666667,90.2,18,1.2
2020-08-05,32,30.1,35.86666667,90.0,17,1.2
2020-08-06,29,10.6,2.85,88.1,16,1.0
2020-08-07,16,18.5,18.9,90.0,17,2.9
2020-08-08,19,18.6,9.366666667,89.2,15,2.9
2020-08-09,23,19.7,32.36666667,89.4,15,2.8
2020-08-10,22,41.1,55.83333333,89.2,15,1.8
2020-08-11,29,24.7,28.75,88.6,17,3.1
2020-08-12,21,15.3,15.01666667,89.1,18,3.0
2020-08-13,21,16.1,8.25,86.9,16,2.6
2020-08-14,20,26.8,27.51666667,87.0,14,2.0
2020-08-15,22,34.8,60.76666667,87.1,15,2.0
2020-08-16,29,23.7,29.01666667,89.4,14,1.2
2020-08-17,22,16.8,10.08333333,87.9,14,1.7
2020-08-18,19,19.4,4.916666667,76.4,15,1.7
2020-08-19,26,19.8,7.266666667,88.8,16,1.8
2020-08-20,23,22.8,8.816666667,89.0,19,3.7
2020-08-21,28,19.0,6.85,84.7,18,3.7
2020-08-22,23,16.8,5.45,90.4,18,1.7
2020-08-23,22,16.6,4.783333333,89.0,17,2.1
2020-08-24,21,22.2,29.78333333,86.2,15,3.0
2020-08-25,19,15.5,5.266666667,86.3,15,3.8
2020-08-26,22,19.0,9.216666667,83.3,14,3.4
2020-08-27,22,17.5,45.31666667,83.3,15,3.3
2020-08-28,18,26.7,31.7,87.8,16,2.3
2020-08-29,19,27.7,30.65,89.5,18,2.0
2020-08-30,30,30.8,35.46666667,90.5,18,3.7
2020-08-31,27,21.5,0.0,84.8,16,3.0
2020-09-01,25,13.3,6.0,84.5,18,3.1
2020-09-02,21,17.8,14.7,83.4,14,3.9
2020-09-03,21,16.7,22.8,82.8,14,3.4
2020-09-04,32,74.3,37.6,87.5,15,2.6
2020-09-05,52,126.8,32.63333333,84.1,15,2.7
2020-09-06,31,29.9,23.56666667,86.0,16,3.2
2020-09-07,19,11.6,5.95,87.9,16,2.5
2020-09-08,18,19.1,13.11666667,80.6,16,1.9
2020-09-09,25,19.4,29.45,87.1,15,2.4
2020-09-10,20,9.8,4.2,86.7,16,2.1
2020-09-11,21,23.8,6.233333333,76.6,15,2.8
2020-09-12,21,18.7,7.516666667,77.7,15,3.2
2020-09-13,18,14.1,12.33333333,77.9,15,3.4
2020-09-14,16,11.5,3.633333333,73.3,15,2.9
2020-09-15,25,22.0,8.566666667,82.7,17,3.8
2020-09-16,27,0.0,10.35,79.5,17,4.1
2020-09-17,0,23.8,13.63333333,81.3,17,2.5
2020-09-18,32,20.9,7.533333333,82.9,16,4.9
2020-09-19,30,23.4,6.216666667,87.1,15,3.4
2020-09-20,28,29.2,0.0,89.9,17,1.7
2020-09-21,21,10.5,0.0,89.0,18,1.6
2020-09-22,12,9.4,0.0,90.0,17,1.3
2020-09-23,10,10.5,2.433333333,87.9,20,2.7
2020-09-24,13,15.0,5.366666667,81.7,18,2.9
2020-09-25,18,14.5,8.416666667,85.3,20,3.0
2020-09-26,20,14.8,7.983333333,89.1,19,1.7
2020-09-27,29,26.6,9.366666667,86.6,19,4.1
2020-09-28,33,17.8,8.033333333,79.7,16,3.6
2020-09-29,28,19.4,8.1,75.8,15,4.0
2020-09-30,28,19.4,10.6,81.7,15,3.5
2020-10-01,20,21.0,11.8,87.3,17,2.0
2020-10-02,19,12.3,6.383333333,87.6,18,1.1
2020-10-03,13,13.3,7.916666667,87.6,20,2.6
2020-10-04,17,15.8,8.85,88.2,19,3.1
2020-10-05,21,22.1,4.916666667,84.7,21,2.5
2020-10-06,20,9.1,2.816666667,77.9,18,3.0
2020-10-07,17,16.4,4.9,73.3,18,4.0
2020-10-08,20,14.4,4.4,74.5,19,2.8
2020-10-09,21,15.0,4.1,68.8,16,2.0
2020-10-10,21,13.6,2.783333333,64.5,19,1.0
2020-10-11,25,17.6,4.583333333,75.4,19,1.2
2020-10-12,37,24.7,7.033333333,87.3,18,1.3
2020-10-13,38,19.2,7.216666667,88.8,17,1.9
2020-10-14,19,12.7,7.233333333,89.9,18,2.6
2020-10-15,18,21.0,7.383333333,87.0,15,1.9
2020-10-16,15,12.6,5.266666667,79.3,17,3.1
2020-10-17,14,13.2,9.0,87.0,17,2.3
2020-10-18,16,14.8,7.316666667,87.6,19,1.3
2020-10-19,15,14.6,3.283333333,87.7,20,2.9
2020-10-20,18,19.2,3.466666667,80.0,21,2.8
2020-10-21,20,13.9,3.433333333,82.8,21,1.9
2020-10-22,18,14.6,4.716666667,87.9,21,1.6
2020-10-23,12,8.0,2.4,87.6,21,1.4
2020-10-24,9,8.3,1.533333333,85.0,22,0.8
2020-10-25,9,7.6,1.566666667,84.7,21,1.1
2020-10-26,8,11.3,1.333333333,87.4,22,1.4
2020-10-27,11,9.7,3.15,86.6,22,1.2
2020-10-28,12,11.8,4.866666667,86.4,20,0.6
2020-10-29,18,14.5,3.266666667,81.1,21,1.3
2020-10-30,17,15.0,3.116666667,83.1,21,1.6
2020-10-31,19,15.0,5.633333333,84.1,22,2.5
2020-11-01,20,13.5,5.766666667,83.7,22,2.7
2020-11-02,13,10.1,2.95,87.7,22,1.0
2020-11-03,15,13.6,3.25,82.0,22,0.5
2020-11-04,23,17.5,4.616666667,80.0,21,0.3
2020-11-05,25,18.3,9.65,88.7,19,3.0
2020-11-06,20,33.2,15.5,88.1,22,1.8
2020-11-07,20,16.0,5.783333333,88.6,22,1.8
2020-11-08,23,40.6,5.133333333,85.6,22,2.8
2020-11-09,19,18.9,2.766666667,87.3,20,1.5
2020-11-10,12,12.9,4.033333333,88.8,17,1.6
2020-11-11,16,14.5,13.85,90.0,18,4.0
2020-11-12,18,13.7,5.14,75.1,20,2.6
2020-11-13,17,16.5,0.0,87.5,22,2.0
2020-11-14,16,13.7,0.0,79.9,22,2.5
2020-11-15,13,11.1,0.0,86.9,22,2.4
2020-11-16,13,14.0,0.0,87.7,23,2.5
2020-11-17,21,14.2,3.7,80.4,21,2.7
2020-11-18,23,23.1,6.55,84.1,21,3.5
2020-11-19,25,16.0,4.016666667,71.4,19,3.8
2020-11-20,21,17.0,8.966666667,82.6,21,2.9
2020-11-21,21,17.1,4.316666667,81.8,20,2.4
2020-11-22,25,22.8,6.7,80.7,19,3.7
2020-11-23,26,13.7,3.833333333,78.0,19,1.1
2020-11-24,17,17.4,2.85,86.6,17,1.1
2020-11-25,26,20.4,7.7,88.8,21,1.7
2020-11-26,30,20.9,5.883333333,84.9,22,3.1
2020-11-27,22,18.3,7.166666667,86.4,20,3.5
2020-11-28,30,20.5,6.766666667,69.8,19,3.8
2020-11-29,29,26.9,8.8,81.4,21,3.4
2020-11-30,36,22.7,6.616666667,88.2,21,2.5
2020-12-01,27,22.5,7.133333333,87.1,20,3.8
2020-12-02,23,21.0,5.2,79.0,21,1.6
2020-12-03,31,24.8,8.916666667,80.2,20,4.1
2020-12-04,41,29.2,7.133333333,62.8,19,2.7
2020-12-05,34,12.0,3.85,75.5,20,2.5
2020-12-06,22,20.0,4.683333333,82.3,22,2.5
2020-12-07,24,19.6,3.883333333,85.5,25,2.8
2020-12-08,19,12.2,3.733333333,85.2,26,3.3
2020-12-09,21,23.2,5.083333333,88.6,25,1.8
2020-12-10,23,17.8,7.016666667,89.6,23,3.2
2020-12-11,24,15.7,5.216666667,78.6,22,2.8
2020-12-12,25,19.0,3.9,61.1,20,3.2
2020-12-13,28,20.1,5.016666667,66.5,19,4.0
2020-12-14,27,20.9,5.55,84.3,24,2.2
2020-12-15,30,24.5,7.966666667,84.8,24,2.8
2020-12-16,28,14.7,4.95,79.4,21,2.8
2020-12-17,19,15.7,3.933333333,75.6,21,3.3
2020-12-18,28,23.1,7.316666667,84.8,23,1.6
2020-12-19,32,24.2,6.583333333,81.6,25,1.5
2020-12-20,26,19.2,6.183333333,82.8,25,1.9
2020-12-21,24,15.0,3.916666667,80.8,25,1.9
2020-12-22,16,16.4,1.92,78.7,24,1.7
2020-12-23,17,14.2,0.0,82.1,24,1.8
2020-12-24,22,16.6,0.0,86.1,22,3.3
2020-12-25,30,28.9,0.0,65.2,21,3.3
2020-12-26,29,18.3,2.233333333,81.8,20,3.2
2020-12-27,18,19.0,3.3,81.6,20,2.9
2020-12-28,16,18.5,2.65,68.8,19,3.7
2020-12-29,21,42.8,2.6,74.0,20,3.9
2020-12-30,23,16.8,2.85,76.3,21,3.2
2020-12-31,19,13.7,6.333333333,83.6,24,1.7
2021-01-01,20,22.3,8.516666667,84.8,24,1.1
