Date,allergy_unscaled,allergy_monthly,isPartial,scale,allergy
2018-01-01,0,,,,
2018-01-02,0,,,,
2018-01-03,0,,,,
2018-01-04,0,,,,
2018-01-05,0,,,,
2018-01-06,0,,,,
2018-01-07,0,60.0,False,0.6,0.0
2018-01-08,0,60.0,,0.6,0.0
2018-01-09,98,60.0,,0.6,58.8
2018-01-10,49,60.0,,0.6,29.4
2018-01-11,50,60.0,,0.6,30.0
2018-01-12,0,60.0,,0.6,0.0
2018-01-13,59,60.0,,0.6,35.4
2018-01-14,100,46.0,False,0.46,46.0
2018-01-15,0,46.0,,0.46,0.0
2018-01-16,44,46.0,,0.46,20.240000000000002
2018-01-17,0,46.0,,0.46,0.0
2018-01-18,0,46.0,,0.46,0.0
2018-01-19,0,46.0,,0.46,0.0
2018-01-20,0,46.0,,0.46,0.0
2018-01-21,0,19.0,False,0.19,0.0
2018-01-22,43,19.0,,0.19,8.17
2018-01-23,89,19.0,,0.19,16.91
2018-01-24,46,19.0,,0.19,8.74
2018-01-25,48,19.0,,0.19,9.120000000000001
2018-01-26,0,19.0,,0.19,0.0
2018-01-27,0,19.0,,0.19,0.0
2018-01-28,0,37.0,False,0.37,0.0
2018-01-29,0,37.0,,0.37,0.0
2018-01-30,46,37.0,,0.37,17.02
2018-01-31,44,37.0,,0.37,16.28
2018-02-01,45,37.0,,0.37,16.65
2018-02-02,0,37.0,,0.37,0.0
2018-02-03,28,37.0,,0.37,10.36
2018-02-04,26,9.0,False,0.09,2.34
2018-02-05,0,9.0,,0.09,0.0
2018-02-06,100,9.0,,0.09,9.0
2018-02-07,0,9.0,,0.09,0.0
2018-02-08,0,9.0,,0.09,0.0
2018-02-09,50,9.0,,0.09,4.5
2018-02-10,0,9.0,,0.09,0.0
2018-02-11,0,9.0,False,0.09,0.0
2018-02-12,0,9.0,,0.09,0.0
2018-02-13,0,9.0,,0.09,0.0
2018-02-14,23,9.0,,0.09,2.07
2018-02-15,24,9.0,,0.09,2.16
2018-02-16,0,9.0,,0.09,0.0
2018-02-17,0,9.0,,0.09,0.0
2018-02-18,48,18.0,False,0.18,8.64
2018-02-19,0,18.0,,0.18,0.0
2018-02-20,0,18.0,,0.18,0.0
2018-02-21,0,18.0,,0.18,0.0
2018-02-22,0,18.0,,0.18,0.0
2018-02-23,0,18.0,,0.18,0.0
2018-02-24,0,18.0,,0.18,0.0
2018-02-25,75,69.0,False,0.69,51.74999999999999
2018-02-26,21,69.0,,0.69,14.489999999999998
2018-02-27,21,69.0,,0.69,14.489999999999998
2018-02-28,0,69.0,,0.69,0.0
2018-03-01,100,69.0,,0.69,69.0
2018-03-02,41,69.0,,0.69,28.29
2018-03-03,0,69.0,,0.69,0.0
2018-03-04,76,34.0,False,0.34,25.840000000000003
2018-03-05,0,34.0,,0.34,0.0
2018-03-06,0,34.0,,0.34,0.0
2018-03-07,0,34.0,,0.34,0.0
2018-03-08,36,34.0,,0.34,12.24
2018-03-09,0,34.0,,0.34,0.0
2018-03-10,0,34.0,,0.34,0.0
2018-03-11,75,43.0,False,0.43,32.25
2018-03-12,67,43.0,,0.43,28.81
2018-03-13,0,43.0,,0.43,0.0
2018-03-14,69,43.0,,0.43,29.669999999999998
2018-03-15,35,43.0,,0.43,15.049999999999999
2018-03-16,0,43.0,,0.43,0.0
2018-03-17,0,43.0,,0.43,0.0
2018-03-18,39,43.0,False,0.43,16.77
2018-03-19,34,43.0,,0.43,14.62
2018-03-20,35,43.0,,0.43,15.049999999999999
2018-03-21,0,43.0,,0.43,0.0
2018-03-22,0,43.0,,0.43,0.0
2018-03-23,80,43.0,,0.43,34.4
2018-03-24,0,43.0,,0.43,0.0
2018-03-25,77,27.0,False,0.27,20.790000000000003
2018-03-26,0,27.0,,0.27,0.0
2018-03-27,35,27.0,,0.27,9.450000000000001
2018-03-28,35,27.0,,0.27,9.450000000000001
2018-03-29,0,27.0,,0.27,0.0
2018-03-30,0,27.0,,0.27,0.0
2018-03-31,46,27.0,,0.27,12.420000000000002
2018-04-01,41,54.0,False,0.54,22.14
2018-04-02,35,54.0,,0.54,18.900000000000002
2018-04-03,29,54.0,,0.54,15.66
2018-04-04,0,54.0,,0.54,0.0
2018-04-05,58,54.0,,0.54,31.32
2018-04-06,100,54.0,,0.54,54.0
2018-04-07,0,54.0,,0.54,0.0
2018-04-08,32,68.0,False,0.68,21.76
2018-04-09,28,68.0,,0.68,19.040000000000003
2018-04-10,56,68.0,,0.68,38.080000000000005
2018-04-11,0,68.0,,0.68,0.0
2018-04-12,59,68.0,,0.68,40.120000000000005
2018-04-13,34,68.0,,0.68,23.12
2018-04-14,0,68.0,,0.68,0.0
2018-04-15,0,55.0,False,0.55,0.0
2018-04-16,30,55.0,,0.55,16.5
2018-04-17,62,55.0,,0.55,34.1
2018-04-18,0,55.0,,0.55,0.0
2018-04-19,33,55.0,,0.55,18.150000000000002
2018-04-20,0,55.0,,0.55,0.0
2018-04-21,0,55.0,,0.55,0.0
2018-04-22,0,55.0,False,0.55,0.0
2018-04-23,30,55.0,,0.55,16.5
2018-04-24,0,55.0,,0.55,0.0
2018-04-25,34,55.0,,0.55,18.700000000000003
2018-04-26,97,55.0,,0.55,53.35
2018-04-27,33,55.0,,0.55,18.150000000000002
2018-04-28,35,55.0,,0.55,19.25
2018-04-29,63,43.0,False,0.43,27.09
2018-04-30,0,43.0,,0.43,0.0
2018-05-01,0,43.0,,0.43,0.0
2018-05-02,0,43.0,,0.43,0.0
2018-05-03,0,43.0,,0.43,0.0
2018-05-04,100,43.0,,0.43,43.0
2018-05-05,54,43.0,,0.43,23.22
2018-05-06,46,17.0,False,0.17,7.82
2018-05-07,0,17.0,,0.17,0.0
2018-05-08,0,17.0,,0.17,0.0
2018-05-09,0,17.0,,0.17,0.0
2018-05-10,0,17.0,,0.17,0.0
2018-05-11,0,17.0,,0.17,0.0
2018-05-12,0,17.0,,0.17,0.0
2018-05-13,45,52.0,False,0.52,23.400000000000002
2018-05-14,0,52.0,,0.52,0.0
2018-05-15,40,52.0,,0.52,20.8
2018-05-16,41,52.0,,0.52,21.32
2018-05-17,42,52.0,,0.52,21.84
2018-05-18,49,52.0,,0.52,25.48
2018-05-19,0,52.0,,0.52,0.0
2018-05-20,46,44.0,False,0.44,20.24
2018-05-21,40,44.0,,0.44,17.6
2018-05-22,0,44.0,,0.44,0.0
2018-05-23,0,44.0,,0.44,0.0
2018-05-24,83,44.0,,0.44,36.52
2018-05-25,0,44.0,,0.44,0.0
2018-05-26,0,44.0,,0.44,0.0
2018-05-27,0,9.0,False,0.09,0.0
2018-05-28,0,9.0,,0.09,0.0
2018-05-29,0,9.0,,0.09,0.0
2018-05-30,0,9.0,,0.09,0.0
2018-05-31,43,9.0,,0.09,3.8699999999999997
2018-06-01,0,9.0,,0.09,0.0
2018-06-02,0,9.0,,0.09,0.0
2018-06-03,41,80.0,False,0.8,32.800000000000004
2018-06-04,70,80.0,,0.8,56.0
2018-06-05,0,80.0,,0.8,0.0
2018-06-06,66,80.0,,0.8,52.800000000000004
2018-06-07,34,80.0,,0.8,27.200000000000003
2018-06-08,0,80.0,,0.8,0.0
2018-06-09,0,80.0,,0.8,0.0
2018-06-10,76,42.0,False,0.42,31.919999999999998
2018-06-11,63,42.0,,0.42,26.459999999999997
2018-06-12,0,42.0,,0.42,0.0
2018-06-13,0,42.0,,0.42,0.0
2018-06-14,0,42.0,,0.42,0.0
2018-06-15,0,42.0,,0.42,0.0
2018-06-16,0,42.0,,0.42,0.0
2018-06-17,37,61.0,False,0.61,22.57
2018-06-18,32,61.0,,0.61,19.52
2018-06-19,32,61.0,,0.61,19.52
2018-06-20,0,61.0,,0.61,0.0
2018-06-21,100,61.0,,0.61,61.0
2018-06-22,0,61.0,,0.61,0.0
2018-06-23,90,61.0,,0.61,54.9
2018-06-24,38,36.0,False,0.36,13.68
2018-06-25,0,36.0,,0.36,0.0
2018-06-26,0,36.0,,0.36,0.0
2018-06-27,34,36.0,,0.36,12.24
2018-06-28,0,36.0,,0.36,0.0
2018-06-29,0,36.0,,0.36,0.0
2018-06-30,0,36.0,,0.36,0.0
2018-07-01,0,9.0,False,0.09,0.0
2018-07-02,40,9.0,,0.09,3.5999999999999996
2018-07-03,41,9.0,,0.09,3.69
2018-07-04,42,9.0,,0.09,3.78
2018-07-05,0,9.0,,0.09,0.0
2018-07-06,48,9.0,,0.09,4.32
2018-07-07,53,9.0,,0.09,4.77
2018-07-08,94,47.0,False,0.47,44.18
2018-07-09,0,47.0,,0.47,0.0
2018-07-10,43,47.0,,0.47,20.209999999999997
2018-07-11,0,47.0,,0.47,0.0
2018-07-12,0,47.0,,0.47,0.0
2018-07-13,50,47.0,,0.47,23.5
2018-07-14,0,47.0,,0.47,0.0
2018-07-15,94,28.0,False,0.28,26.320000000000004
2018-07-16,45,28.0,,0.28,12.600000000000001
2018-07-17,0,28.0,,0.28,0.0
2018-07-18,0,28.0,,0.28,0.0
2018-07-19,0,28.0,,0.28,0.0
2018-07-20,100,28.0,,0.28,28.000000000000004
2018-07-21,0,28.0,,0.28,0.0
2018-07-22,0,71.0,False,0.71,0.0
2018-07-23,0,71.0,,0.71,0.0
2018-07-24,84,71.0,,0.71,59.64
2018-07-25,39,71.0,,0.71,27.689999999999998
2018-07-26,42,71.0,,0.71,29.82
2018-07-27,98,71.0,,0.71,69.58
2018-07-28,52,71.0,,0.71,36.92
2018-07-29,47,71.0,False,0.71,33.37
2018-07-30,41,71.0,,0.71,29.11
2018-07-31,81,71.0,,0.71,57.51
2018-08-01,32,71.0,,0.71,22.72
2018-08-02,96,71.0,,0.71,68.16
2018-08-03,0,71.0,,0.71,0.0
2018-08-04,44,71.0,,0.71,31.24
2018-08-05,0,88.0,False,0.88,0.0
2018-08-06,96,88.0,,0.88,84.48
2018-08-07,0,88.0,,0.88,0.0
2018-08-08,0,88.0,,0.88,0.0
2018-08-09,100,88.0,,0.88,88.0
2018-08-10,39,88.0,,0.88,34.32
2018-08-11,0,88.0,,0.88,0.0
2018-08-12,0,53.0,False,0.53,0.0
2018-08-13,32,53.0,,0.53,16.96
2018-08-14,0,53.0,,0.53,0.0
2018-08-15,33,53.0,,0.53,17.490000000000002
2018-08-16,33,53.0,,0.53,17.490000000000002
2018-08-17,0,53.0,,0.53,0.0
2018-08-18,90,53.0,,0.53,47.7
2018-08-19,0,27.0,False,0.27,0.0
2018-08-20,32,27.0,,0.27,8.64
2018-08-21,0,27.0,,0.27,0.0
2018-08-22,33,27.0,,0.27,8.91
2018-08-23,0,27.0,,0.27,0.0
2018-08-24,0,27.0,,0.27,0.0
2018-08-25,0,27.0,,0.27,0.0
2018-08-26,39,46.0,False,0.46,17.94
2018-08-27,0,46.0,,0.46,0.0
2018-08-28,34,46.0,,0.46,15.64
2018-08-29,67,46.0,,0.46,30.82
2018-08-30,0,46.0,,0.46,0.0
2018-08-31,41,46.0,,0.46,18.86
2018-09-01,54,46.0,,0.46,24.84
2018-09-02,0,37.0,False,0.37,0.0
2018-09-03,40,37.0,,0.37,14.8
2018-09-04,0,37.0,,0.37,0.0
2018-09-05,0,37.0,,0.37,0.0
2018-09-06,40,37.0,,0.37,14.8
2018-09-07,100,37.0,,0.37,37.0
2018-09-08,0,37.0,,0.37,0.0
2018-09-09,47,100.0,False,1.0,47.0
2018-09-10,41,100.0,,1.0,41.0
2018-09-11,40,100.0,,1.0,40.0
2018-09-12,0,100.0,,1.0,0.0
2018-09-13,43,100.0,,1.0,43.0
2018-09-14,47,100.0,,1.0,47.0
2018-09-15,0,100.0,,1.0,0.0
2018-09-16,47,27.0,False,0.27,12.690000000000001
2018-09-17,81,27.0,,0.27,21.87
2018-09-18,0,27.0,,0.27,0.0
2018-09-19,0,27.0,,0.27,0.0
2018-09-20,83,27.0,,0.27,22.41
2018-09-21,0,27.0,,0.27,0.0
2018-09-22,0,27.0,,0.27,0.0
2018-09-23,47,55.0,False,0.55,25.85
2018-09-24,40,55.0,,0.55,22.0
2018-09-25,40,55.0,,0.55,22.0
2018-09-26,41,55.0,,0.55,22.55
2018-09-27,0,55.0,,0.55,0.0
2018-09-28,51,55.0,,0.55,28.05
2018-09-29,55,55.0,,0.55,30.250000000000004
2018-09-30,50,40.0,False,0.4,20.0
2018-10-01,52,40.0,,0.4,20.8
2018-10-02,51,40.0,,0.4,20.400000000000002
2018-10-03,53,40.0,,0.4,21.200000000000003
2018-10-04,53,40.0,,0.4,21.200000000000003
2018-10-05,62,40.0,,0.4,24.8
2018-10-06,0,40.0,,0.4,0.0
2018-10-07,57,29.0,False,0.29,16.529999999999998
2018-10-08,54,29.0,,0.29,15.659999999999998
2018-10-09,53,29.0,,0.29,15.37
2018-10-10,0,29.0,,0.29,0.0
2018-10-11,0,29.0,,0.29,0.0
2018-10-12,0,29.0,,0.29,0.0
2018-10-13,0,29.0,,0.29,0.0
2018-10-14,0,57.0,False,0.57,0.0
2018-10-15,49,57.0,,0.57,27.929999999999996
2018-10-16,95,57.0,,0.57,54.15
2018-10-17,0,57.0,,0.57,0.0
2018-10-18,100,57.0,,0.57,56.99999999999999
2018-10-19,61,57.0,,0.57,34.769999999999996
2018-10-20,69,57.0,,0.57,39.33
2018-10-21,0,28.0,False,0.28,0.0
2018-10-22,55,28.0,,0.28,15.400000000000002
2018-10-23,0,28.0,,0.28,0.0
2018-10-24,48,28.0,,0.28,13.440000000000001
2018-10-25,98,28.0,,0.28,27.44
2018-10-26,58,28.0,,0.28,16.240000000000002
2018-10-27,54,28.0,,0.28,15.120000000000001
2018-10-28,0,54.0,False,0.54,0.0
2018-10-29,85,54.0,,0.54,45.900000000000006
2018-10-30,47,54.0,,0.54,25.380000000000003
2018-10-31,0,54.0,,0.54,0.0
2018-11-01,0,54.0,,0.54,0.0
2018-11-02,24,54.0,,0.54,12.96
2018-11-03,0,54.0,,0.54,0.0
2018-11-04,0,53.0,False,0.53,0.0
2018-11-05,73,53.0,,0.53,38.690000000000005
2018-11-06,0,53.0,,0.53,0.0
2018-11-07,39,53.0,,0.53,20.67
2018-11-08,38,53.0,,0.53,20.14
2018-11-09,0,53.0,,0.53,0.0
2018-11-10,0,53.0,,0.53,0.0
2018-11-11,22,37.0,False,0.37,8.14
2018-11-12,20,37.0,,0.37,7.4
2018-11-13,20,37.0,,0.37,7.4
2018-11-14,0,37.0,,0.37,0.0
2018-11-15,0,37.0,,0.37,0.0
2018-11-16,100,37.0,,0.37,37.0
2018-11-17,0,37.0,,0.37,0.0
2018-11-18,23,53.0,False,0.53,12.190000000000001
2018-11-19,39,53.0,,0.53,20.67
2018-11-20,40,53.0,,0.53,21.200000000000003
2018-11-21,39,53.0,,0.53,20.67
2018-11-22,21,53.0,,0.53,11.13
2018-11-23,23,53.0,,0.53,12.190000000000001
2018-11-24,0,53.0,,0.53,0.0
2018-11-25,42,55.0,False,0.55,23.1
2018-11-26,0,55.0,,0.55,0.0
2018-11-27,20,55.0,,0.55,11.0
2018-11-28,41,55.0,,0.55,22.55
2018-11-29,0,55.0,,0.55,0.0
2018-11-30,0,55.0,,0.55,0.0
2018-12-01,0,55.0,,0.55,0.0
2018-12-02,0,29.0,False,0.29,0.0
2018-12-03,46,29.0,,0.29,13.34
2018-12-04,0,29.0,,0.29,0.0
2018-12-05,50,29.0,,0.29,14.499999999999998
2018-12-06,0,29.0,,0.29,0.0
2018-12-07,65,29.0,,0.29,18.849999999999998
2018-12-08,0,29.0,,0.29,0.0
2018-12-09,59,70.0,False,0.7,41.3
2018-12-10,100,70.0,,0.7,70.0
2018-12-11,0,70.0,,0.7,0.0
2018-12-12,0,70.0,,0.7,0.0
2018-12-13,55,70.0,,0.7,38.5
2018-12-14,0,70.0,,0.7,0.0
2018-12-15,0,70.0,,0.7,0.0
2018-12-16,59,51.0,False,0.51,30.09
2018-12-17,0,51.0,,0.51,0.0
2018-12-18,0,51.0,,0.51,0.0
2018-12-19,0,51.0,,0.51,0.0
2018-12-20,54,51.0,,0.51,27.54
2018-12-21,63,51.0,,0.51,32.13
2018-12-22,0,51.0,,0.51,0.0
2018-12-23,61,37.0,False,0.37,22.57
2018-12-24,0,37.0,,0.37,0.0
2018-12-25,71,37.0,,0.37,26.27
2018-12-26,0,37.0,,0.37,0.0
2018-12-27,0,37.0,,0.37,0.0
2018-12-28,66,37.0,,0.37,24.419999999999998
2018-12-29,0,37.0,,0.37,0.0
2018-12-30,0,48.0,False,0.48,0.0
2018-12-31,0,48.0,,0.48,0.0
2019-01-01,0,48.0,,0.48,0.0
2019-01-02,0,48.0,,0.48,0.0
2019-01-03,100,48.0,,0.48,48.0
2019-01-04,37,48.0,,0.48,17.759999999999998
2019-01-05,40,48.0,,0.48,19.2
2019-01-06,66,41.0,False,0.41,27.06
2019-01-07,63,41.0,,0.41,25.83
2019-01-08,31,41.0,,0.41,12.709999999999999
2019-01-09,0,41.0,,0.41,0.0
2019-01-10,0,41.0,,0.41,0.0
2019-01-11,34,41.0,,0.41,13.94
2019-01-12,0,41.0,,0.41,0.0
2019-01-13,64,29.0,False,0.29,18.56
2019-01-14,0,29.0,,0.29,0.0
2019-01-15,0,29.0,,0.29,0.0
2019-01-16,0,29.0,,0.29,0.0
2019-01-17,0,29.0,,0.29,0.0
2019-01-18,0,29.0,,0.29,0.0
2019-01-19,74,29.0,,0.29,21.459999999999997
2019-01-20,31,58.0,False,0.58,17.98
2019-01-21,28,58.0,,0.58,16.24
2019-01-22,29,58.0,,0.58,16.82
2019-01-23,0,58.0,,0.58,0.0
2019-01-24,0,58.0,,0.58,0.0
2019-01-25,33,58.0,,0.58,19.139999999999997
2019-01-26,0,58.0,,0.58,0.0
2019-01-27,34,68.0,False,0.68,23.12
2019-01-28,0,68.0,,0.68,0.0
2019-01-29,54,68.0,,0.68,36.720000000000006
2019-01-30,0,68.0,,0.68,0.0
2019-01-31,29,68.0,,0.68,19.720000000000002
2019-02-01,100,68.0,,0.68,68.0
2019-02-02,0,68.0,,0.68,0.0
2019-02-03,0,28.0,False,0.28,0.0
2019-02-04,41,28.0,,0.28,11.48
2019-02-05,0,28.0,,0.28,0.0
2019-02-06,0,28.0,,0.28,0.0
2019-02-07,42,28.0,,0.28,11.760000000000002
2019-02-08,0,28.0,,0.28,0.0
2019-02-09,0,28.0,,0.28,0.0
2019-02-10,0,37.0,False,0.37,0.0
2019-02-11,0,37.0,,0.37,0.0
2019-02-12,0,37.0,,0.37,0.0
2019-02-13,0,37.0,,0.37,0.0
2019-02-14,42,37.0,,0.37,15.54
2019-02-15,0,37.0,,0.37,0.0
2019-02-16,0,37.0,,0.37,0.0
2019-02-17,0,55.0,False,0.55,0.0
2019-02-18,0,55.0,,0.55,0.0
2019-02-19,84,55.0,,0.55,46.2
2019-02-20,42,55.0,,0.55,23.1
2019-02-21,0,55.0,,0.55,0.0
2019-02-22,0,55.0,,0.55,0.0
2019-02-23,0,55.0,,0.55,0.0
2019-02-24,0,47.0,False,0.47,0.0
2019-02-25,0,47.0,,0.47,0.0
2019-02-26,42,47.0,,0.47,19.74
2019-02-27,0,47.0,,0.47,0.0
2019-02-28,0,47.0,,0.47,0.0
2019-03-01,31,47.0,,0.47,14.569999999999999
2019-03-02,35,47.0,,0.47,16.45
2019-03-03,0,10.0,False,0.1,0.0
2019-03-04,49,10.0,,0.1,4.9
2019-03-05,0,10.0,,0.1,0.0
2019-03-06,49,10.0,,0.1,4.9
2019-03-07,50,10.0,,0.1,5.0
2019-03-08,0,10.0,,0.1,0.0
2019-03-09,0,10.0,,0.1,0.0
2019-03-10,28,38.0,False,0.38,10.64
2019-03-11,0,38.0,,0.38,0.0
2019-03-12,0,38.0,,0.38,0.0
2019-03-13,0,38.0,,0.38,0.0
2019-03-14,0,38.0,,0.38,0.0
2019-03-15,26,38.0,,0.38,9.88
2019-03-16,100,38.0,,0.38,38.0
2019-03-17,0,19.0,False,0.19,0.0
2019-03-18,0,19.0,,0.19,0.0
2019-03-19,0,19.0,,0.19,0.0
2019-03-20,0,19.0,,0.19,0.0
2019-03-21,52,19.0,,0.19,9.88
2019-03-22,0,19.0,,0.19,0.0
2019-03-23,0,19.0,,0.19,0.0
2019-03-24,0,38.0,False,0.38,0.0
2019-03-25,25,38.0,,0.38,9.5
2019-03-26,0,38.0,,0.38,0.0
2019-03-27,49,38.0,,0.38,18.62
2019-03-28,0,38.0,,0.38,0.0
2019-03-29,0,38.0,,0.38,0.0
2019-03-30,0,38.0,,0.38,0.0
2019-03-31,26,28.0,False,0.28,7.280000000000001
2019-04-01,32,28.0,,0.28,8.96
2019-04-02,0,28.0,,0.28,0.0
2019-04-03,0,28.0,,0.28,0.0
2019-04-04,0,28.0,,0.28,0.0
2019-04-05,40,28.0,,0.28,11.200000000000001
2019-04-06,0,28.0,,0.28,0.0
2019-04-07,0,48.0,False,0.48,0.0
2019-04-08,100,48.0,,0.48,48.0
2019-04-09,34,48.0,,0.48,16.32
2019-04-10,0,48.0,,0.48,0.0
2019-04-11,0,48.0,,0.48,0.0
2019-04-12,81,48.0,,0.48,38.879999999999995
2019-04-13,0,48.0,,0.48,0.0
2019-04-14,41,43.0,False,0.43,17.63
2019-04-15,36,43.0,,0.43,15.48
2019-04-16,37,43.0,,0.43,15.91
2019-04-17,77,43.0,,0.43,33.11
2019-04-18,42,43.0,,0.43,18.06
2019-04-19,49,43.0,,0.43,21.07
2019-04-20,51,43.0,,0.43,21.93
2019-04-21,46,21.0,False,0.21,9.66
2019-04-22,0,21.0,,0.21,0.0
2019-04-23,0,21.0,,0.21,0.0
2019-04-24,0,21.0,,0.21,0.0
2019-04-25,72,21.0,,0.21,15.12
2019-04-26,38,21.0,,0.21,7.9799999999999995
2019-04-27,0,21.0,,0.21,0.0
2019-04-28,34,55.0,False,0.55,18.700000000000003
2019-04-29,0,55.0,,0.55,0.0
2019-04-30,32,55.0,,0.55,17.6
2019-05-01,0,55.0,,0.55,0.0
2019-05-02,57,55.0,,0.55,31.35
2019-05-03,100,55.0,,0.55,55.00000000000001
2019-05-04,39,55.0,,0.55,21.450000000000003
2019-05-05,0,46.0,False,0.46,0.0
2019-05-06,0,46.0,,0.46,0.0
2019-05-07,0,46.0,,0.46,0.0
2019-05-08,57,46.0,,0.46,26.220000000000002
2019-05-09,28,46.0,,0.46,12.88
2019-05-10,0,46.0,,0.46,0.0
2019-05-11,0,46.0,,0.46,0.0
2019-05-12,0,18.0,False,0.18,0.0
2019-05-13,0,18.0,,0.18,0.0
2019-05-14,0,18.0,,0.18,0.0
2019-05-15,28,18.0,,0.18,5.04
2019-05-16,0,18.0,,0.18,0.0
2019-05-17,0,18.0,,0.18,0.0
2019-05-18,0,18.0,,0.18,0.0
2019-05-19,31,56.0,False,0.56,17.360000000000003
2019-05-20,0,56.0,,0.56,0.0
2019-05-21,28,56.0,,0.56,15.680000000000001
2019-05-22,0,56.0,,0.56,0.0
2019-05-23,28,56.0,,0.56,15.680000000000001
2019-05-24,34,56.0,,0.56,19.040000000000003
2019-05-25,0,56.0,,0.56,0.0
2019-05-26,0,44.0,False,0.44,0.0
2019-05-27,0,44.0,,0.44,0.0
2019-05-28,84,44.0,,0.44,36.96
2019-05-29,0,44.0,,0.44,0.0
2019-05-30,52,44.0,,0.44,22.88
2019-05-31,31,44.0,,0.44,13.64
2019-06-01,0,44.0,,0.44,0.0
2019-06-02,0,35.0,False,0.35,0.0
2019-06-03,0,35.0,,0.35,0.0
2019-06-04,95,35.0,,0.35,33.25
2019-06-05,47,35.0,,0.35,16.45
2019-06-06,0,35.0,,0.35,0.0
2019-06-07,0,35.0,,0.35,0.0
2019-06-08,0,35.0,,0.35,0.0
2019-06-09,0,52.0,False,0.52,0.0
2019-06-10,0,52.0,,0.52,0.0
2019-06-11,49,52.0,,0.52,25.48
2019-06-12,48,52.0,,0.52,24.96
2019-06-13,0,52.0,,0.52,0.0
2019-06-14,28,52.0,,0.52,14.56
2019-06-15,31,52.0,,0.52,16.12
2019-06-16,53,17.0,False,0.17,9.01
2019-06-17,0,17.0,,0.17,0.0
2019-06-18,0,17.0,,0.17,0.0
2019-06-19,26,17.0,,0.17,4.42
2019-06-20,0,17.0,,0.17,0.0
2019-06-21,28,17.0,,0.17,4.760000000000001
2019-06-22,0,17.0,,0.17,0.0
2019-06-23,0,36.0,False,0.36,0.0
2019-06-24,24,36.0,,0.36,8.64
2019-06-25,0,36.0,,0.36,0.0
2019-06-26,100,36.0,,0.36,36.0
2019-06-27,25,36.0,,0.36,9.0
2019-06-28,0,36.0,,0.36,0.0
2019-06-29,0,36.0,,0.36,0.0
2019-06-30,0,36.0,False,0.36,0.0
2019-07-01,0,36.0,,0.36,0.0
2019-07-02,0,36.0,,0.36,0.0
2019-07-03,0,36.0,,0.36,0.0
2019-07-04,0,36.0,,0.36,0.0
2019-07-05,0,36.0,,0.36,0.0
2019-07-06,0,36.0,,0.36,0.0
2019-07-07,100,66.0,False,0.66,66.0
2019-07-08,88,66.0,,0.66,58.080000000000005
2019-07-09,43,66.0,,0.66,28.380000000000003
2019-07-10,0,66.0,,0.66,0.0
2019-07-11,0,66.0,,0.66,0.0
2019-07-12,0,66.0,,0.66,0.0
2019-07-13,0,66.0,,0.66,0.0
2019-07-14,0,19.0,False,0.19,0.0
2019-07-15,0,19.0,,0.19,0.0
2019-07-16,43,19.0,,0.19,8.17
2019-07-17,0,19.0,,0.19,0.0
2019-07-18,0,19.0,,0.19,0.0
2019-07-19,0,19.0,,0.19,0.0
2019-07-20,55,19.0,,0.19,10.45
2019-07-21,0,19.0,False,0.19,0.0
2019-07-22,0,19.0,,0.19,0.0
2019-07-23,43,19.0,,0.19,8.17
2019-07-24,0,19.0,,0.19,0.0
2019-07-25,0,19.0,,0.19,0.0
2019-07-26,0,19.0,,0.19,0.0
2019-07-27,58,19.0,,0.19,11.02
2019-07-28,93,46.0,False,0.46,42.78
2019-07-29,41,46.0,,0.46,18.86
2019-07-30,43,46.0,,0.46,19.78
2019-07-31,0,46.0,,0.46,0.0
2019-08-01,43,46.0,,0.46,19.78
2019-08-02,0,46.0,,0.46,0.0
2019-08-03,51,46.0,,0.46,23.46
2019-08-04,91,62.0,False,0.62,56.42
2019-08-05,41,62.0,,0.62,25.419999999999998
2019-08-06,83,62.0,,0.62,51.46
2019-08-07,42,62.0,,0.62,26.04
2019-08-08,0,62.0,,0.62,0.0
2019-08-09,47,62.0,,0.62,29.14
2019-08-10,0,62.0,,0.62,0.0
2019-08-11,91,25.0,False,0.25,22.75
2019-08-12,78,25.0,,0.25,19.5
2019-08-13,0,25.0,,0.25,0.0
2019-08-14,0,25.0,,0.25,0.0
2019-08-15,0,25.0,,0.25,0.0
2019-08-16,0,25.0,,0.25,0.0
2019-08-17,46,25.0,,0.25,11.5
2019-08-18,0,65.0,False,0.65,0.0
2019-08-19,0,65.0,,0.65,0.0
2019-08-20,38,65.0,,0.65,24.7
2019-08-21,38,65.0,,0.65,24.7
2019-08-22,38,65.0,,0.65,24.7
2019-08-23,86,65.0,,0.65,55.9
2019-08-24,100,65.0,,0.65,65.0
2019-08-25,0,42.0,False,0.42,0.0
2019-08-26,37,42.0,,0.42,15.54
2019-08-27,0,42.0,,0.42,0.0
2019-08-28,0,42.0,,0.42,0.0
2019-08-29,0,42.0,,0.42,0.0
2019-08-30,46,42.0,,0.42,19.32
2019-08-31,0,42.0,,0.42,0.0
2019-09-01,0,25.0,False,0.25,0.0
2019-09-02,0,25.0,,0.25,0.0
2019-09-03,60,25.0,,0.25,15.0
2019-09-04,0,25.0,,0.25,0.0
2019-09-05,0,25.0,,0.25,0.0
2019-09-06,35,25.0,,0.25,8.75
2019-09-07,0,25.0,,0.25,0.0
2019-09-08,100,32.0,False,0.32,32.0
2019-09-09,59,32.0,,0.32,18.88
2019-09-10,0,32.0,,0.32,0.0
2019-09-11,59,32.0,,0.32,18.88
2019-09-12,31,32.0,,0.32,9.92
2019-09-13,69,32.0,,0.32,22.080000000000002
2019-09-14,39,32.0,,0.32,12.48
2019-09-15,33,63.0,False,0.63,20.79
2019-09-16,0,63.0,,0.63,0.0
2019-09-17,58,63.0,,0.63,36.54
2019-09-18,30,63.0,,0.63,18.9
2019-09-19,90,63.0,,0.63,56.7
2019-09-20,0,63.0,,0.63,0.0
2019-09-21,75,63.0,,0.63,47.25
2019-09-22,0,72.0,False,0.72,0.0
2019-09-23,29,72.0,,0.72,20.88
2019-09-24,0,72.0,,0.72,0.0
2019-09-25,29,72.0,,0.72,20.88
2019-09-26,30,72.0,,0.72,21.599999999999998
2019-09-27,36,72.0,,0.72,25.919999999999998
2019-09-28,75,72.0,,0.72,54.0
2019-09-29,34,33.0,False,0.33,11.22
2019-09-30,31,33.0,,0.33,10.23
2019-10-01,72,33.0,,0.33,23.76
2019-10-02,69,33.0,,0.33,22.77
2019-10-03,0,33.0,,0.33,0.0
2019-10-04,0,33.0,,0.33,0.0
2019-10-05,0,33.0,,0.33,0.0
2019-10-06,38,59.0,False,0.59,22.419999999999998
2019-10-07,0,59.0,,0.59,0.0
2019-10-08,36,59.0,,0.59,21.24
2019-10-09,0,59.0,,0.59,0.0
2019-10-10,0,59.0,,0.59,0.0
2019-10-11,39,59.0,,0.59,23.009999999999998
2019-10-12,43,59.0,,0.59,25.369999999999997
2019-10-13,0,55.0,False,0.55,0.0
2019-10-14,0,55.0,,0.55,0.0
2019-10-15,33,55.0,,0.55,18.150000000000002
2019-10-16,33,55.0,,0.55,18.150000000000002
2019-10-17,34,55.0,,0.55,18.700000000000003
2019-10-18,40,55.0,,0.55,22.0
2019-10-19,0,55.0,,0.55,0.0
2019-10-20,0,40.0,False,0.4,0.0
2019-10-21,33,40.0,,0.4,13.200000000000001
2019-10-22,30,40.0,,0.4,12.0
2019-10-23,100,40.0,,0.4,40.0
2019-10-24,0,40.0,,0.4,0.0
2019-10-25,41,40.0,,0.4,16.400000000000002
2019-10-26,0,40.0,,0.4,0.0
2019-10-27,0,33.0,False,0.33,0.0
2019-10-28,75,33.0,,0.33,24.75
2019-10-29,0,33.0,,0.33,0.0
2019-10-30,0,33.0,,0.33,0.0
2019-10-31,36,33.0,,0.33,11.88
2019-11-01,100,33.0,,0.33,33.0
2019-11-02,0,33.0,,0.33,0.0
2019-11-03,0,8.0,False,0.08,0.0
2019-11-04,30,8.0,,0.08,2.4
2019-11-05,0,8.0,,0.08,0.0
2019-11-06,0,8.0,,0.08,0.0
2019-11-07,0,8.0,,0.08,0.0
2019-11-08,0,8.0,,0.08,0.0
2019-11-09,0,8.0,,0.08,0.0
2019-11-10,60,31.0,False,0.31,18.6
2019-11-11,28,31.0,,0.31,8.68
2019-11-12,28,31.0,,0.31,8.68
2019-11-13,57,31.0,,0.31,17.669999999999998
2019-11-14,0,31.0,,0.31,0.0
2019-11-15,34,31.0,,0.31,10.54
2019-11-16,0,31.0,,0.31,0.0
2019-11-17,63,57.0,False,0.57,35.91
2019-11-18,28,57.0,,0.57,15.959999999999999
2019-11-19,59,57.0,,0.57,33.629999999999995
2019-11-20,60,57.0,,0.57,34.199999999999996
2019-11-21,0,57.0,,0.57,0.0
2019-11-22,0,57.0,,0.57,0.0
2019-11-23,0,57.0,,0.57,0.0
2019-11-24,32,74.0,False,0.74,23.68
2019-11-25,0,74.0,,0.74,0.0
2019-11-26,30,74.0,,0.74,22.2
2019-11-27,30,74.0,,0.74,22.2
2019-11-28,91,74.0,,0.74,67.34
2019-11-29,0,74.0,,0.74,0.0
2019-11-30,39,74.0,,0.74,28.86
2019-12-01,0,50.0,False,0.5,0.0
2019-12-02,0,50.0,,0.5,0.0
2019-12-03,63,50.0,,0.5,31.5
2019-12-04,34,50.0,,0.5,17.0
2019-12-05,100,50.0,,0.5,50.0
2019-12-06,0,50.0,,0.5,0.0
2019-12-07,0,50.0,,0.5,0.0
2019-12-08,0,51.0,False,0.51,0.0
2019-12-09,62,51.0,,0.51,31.62
2019-12-10,34,51.0,,0.51,17.34
2019-12-11,33,51.0,,0.51,16.830000000000002
2019-12-12,0,51.0,,0.51,0.0
2019-12-13,37,51.0,,0.51,18.87
2019-12-14,0,51.0,,0.51,0.0
2019-12-15,0,77.0,False,0.77,0.0
2019-12-16,0,77.0,,0.77,0.0
2019-12-17,32,77.0,,0.77,24.64
2019-12-18,34,77.0,,0.77,26.18
2019-12-19,0,77.0,,0.77,0.0
2019-12-20,38,77.0,,0.77,29.26
2019-12-21,85,77.0,,0.77,65.45
2019-12-22,79,50.0,False,0.5,39.5
2019-12-23,0,50.0,,0.5,0.0
2019-12-24,43,50.0,,0.5,21.5
2019-12-25,45,50.0,,0.5,22.5
2019-12-26,0,50.0,,0.5,0.0
2019-12-27,0,50.0,,0.5,0.0
2019-12-28,0,50.0,,0.5,0.0
2019-12-29,0,39.0,False,0.39,0.0
2019-12-30,0,39.0,,0.39,0.0
2019-12-31,86,39.0,,0.39,33.54
2020-01-01,0,39.0,,0.39,0.0
2020-01-02,39,39.0,,0.39,15.21
2020-01-03,38,39.0,,0.39,14.82
2020-01-04,40,39.0,,0.39,15.600000000000001
2020-01-05,0,33.0,False,0.33,0.0
2020-01-06,67,33.0,,0.33,22.11
2020-01-07,34,33.0,,0.33,11.22
2020-01-08,0,33.0,,0.33,0.0
2020-01-09,34,33.0,,0.33,11.22
2020-01-10,0,33.0,,0.33,0.0
2020-01-11,83,33.0,,0.33,27.39
2020-01-12,35,56.0,False,0.56,19.6
2020-01-13,62,56.0,,0.56,34.720000000000006
2020-01-14,85,56.0,,0.56,47.6
2020-01-15,31,56.0,,0.56,17.360000000000003
2020-01-16,0,56.0,,0.56,0.0
2020-01-17,0,56.0,,0.56,0.0
2020-01-18,0,56.0,,0.56,0.0
2020-01-19,0,42.0,False,0.42,0.0
2020-01-20,64,42.0,,0.42,26.88
2020-01-21,65,42.0,,0.42,27.3
2020-01-22,65,42.0,,0.42,27.3
2020-01-23,100,42.0,,0.42,42.0
2020-01-24,38,42.0,,0.42,15.959999999999999
2020-01-25,43,42.0,,0.42,18.06
2020-01-26,0,65.0,False,0.65,0.0
2020-01-27,69,65.0,,0.65,44.85
2020-01-28,63,65.0,,0.65,40.95
2020-01-29,0,65.0,,0.65,0.0
2020-01-30,66,65.0,,0.65,42.9
2020-01-31,0,65.0,,0.65,0.0
2020-02-01,42,65.0,,0.65,27.3
2020-02-02,0,57.0,False,0.57,0.0
2020-02-03,32,57.0,,0.57,18.24
2020-02-04,0,57.0,,0.57,0.0
2020-02-05,72,57.0,,0.57,41.04
2020-02-06,0,57.0,,0.57,0.0
2020-02-07,0,57.0,,0.57,0.0
2020-02-08,0,57.0,,0.57,0.0
2020-02-09,38,47.0,False,0.47,17.86
2020-02-10,98,47.0,,0.47,46.059999999999995
2020-02-11,0,47.0,,0.47,0.0
2020-02-12,33,47.0,,0.47,15.51
2020-02-13,34,47.0,,0.47,15.979999999999999
2020-02-14,37,47.0,,0.47,17.39
2020-02-15,0,47.0,,0.47,0.0
2020-02-16,0,76.0,False,0.76,0.0
2020-02-17,64,76.0,,0.76,48.64
2020-02-18,32,76.0,,0.76,24.32
2020-02-19,0,76.0,,0.76,0.0
2020-02-20,100,76.0,,0.76,76.0
2020-02-21,37,76.0,,0.76,28.12
2020-02-22,40,76.0,,0.76,30.4
2020-02-23,0,61.0,False,0.61,0.0
2020-02-24,33,61.0,,0.61,20.13
2020-02-25,33,61.0,,0.61,20.13
2020-02-26,0,61.0,,0.61,0.0
2020-02-27,32,61.0,,0.61,19.52
2020-02-28,38,61.0,,0.61,23.18
2020-02-29,40,61.0,,0.61,24.4
2020-03-01,0,31.0,False,0.31,0.0
2020-03-02,51,31.0,,0.31,15.81
2020-03-03,0,31.0,,0.31,0.0
2020-03-04,52,31.0,,0.31,16.12
2020-03-05,0,31.0,,0.31,0.0
2020-03-06,0,31.0,,0.31,0.0
2020-03-07,0,31.0,,0.31,0.0
2020-03-08,0,23.0,False,0.23,0.0
2020-03-09,52,23.0,,0.23,11.96
2020-03-10,51,23.0,,0.23,11.73
2020-03-11,52,23.0,,0.23,11.96
2020-03-12,52,23.0,,0.23,11.96
2020-03-13,0,23.0,,0.23,0.0
2020-03-14,0,23.0,,0.23,0.0
2020-03-15,57,78.0,False,0.78,44.46
2020-03-16,100,78.0,,0.78,78.0
2020-03-17,51,78.0,,0.78,39.78
2020-03-18,49,78.0,,0.78,38.22
2020-03-19,49,78.0,,0.78,38.22
2020-03-20,0,78.0,,0.78,0.0
2020-03-21,61,78.0,,0.78,47.58
2020-03-22,50,41.0,False,0.41,20.5
2020-03-23,43,41.0,,0.41,17.63
2020-03-24,0,41.0,,0.41,0.0
2020-03-25,0,41.0,,0.41,0.0
2020-03-26,52,41.0,,0.41,21.32
2020-03-27,0,41.0,,0.41,0.0
2020-03-28,0,41.0,,0.41,0.0
2020-03-29,55,43.0,False,0.43,23.65
2020-03-30,0,43.0,,0.43,0.0
2020-03-31,51,43.0,,0.43,21.93
2020-04-01,31,43.0,,0.43,13.33
2020-04-02,0,43.0,,0.43,0.0
2020-04-03,0,43.0,,0.43,0.0
2020-04-04,35,43.0,,0.43,15.049999999999999
2020-04-05,32,35.0,False,0.35,11.2
2020-04-06,30,35.0,,0.35,10.5
2020-04-07,61,35.0,,0.35,21.349999999999998
2020-04-08,30,35.0,,0.35,10.5
2020-04-09,0,35.0,,0.35,0.0
2020-04-10,34,35.0,,0.35,11.899999999999999
2020-04-11,0,35.0,,0.35,0.0
2020-04-12,34,33.0,False,0.33,11.22
2020-04-13,0,33.0,,0.33,0.0
2020-04-14,0,33.0,,0.33,0.0
2020-04-15,56,33.0,,0.33,18.48
2020-04-16,0,33.0,,0.33,0.0
2020-04-17,0,33.0,,0.33,0.0
2020-04-18,100,33.0,,0.33,33.0
2020-04-19,0,46.0,False,0.46,0.0
2020-04-20,0,46.0,,0.46,0.0
2020-04-21,28,46.0,,0.46,12.88
2020-04-22,29,46.0,,0.46,13.34
2020-04-23,0,46.0,,0.46,0.0
2020-04-24,0,46.0,,0.46,0.0
2020-04-25,33,46.0,,0.46,15.180000000000001
2020-04-26,33,26.0,False,0.26,8.58
2020-04-27,0,26.0,,0.26,0.0
2020-04-28,28,26.0,,0.26,7.28
2020-04-29,0,26.0,,0.26,0.0
2020-04-30,26,26.0,,0.26,6.76
2020-05-01,0,26.0,,0.26,0.0
2020-05-02,0,26.0,,0.26,0.0
2020-05-03,29,38.0,False,0.38,11.02
2020-05-04,27,38.0,,0.38,10.26
2020-05-05,0,38.0,,0.38,0.0
2020-05-06,27,38.0,,0.38,10.26
2020-05-07,0,38.0,,0.38,0.0
2020-05-08,0,38.0,,0.38,0.0
2020-05-09,34,38.0,,0.38,12.92
2020-05-10,31,20.0,False,0.2,6.2
2020-05-11,27,20.0,,0.2,5.4
2020-05-12,0,20.0,,0.2,0.0
2020-05-13,28,20.0,,0.2,5.6000000000000005
2020-05-14,29,20.0,,0.2,5.800000000000001
2020-05-15,100,20.0,,0.2,20.0
2020-05-16,0,20.0,,0.2,0.0
2020-05-17,0,49.0,False,0.49,0.0
2020-05-18,0,49.0,,0.49,0.0
2020-05-19,0,49.0,,0.49,0.0
2020-05-20,0,49.0,,0.49,0.0
2020-05-21,0,49.0,,0.49,0.0
2020-05-22,0,49.0,,0.49,0.0
2020-05-23,0,49.0,,0.49,0.0
2020-05-24,61,47.0,False,0.47,28.669999999999998
2020-05-25,0,47.0,,0.47,0.0
2020-05-26,0,47.0,,0.47,0.0
2020-05-27,0,47.0,,0.47,0.0
2020-05-28,0,47.0,,0.47,0.0
2020-05-29,66,47.0,,0.47,31.02
2020-05-30,0,47.0,,0.47,0.0
2020-05-31,0,20.0,False,0.2,0.0
2020-06-01,40,20.0,,0.2,8.0
2020-06-02,78,20.0,,0.2,15.600000000000001
2020-06-03,36,20.0,,0.2,7.2
2020-06-04,37,20.0,,0.2,7.4
2020-06-05,41,20.0,,0.2,8.200000000000001
2020-06-06,0,20.0,,0.2,0.0
2020-06-07,0,34.0,False,0.34,0.0
2020-06-08,72,34.0,,0.34,24.48
2020-06-09,37,34.0,,0.34,12.58
2020-06-10,0,34.0,,0.34,0.0
2020-06-11,0,34.0,,0.34,0.0
2020-06-12,0,34.0,,0.34,0.0
2020-06-13,49,34.0,,0.34,16.66
2020-06-14,43,63.0,False,0.63,27.09
2020-06-15,39,63.0,,0.63,24.57
2020-06-16,38,63.0,,0.63,23.94
2020-06-17,39,63.0,,0.63,24.57
2020-06-18,0,63.0,,0.63,0.0
2020-06-19,0,63.0,,0.63,0.0
2020-06-20,100,63.0,,0.63,63.0
2020-06-21,0,49.0,False,0.49,0.0
2020-06-22,0,49.0,,0.49,0.0
2020-06-23,38,49.0,,0.49,18.62
2020-06-24,38,49.0,,0.49,18.62
2020-06-25,40,49.0,,0.49,19.6
2020-06-26,44,49.0,,0.49,21.56
2020-06-27,97,49.0,,0.49,47.53
2020-06-28,42,37.0,False,0.37,15.54
2020-06-29,0,37.0,,0.37,0.0
2020-06-30,0,37.0,,0.37,0.0
2020-07-01,66,37.0,,0.37,24.419999999999998
2020-07-02,100,37.0,,0.37,37.0
2020-07-03,0,37.0,,0.37,0.0
2020-07-04,0,37.0,,0.37,0.0
2020-07-05,36,63.0,False,0.63,22.68
2020-07-06,34,63.0,,0.63,21.42
2020-07-07,0,63.0,,0.63,0.0
2020-07-08,70,63.0,,0.63,44.1
2020-07-09,37,63.0,,0.63,23.31
2020-07-10,81,63.0,,0.63,51.03
2020-07-11,0,63.0,,0.63,0.0
2020-07-12,0,15.0,False,0.15,0.0
2020-07-13,0,15.0,,0.15,0.0
2020-07-14,34,15.0,,0.15,5.1
2020-07-15,33,15.0,,0.15,4.95
2020-07-16,0,15.0,,0.15,0.0
2020-07-17,38,15.0,,0.15,5.7
2020-07-18,86,15.0,,0.15,12.9
2020-07-19,75,37.0,False,0.37,27.75
2020-07-20,0,37.0,,0.37,0.0
2020-07-21,0,37.0,,0.37,0.0
2020-07-22,65,37.0,,0.37,24.05
2020-07-23,0,37.0,,0.37,0.0
2020-07-24,77,37.0,,0.37,28.49
2020-07-25,0,37.0,,0.37,0.0
2020-07-26,0,66.0,False,0.66,0.0
2020-07-27,33,66.0,,0.66,21.78
2020-07-28,33,66.0,,0.66,21.78
2020-07-29,96,66.0,,0.66,63.36
2020-07-30,32,66.0,,0.66,21.12
2020-07-31,74,66.0,,0.66,48.84
2020-08-01,0,66.0,,0.66,0.0
2020-08-02,37,29.0,False,0.29,10.729999999999999
2020-08-03,33,29.0,,0.29,9.569999999999999
2020-08-04,0,29.0,,0.29,0.0
2020-08-05,100,29.0,,0.29,28.999999999999996
2020-08-06,66,29.0,,0.29,19.139999999999997
2020-08-07,37,29.0,,0.29,10.729999999999999
2020-08-08,0,29.0,,0.29,0.0
2020-08-09,0,47.0,False,0.47,0.0
2020-08-10,33,47.0,,0.47,15.51
2020-08-11,0,47.0,,0.47,0.0
2020-08-12,65,47.0,,0.47,30.549999999999997
2020-08-13,0,47.0,,0.47,0.0
2020-08-14,68,47.0,,0.47,31.959999999999997
2020-08-15,0,47.0,,0.47,0.0
2020-08-16,34,52.0,False,0.52,17.68
2020-08-17,0,52.0,,0.52,0.0
2020-08-18,0,52.0,,0.52,0.0
2020-08-19,29,52.0,,0.52,15.08
2020-08-20,0,52.0,,0.52,0.0
2020-08-21,0,52.0,,0.52,0.0
2020-08-22,73,52.0,,0.52,37.96
2020-08-23,31,32.0,False,0.32,9.92
2020-08-24,0,32.0,,0.32,0.0
2020-08-25,0,32.0,,0.32,0.0
2020-08-26,92,32.0,,0.32,29.44
2020-08-27,0,32.0,,0.32,0.0
2020-08-28,35,32.0,,0.32,11.200000000000001
2020-08-29,37,32.0,,0.32,11.84
2020-08-30,34,56.0,False,0.56,19.040000000000003
2020-08-31,0,56.0,,0.56,0.0
2020-09-01,31,56.0,,0.56,17.360000000000003
2020-09-02,32,56.0,,0.56,17.92
2020-09-03,32,56.0,,0.56,17.92
2020-09-04,0,56.0,,0.56,0.0
2020-09-05,39,56.0,,0.56,21.840000000000003
2020-09-06,0,65.0,False,0.65,0.0
2020-09-07,98,65.0,,0.65,63.7
2020-09-08,100,65.0,,0.65,65.0
2020-09-09,0,65.0,,0.65,0.0
2020-09-10,65,65.0,,0.65,42.25
2020-09-11,0,65.0,,0.65,0.0
2020-09-12,42,65.0,,0.65,27.3
2020-09-13,36,21.0,False,0.21,7.56
2020-09-14,0,21.0,,0.21,0.0
2020-09-15,32,21.0,,0.21,6.72
2020-09-16,32,21.0,,0.21,6.72
2020-09-17,32,21.0,,0.21,6.72
2020-09-18,0,21.0,,0.21,0.0
2020-09-19,41,21.0,,0.21,8.61
2020-09-20,73,14.0,False,0.14,10.22
2020-09-21,33,14.0,,0.14,4.62
2020-09-22,98,14.0,,0.14,13.72
2020-09-23,32,14.0,,0.14,4.48
2020-09-24,0,14.0,,0.14,0.0
2020-09-25,41,14.0,,0.14,5.74
2020-09-26,0,14.0,,0.14,0.0
2020-09-27,38,66.0,False,0.66,25.080000000000002
2020-09-28,0,66.0,,0.66,0.0
2020-09-29,74,66.0,,0.66,48.84
2020-09-30,0,66.0,,0.66,0.0
2020-10-01,29,66.0,,0.66,19.14
2020-10-02,33,66.0,,0.66,21.78
2020-10-03,72,66.0,,0.66,47.52
2020-10-04,31,42.0,False,0.42,13.02
2020-10-05,0,42.0,,0.42,0.0
2020-10-06,0,42.0,,0.42,0.0
2020-10-07,28,42.0,,0.42,11.76
2020-10-08,85,42.0,,0.42,35.699999999999996
2020-10-09,70,42.0,,0.42,29.4
2020-10-10,0,42.0,,0.42,0.0
2020-10-11,0,9.0,False,0.09,0.0
2020-10-12,30,9.0,,0.09,2.6999999999999997
2020-10-13,32,9.0,,0.09,2.88
2020-10-14,0,9.0,,0.09,0.0
2020-10-15,0,9.0,,0.09,0.0
2020-10-16,0,9.0,,0.09,0.0
2020-10-17,0,9.0,,0.09,0.0
2020-10-18,100,65.0,False,0.65,65.0
2020-10-19,31,65.0,,0.65,20.150000000000002
2020-10-20,0,65.0,,0.65,0.0
2020-10-21,0,65.0,,0.65,0.0
2020-10-22,0,65.0,,0.65,0.0
2020-10-23,36,65.0,,0.65,23.400000000000002
2020-10-24,81,65.0,,0.65,52.65
2020-10-25,0,55.0,False,0.55,0.0
2020-10-26,0,55.0,,0.55,0.0
2020-10-27,31,55.0,,0.55,17.05
2020-10-28,0,55.0,,0.55,0.0
2020-10-29,93,55.0,,0.55,51.150000000000006
2020-10-30,0,55.0,,0.55,0.0
2020-10-31,0,55.0,,0.55,0.0
2020-11-01,100,41.0,False,0.41,41.0
2020-11-02,69,41.0,,0.41,28.29
2020-11-03,0,41.0,,0.41,0.0
2020-11-04,0,41.0,,0.41,0.0
2020-11-05,19,41.0,,0.41,7.789999999999999
2020-11-06,0,41.0,,0.41,0.0
2020-11-07,0,41.0,,0.41,0.0
2020-11-08,24,64.0,False,0.64,15.36
2020-11-09,0,64.0,,0.64,0.0
2020-11-10,0,64.0,,0.64,0.0
2020-11-11,48,64.0,,0.64,30.72
2020-11-12,0,64.0,,0.64,0.0
2020-11-13,52,64.0,,0.64,33.28
2020-11-14,60,64.0,,0.64,38.4
2020-11-15,0,45.0,False,0.45,0.0
2020-11-16,0,45.0,,0.45,0.0
2020-11-17,23,45.0,,0.45,10.35
2020-11-18,23,45.0,,0.45,10.35
2020-11-19,0,45.0,,0.45,0.0
2020-11-20,0,45.0,,0.45,0.0
2020-11-21,28,45.0,,0.45,12.6
2020-11-22,0,44.0,False,0.44,0.0
2020-11-23,0,44.0,,0.44,0.0
2020-11-24,23,44.0,,0.44,10.12
2020-11-25,0,44.0,,0.44,0.0
2020-11-26,69,44.0,,0.44,30.36
2020-11-27,0,44.0,,0.44,0.0
2020-11-28,28,44.0,,0.44,12.32
2020-11-29,24,36.0,False,0.36,8.64
2020-11-30,0,36.0,,0.36,0.0
2020-12-01,27,36.0,,0.36,9.719999999999999
2020-12-02,0,36.0,,0.36,0.0
2020-12-03,0,36.0,,0.36,0.0
2020-12-04,0,36.0,,0.36,0.0
2020-12-05,0,36.0,,0.36,0.0
2020-12-06,29,65.0,False,0.65,18.85
2020-12-07,0,65.0,,0.65,0.0
2020-12-08,80,65.0,,0.65,52.0
2020-12-09,53,65.0,,0.65,34.45
2020-12-10,27,65.0,,0.65,17.55
2020-12-11,0,65.0,,0.65,0.0
2020-12-12,65,65.0,,0.65,42.25
2020-12-13,0,57.0,False,0.57,0.0
2020-12-14,0,57.0,,0.57,0.0
2020-12-15,0,57.0,,0.57,0.0
2020-12-16,0,57.0,,0.57,0.0
2020-12-17,26,57.0,,0.57,14.819999999999999
2020-12-18,62,57.0,,0.57,35.339999999999996
2020-12-19,100,57.0,,0.57,56.99999999999999
2020-12-20,0,40.0,False,0.4,0.0
2020-12-21,0,40.0,,0.4,0.0
2020-12-22,0,40.0,,0.4,0.0
2020-12-23,0,40.0,,0.4,0.0
2020-12-24,34,40.0,,0.4,13.600000000000001
2020-12-25,0,40.0,,0.4,0.0
2020-12-26,65,40.0,,0.4,26.0
2020-12-27,32,52.0,False,0.52,16.64
2020-12-28,63,52.0,,0.52,32.76
2020-12-29,30,52.0,,0.52,15.600000000000001
2020-12-30,32,52.0,,0.52,16.64
2020-12-31,0,52.0,,0.52,0.0
2021-01-01,0,52.0,,0.52,0.0
2021-01-02,55,52.0,,0.52,28.6
2021-01-03,0,37.0,False,0.37,0.0
2021-01-04,53,37.0,,0.37,19.61
2021-01-05,100,37.0,,0.37,37.0
2021-01-06,0,37.0,,0.37,0.0
2021-01-07,0,37.0,,0.37,0.0
2021-01-08,50,37.0,,0.37,18.5
2021-01-09,0,37.0,,0.37,0.0
2021-01-10,0,35.0,False,0.35,0.0
2021-01-11,0,35.0,,0.35,0.0
2021-01-12,0,35.0,,0.35,0.0
2021-01-13,47,35.0,,0.35,16.45
2021-01-14,0,35.0,,0.35,0.0
2021-01-15,51,35.0,,0.35,17.849999999999998
2021-01-16,56,35.0,,0.35,19.599999999999998
2021-01-17,93,61.0,False,0.61,56.73
2021-01-18,45,61.0,,0.61,27.45
2021-01-19,0,61.0,,0.61,0.0
2021-01-20,0,61.0,,0.61,0.0
2021-01-21,46,61.0,,0.61,28.06
2021-01-22,53,61.0,,0.61,32.33
2021-01-23,0,61.0,,0.61,0.0
2021-01-24,94,44.0,False,0.44,41.36
2021-01-25,0,44.0,,0.44,0.0
2021-01-26,93,44.0,,0.44,40.92
2021-01-27,0,44.0,,0.44,0.0
2021-01-28,0,44.0,,0.44,0.0
2021-01-29,0,44.0,,0.44,0.0
2021-01-30,60,44.0,,0.44,26.4
2021-01-31,0,64.0,False,0.64,0.0
