Date,Asthma_unscaled,Asthma_monthly,isPartial,scale,Asthma
2018-01-01,0,,,,
2018-01-02,0,,,,
2018-01-03,57,,,,
2018-01-04,0,,,,
2018-01-05,0,,,,
2018-01-06,0,,,,
2018-01-07,0,20.0,False,0.2,0.0
2018-01-08,0,20.0,,0.2,0.0
2018-01-09,0,20.0,,0.2,0.0
2018-01-10,0,20.0,,0.2,0.0
2018-01-11,0,20.0,,0.2,0.0
2018-01-12,0,20.0,,0.2,0.0
2018-01-13,0,20.0,,0.2,0.0
2018-01-14,56,36.0,False,0.36,20.16
2018-01-15,50,36.0,,0.36,18.0
2018-01-16,100,36.0,,0.36,36.0
2018-01-17,0,36.0,,0.36,0.0
2018-01-18,0,36.0,,0.36,0.0
2018-01-19,59,36.0,,0.36,21.24
2018-01-20,0,36.0,,0.36,0.0
2018-01-21,0,28.0,False,0.28,0.0
2018-01-22,0,28.0,,0.28,0.0
2018-01-23,51,28.0,,0.28,14.280000000000001
2018-01-24,52,28.0,,0.28,14.560000000000002
2018-01-25,0,28.0,,0.28,0.0
2018-01-26,0,28.0,,0.28,0.0
2018-01-27,0,28.0,,0.28,0.0
2018-01-28,0,28.0,False,0.28,0.0
2018-01-29,56,28.0,,0.28,15.680000000000001
2018-01-30,0,28.0,,0.28,0.0
2018-01-31,0,28.0,,0.28,0.0
2018-02-01,39,28.0,,0.28,10.920000000000002
2018-02-02,46,28.0,,0.28,12.88
2018-02-03,100,28.0,,0.28,28.000000000000004
2018-02-04,43,18.0,False,0.18,7.739999999999999
2018-02-05,0,18.0,,0.18,0.0
2018-02-06,0,18.0,,0.18,0.0
2018-02-07,0,18.0,,0.18,0.0
2018-02-08,0,18.0,,0.18,0.0
2018-02-09,0,18.0,,0.18,0.0
2018-02-10,44,18.0,,0.18,7.92
2018-02-11,39,26.0,False,0.26,10.14
2018-02-12,0,26.0,,0.26,0.0
2018-02-13,0,26.0,,0.26,0.0
2018-02-14,39,26.0,,0.26,10.14
2018-02-15,0,26.0,,0.26,0.0
2018-02-16,0,26.0,,0.26,0.0
2018-02-17,0,26.0,,0.26,0.0
2018-02-18,0,44.0,False,0.44,0.0
2018-02-19,74,44.0,,0.44,32.56
2018-02-20,37,44.0,,0.44,16.28
2018-02-21,38,44.0,,0.44,16.72
2018-02-22,40,44.0,,0.44,17.6
2018-02-23,0,44.0,,0.44,0.0
2018-02-24,0,44.0,,0.44,0.0
2018-02-25,42,34.0,False,0.34,14.280000000000001
2018-02-26,0,34.0,,0.34,0.0
2018-02-27,37,34.0,,0.34,12.58
2018-02-28,0,34.0,,0.34,0.0
2018-03-01,0,34.0,,0.34,0.0
2018-03-02,38,34.0,,0.34,12.920000000000002
2018-03-03,0,34.0,,0.34,0.0
2018-03-04,37,26.0,False,0.26,9.620000000000001
2018-03-05,32,26.0,,0.26,8.32
2018-03-06,0,26.0,,0.26,0.0
2018-03-07,32,26.0,,0.26,8.32
2018-03-08,67,26.0,,0.26,17.42
2018-03-09,0,26.0,,0.26,0.0
2018-03-10,0,26.0,,0.26,0.0
2018-03-11,0,60.0,False,0.6,0.0
2018-03-12,0,60.0,,0.6,0.0
2018-03-13,0,60.0,,0.6,0.0
2018-03-14,100,60.0,,0.6,60.0
2018-03-15,33,60.0,,0.6,19.8
2018-03-16,0,60.0,,0.6,0.0
2018-03-17,0,60.0,,0.6,0.0
2018-03-18,0,51.0,False,0.51,0.0
2018-03-19,32,51.0,,0.51,16.32
2018-03-20,33,51.0,,0.51,16.830000000000002
2018-03-21,33,51.0,,0.51,16.830000000000002
2018-03-22,66,51.0,,0.51,33.660000000000004
2018-03-23,0,51.0,,0.51,0.0
2018-03-24,41,51.0,,0.51,20.91
2018-03-25,0,18.0,False,0.18,0.0
2018-03-26,0,18.0,,0.18,0.0
2018-03-27,0,18.0,,0.18,0.0
2018-03-28,0,18.0,,0.18,0.0
2018-03-29,0,18.0,,0.18,0.0
2018-03-30,0,18.0,,0.18,0.0
2018-03-31,0,18.0,,0.18,0.0
2018-04-01,0,18.0,False,0.18,0.0
2018-04-02,0,18.0,,0.18,0.0
2018-04-03,88,18.0,,0.18,15.84
2018-04-04,0,18.0,,0.18,0.0
2018-04-05,0,18.0,,0.18,0.0
2018-04-06,0,18.0,,0.18,0.0
2018-04-07,0,18.0,,0.18,0.0
2018-04-08,0,60.0,False,0.6,0.0
2018-04-09,0,60.0,,0.6,0.0
2018-04-10,43,60.0,,0.6,25.8
2018-04-11,44,60.0,,0.6,26.4
2018-04-12,46,60.0,,0.6,27.599999999999998
2018-04-13,100,60.0,,0.6,60.0
2018-04-14,0,60.0,,0.6,0.0
2018-04-15,49,27.0,False,0.27,13.23
2018-04-16,89,27.0,,0.27,24.03
2018-04-17,46,27.0,,0.27,12.420000000000002
2018-04-18,0,27.0,,0.27,0.0
2018-04-19,0,27.0,,0.27,0.0
2018-04-20,0,27.0,,0.27,0.0
2018-04-21,0,27.0,,0.27,0.0
2018-04-22,0,9.0,False,0.09,0.0
2018-04-23,46,9.0,,0.09,4.14
2018-04-24,0,9.0,,0.09,0.0
2018-04-25,51,9.0,,0.09,4.59
2018-04-26,96,9.0,,0.09,8.64
2018-04-27,0,9.0,,0.09,0.0
2018-04-28,0,9.0,,0.09,0.0
2018-04-29,0,77.0,False,0.77,0.0
2018-04-30,42,77.0,,0.77,32.34
2018-05-01,24,77.0,,0.77,18.48
2018-05-02,24,77.0,,0.77,18.48
2018-05-03,100,77.0,,0.77,77.0
2018-05-04,0,77.0,,0.77,0.0
2018-05-05,0,77.0,,0.77,0.0
2018-05-06,82,76.0,False,0.76,62.32
2018-05-07,0,76.0,,0.76,0.0
2018-05-08,0,76.0,,0.76,0.0
2018-05-09,24,76.0,,0.76,18.240000000000002
2018-05-10,50,76.0,,0.76,38.0
2018-05-11,55,76.0,,0.76,41.8
2018-05-12,30,76.0,,0.76,22.8
2018-05-13,27,51.0,False,0.51,13.77
2018-05-14,0,51.0,,0.51,0.0
2018-05-15,0,51.0,,0.51,0.0
2018-05-16,72,51.0,,0.51,36.72
2018-05-17,25,51.0,,0.51,12.75
2018-05-18,29,51.0,,0.51,14.790000000000001
2018-05-19,0,51.0,,0.51,0.0
2018-05-20,0,26.0,False,0.26,0.0
2018-05-21,71,26.0,,0.26,18.46
2018-05-22,24,26.0,,0.26,6.24
2018-05-23,0,26.0,,0.26,0.0
2018-05-24,0,26.0,,0.26,0.0
2018-05-25,0,26.0,,0.26,0.0
2018-05-26,0,26.0,,0.26,0.0
2018-05-27,0,61.0,False,0.61,0.0
2018-05-28,24,61.0,,0.61,14.64
2018-05-29,0,61.0,,0.61,0.0
2018-05-30,26,61.0,,0.61,15.86
2018-05-31,26,61.0,,0.61,15.86
2018-06-01,59,61.0,,0.61,35.99
2018-06-02,0,61.0,,0.61,0.0
2018-06-03,58,18.0,False,0.18,10.44
2018-06-04,49,18.0,,0.18,8.82
2018-06-05,0,18.0,,0.18,0.0
2018-06-06,47,18.0,,0.18,8.459999999999999
2018-06-07,0,18.0,,0.18,0.0
2018-06-08,59,18.0,,0.18,10.62
2018-06-09,0,18.0,,0.18,0.0
2018-06-10,0,42.0,False,0.42,0.0
2018-06-11,0,42.0,,0.42,0.0
2018-06-12,0,42.0,,0.42,0.0
2018-06-13,89,42.0,,0.42,37.379999999999995
2018-06-14,47,42.0,,0.42,19.74
2018-06-15,0,42.0,,0.42,0.0
2018-06-16,0,42.0,,0.42,0.0
2018-06-17,54,9.0,False,0.09,4.859999999999999
2018-06-18,0,9.0,,0.09,0.0
2018-06-19,0,9.0,,0.09,0.0
2018-06-20,0,9.0,,0.09,0.0
2018-06-21,0,9.0,,0.09,0.0
2018-06-22,58,9.0,,0.09,5.22
2018-06-23,0,9.0,,0.09,0.0
2018-06-24,0,27.0,False,0.27,0.0
2018-06-25,0,27.0,,0.27,0.0
2018-06-26,0,27.0,,0.27,0.0
2018-06-27,0,27.0,,0.27,0.0
2018-06-28,100,27.0,,0.27,27.0
2018-06-29,0,27.0,,0.27,0.0
2018-06-30,0,27.0,,0.27,0.0
2018-07-01,0,18.0,False,0.18,0.0
2018-07-02,30,18.0,,0.18,5.3999999999999995
2018-07-03,32,18.0,,0.18,5.76
2018-07-04,32,18.0,,0.18,5.76
2018-07-05,33,18.0,,0.18,5.9399999999999995
2018-07-06,37,18.0,,0.18,6.66
2018-07-07,0,18.0,,0.18,0.0
2018-07-08,0,37.0,False,0.37,0.0
2018-07-09,66,37.0,,0.37,24.419999999999998
2018-07-10,32,37.0,,0.37,11.84
2018-07-11,0,37.0,,0.37,0.0
2018-07-12,0,37.0,,0.37,0.0
2018-07-13,0,37.0,,0.37,0.0
2018-07-14,42,37.0,,0.37,15.54
2018-07-15,0,47.0,False,0.47,0.0
2018-07-16,34,47.0,,0.47,15.979999999999999
2018-07-17,0,47.0,,0.47,0.0
2018-07-18,100,47.0,,0.47,47.0
2018-07-19,0,47.0,,0.47,0.0
2018-07-20,39,47.0,,0.47,18.33
2018-07-21,0,47.0,,0.47,0.0
2018-07-22,0,18.0,False,0.18,0.0
2018-07-23,32,18.0,,0.18,5.76
2018-07-24,0,18.0,,0.18,0.0
2018-07-25,0,18.0,,0.18,0.0
2018-07-26,0,18.0,,0.18,0.0
2018-07-27,37,18.0,,0.18,6.66
2018-07-28,0,18.0,,0.18,0.0
2018-07-29,70,35.0,False,0.35,24.5
2018-07-30,63,35.0,,0.35,22.049999999999997
2018-07-31,0,35.0,,0.35,0.0
2018-08-01,35,35.0,,0.35,12.25
2018-08-02,0,35.0,,0.35,0.0
2018-08-03,43,35.0,,0.35,15.049999999999999
2018-08-04,0,35.0,,0.35,0.0
2018-08-05,0,35.0,False,0.35,0.0
2018-08-06,0,35.0,,0.35,0.0
2018-08-07,0,35.0,,0.35,0.0
2018-08-08,35,35.0,,0.35,12.25
2018-08-09,0,35.0,,0.35,0.0
2018-08-10,0,35.0,,0.35,0.0
2018-08-11,100,35.0,,0.35,35.0
2018-08-12,42,17.0,False,0.17,7.140000000000001
2018-08-13,0,17.0,,0.17,0.0
2018-08-14,0,17.0,,0.17,0.0
2018-08-15,36,17.0,,0.17,6.12
2018-08-16,73,17.0,,0.17,12.41
2018-08-17,0,17.0,,0.17,0.0
2018-08-18,0,17.0,,0.17,0.0
2018-08-19,0,27.0,False,0.27,0.0
2018-08-20,37,27.0,,0.27,9.99
2018-08-21,37,27.0,,0.27,9.99
2018-08-22,36,27.0,,0.27,9.72
2018-08-23,0,27.0,,0.27,0.0
2018-08-24,0,27.0,,0.27,0.0
2018-08-25,0,27.0,,0.27,0.0
2018-08-26,0,18.0,False,0.18,0.0
2018-08-27,0,18.0,,0.18,0.0
2018-08-28,0,18.0,,0.18,0.0
2018-08-29,0,18.0,,0.18,0.0
2018-08-30,39,18.0,,0.18,7.02
2018-08-31,0,18.0,,0.18,0.0
2018-09-01,0,18.0,,0.18,0.0
2018-09-02,0,9.0,False,0.09,0.0
2018-09-03,28,9.0,,0.09,2.52
2018-09-04,28,9.0,,0.09,2.52
2018-09-05,29,9.0,,0.09,2.61
2018-09-06,0,9.0,,0.09,0.0
2018-09-07,0,9.0,,0.09,0.0
2018-09-08,0,9.0,,0.09,0.0
2018-09-09,0,54.0,False,0.54,0.0
2018-09-10,0,54.0,,0.54,0.0
2018-09-11,28,54.0,,0.54,15.120000000000001
2018-09-12,29,54.0,,0.54,15.66
2018-09-13,58,54.0,,0.54,31.32
2018-09-14,33,54.0,,0.54,17.82
2018-09-15,0,54.0,,0.54,0.0
2018-09-16,33,9.0,False,0.09,2.9699999999999998
2018-09-17,28,9.0,,0.09,2.52
2018-09-18,0,9.0,,0.09,0.0
2018-09-19,0,9.0,,0.09,0.0
2018-09-20,29,9.0,,0.09,2.61
2018-09-21,100,9.0,,0.09,9.0
2018-09-22,77,9.0,,0.09,6.93
2018-09-23,0,28.0,False,0.28,0.0
2018-09-24,0,28.0,,0.28,0.0
2018-09-25,28,28.0,,0.28,7.840000000000001
2018-09-26,0,28.0,,0.28,0.0
2018-09-27,0,28.0,,0.28,0.0
2018-09-28,0,28.0,,0.28,0.0
2018-09-29,0,28.0,,0.28,0.0
2018-09-30,0,0.0,False,0.0,0.0
2018-10-01,36,0.0,,0.0,0.0
2018-10-02,0,0.0,,0.0,0.0
2018-10-03,0,0.0,,0.0,0.0
2018-10-04,0,0.0,,0.0,0.0
2018-10-05,0,0.0,,0.0,0.0
2018-10-06,100,0.0,,0.0,0.0
2018-10-07,40,48.0,False,0.48,19.2
2018-10-08,0,48.0,,0.48,0.0
2018-10-09,0,48.0,,0.48,0.0
2018-10-10,0,48.0,,0.48,0.0
2018-10-11,0,48.0,,0.48,0.0
2018-10-12,0,48.0,,0.48,0.0
2018-10-13,46,48.0,,0.48,22.08
2018-10-14,0,37.0,False,0.37,0.0
2018-10-15,34,37.0,,0.37,12.58
2018-10-16,0,37.0,,0.37,0.0
2018-10-17,34,37.0,,0.37,12.58
2018-10-18,0,37.0,,0.37,0.0
2018-10-19,0,37.0,,0.37,0.0
2018-10-20,0,37.0,,0.37,0.0
2018-10-21,48,46.0,False,0.46,22.080000000000002
2018-10-22,0,46.0,,0.46,0.0
2018-10-23,0,46.0,,0.46,0.0
2018-10-24,0,46.0,,0.46,0.0
2018-10-25,0,46.0,,0.46,0.0
2018-10-26,41,46.0,,0.46,18.86
2018-10-27,0,46.0,,0.46,0.0
2018-10-28,36,18.0,False,0.18,6.4799999999999995
2018-10-29,60,18.0,,0.18,10.799999999999999
2018-10-30,0,18.0,,0.18,0.0
2018-10-31,0,18.0,,0.18,0.0
2018-11-01,0,18.0,,0.18,0.0
2018-11-02,0,18.0,,0.18,0.0
2018-11-03,0,18.0,,0.18,0.0
2018-11-04,0,9.0,False,0.09,0.0
2018-11-05,0,9.0,,0.09,0.0
2018-11-06,0,9.0,,0.09,0.0
2018-11-07,0,9.0,,0.09,0.0
2018-11-08,0,9.0,,0.09,0.0
2018-11-09,0,9.0,,0.09,0.0
2018-11-10,0,9.0,,0.09,0.0
2018-11-11,0,19.0,False,0.19,0.0
2018-11-12,0,19.0,,0.19,0.0
2018-11-13,0,19.0,,0.19,0.0
2018-11-14,35,19.0,,0.19,6.65
2018-11-15,37,19.0,,0.19,7.03
2018-11-16,43,19.0,,0.19,8.17
2018-11-17,0,19.0,,0.19,0.0
2018-11-18,0,54.0,False,0.54,0.0
2018-11-19,0,54.0,,0.54,0.0
2018-11-20,33,54.0,,0.54,17.82
2018-11-21,34,54.0,,0.54,18.36
2018-11-22,69,54.0,,0.54,37.260000000000005
2018-11-23,0,54.0,,0.54,0.0
2018-11-24,0,54.0,,0.54,0.0
2018-11-25,35,27.0,False,0.27,9.450000000000001
2018-11-26,100,27.0,,0.27,27.0
2018-11-27,0,27.0,,0.27,0.0
2018-11-28,0,27.0,,0.27,0.0
2018-11-29,36,27.0,,0.27,9.72
2018-11-30,0,27.0,,0.27,0.0
2018-12-01,92,27.0,,0.27,24.840000000000003
2018-12-02,0,39.0,False,0.39,0.0
2018-12-03,0,39.0,,0.39,0.0
2018-12-04,0,39.0,,0.39,0.0
2018-12-05,76,39.0,,0.39,29.64
2018-12-06,81,39.0,,0.39,31.59
2018-12-07,0,39.0,,0.39,0.0
2018-12-08,0,39.0,,0.39,0.0
2018-12-09,0,20.0,False,0.2,0.0
2018-12-10,0,20.0,,0.2,0.0
2018-12-11,0,20.0,,0.2,0.0
2018-12-12,0,20.0,,0.2,0.0
2018-12-13,0,20.0,,0.2,0.0
2018-12-14,89,20.0,,0.2,17.8
2018-12-15,0,20.0,,0.2,0.0
2018-12-16,91,10.0,False,0.1,9.1
2018-12-17,0,10.0,,0.1,0.0
2018-12-18,0,10.0,,0.1,0.0
2018-12-19,0,10.0,,0.1,0.0
2018-12-20,83,10.0,,0.1,8.3
2018-12-21,0,10.0,,0.1,0.0
2018-12-22,0,10.0,,0.1,0.0
2018-12-23,0,12.0,False,0.12,0.0
2018-12-24,0,12.0,,0.12,0.0
2018-12-25,0,12.0,,0.12,0.0
2018-12-26,0,12.0,,0.12,0.0
2018-12-27,100,12.0,,0.12,12.0
2018-12-28,0,12.0,,0.12,0.0
2018-12-29,0,12.0,,0.12,0.0
2018-12-30,0,0.0,False,0.0,0.0
2018-12-31,0,0.0,,0.0,0.0
2019-01-01,0,0.0,,0.0,0.0
2019-01-02,0,0.0,,0.0,0.0
2019-01-03,0,0.0,,0.0,0.0
2019-01-04,0,0.0,,0.0,0.0
2019-01-05,0,0.0,,0.0,0.0
2019-01-06,0,20.0,False,0.2,0.0
2019-01-07,54,20.0,,0.2,10.8
2019-01-08,54,20.0,,0.2,10.8
2019-01-09,0,20.0,,0.2,0.0
2019-01-10,0,20.0,,0.2,0.0
2019-01-11,0,20.0,,0.2,0.0
2019-01-12,0,20.0,,0.2,0.0
2019-01-13,0,29.0,False,0.29,0.0
2019-01-14,49,29.0,,0.29,14.209999999999999
2019-01-15,50,29.0,,0.29,14.499999999999998
2019-01-16,0,29.0,,0.29,0.0
2019-01-17,0,29.0,,0.29,0.0
2019-01-18,0,29.0,,0.29,0.0
2019-01-19,0,29.0,,0.29,0.0
2019-01-20,0,28.0,False,0.28,0.0
2019-01-21,47,28.0,,0.28,13.160000000000002
2019-01-22,0,28.0,,0.28,0.0
2019-01-23,48,28.0,,0.28,13.440000000000001
2019-01-24,100,28.0,,0.28,28.000000000000004
2019-01-25,0,28.0,,0.28,0.0
2019-01-26,0,28.0,,0.28,0.0
2019-01-27,0,19.0,False,0.19,0.0
2019-01-28,0,19.0,,0.19,0.0
2019-01-29,47,19.0,,0.19,8.93
2019-01-30,0,19.0,,0.19,0.0
2019-01-31,49,19.0,,0.19,9.31
2019-02-01,0,19.0,,0.19,0.0
2019-02-02,0,19.0,,0.19,0.0
2019-02-03,0,19.0,False,0.19,0.0
2019-02-04,0,19.0,,0.19,0.0
2019-02-05,0,19.0,,0.19,0.0
2019-02-06,0,19.0,,0.19,0.0
2019-02-07,0,19.0,,0.19,0.0
2019-02-08,0,19.0,,0.19,0.0
2019-02-09,0,19.0,,0.19,0.0
2019-02-10,0,9.0,False,0.09,0.0
2019-02-11,0,9.0,,0.09,0.0
2019-02-12,0,9.0,,0.09,0.0
2019-02-13,0,9.0,,0.09,0.0
2019-02-14,34,9.0,,0.09,3.06
2019-02-15,0,9.0,,0.09,0.0
2019-02-16,0,9.0,,0.09,0.0
2019-02-17,0,55.0,False,0.55,0.0
2019-02-18,33,55.0,,0.55,18.150000000000002
2019-02-19,35,55.0,,0.55,19.25
2019-02-20,100,55.0,,0.55,55.00000000000001
2019-02-21,0,55.0,,0.55,0.0
2019-02-22,37,55.0,,0.55,20.35
2019-02-23,0,55.0,,0.55,0.0
2019-02-24,36,28.0,False,0.28,10.080000000000002
2019-02-25,34,28.0,,0.28,9.520000000000001
2019-02-26,0,28.0,,0.28,0.0
2019-02-27,0,28.0,,0.28,0.0
2019-02-28,34,28.0,,0.28,9.520000000000001
2019-03-01,0,28.0,,0.28,0.0
2019-03-02,0,28.0,,0.28,0.0
2019-03-03,0,10.0,False,0.1,0.0
2019-03-04,88,10.0,,0.1,8.8
2019-03-05,0,10.0,,0.1,0.0
2019-03-06,88,10.0,,0.1,8.8
2019-03-07,0,10.0,,0.1,0.0
2019-03-08,0,10.0,,0.1,0.0
2019-03-09,0,10.0,,0.1,0.0
2019-03-10,0,19.0,False,0.19,0.0
2019-03-11,0,19.0,,0.19,0.0
2019-03-12,88,19.0,,0.19,16.72
2019-03-13,0,19.0,,0.19,0.0
2019-03-14,91,19.0,,0.19,17.29
2019-03-15,0,19.0,,0.19,0.0
2019-03-16,0,19.0,,0.19,0.0
2019-03-17,100,39.0,False,0.39,39.0
2019-03-18,0,39.0,,0.39,0.0
2019-03-19,0,39.0,,0.39,0.0
2019-03-20,0,39.0,,0.39,0.0
2019-03-21,0,39.0,,0.39,0.0
2019-03-22,0,39.0,,0.39,0.0
2019-03-23,0,39.0,,0.39,0.0
2019-03-24,0,28.0,False,0.28,0.0
2019-03-25,0,28.0,,0.28,0.0
2019-03-26,0,28.0,,0.28,0.0
2019-03-27,85,28.0,,0.28,23.8
2019-03-28,89,28.0,,0.28,24.92
2019-03-29,0,28.0,,0.28,0.0
2019-03-30,0,28.0,,0.28,0.0
2019-03-31,90,37.0,False,0.37,33.3
2019-04-01,0,37.0,,0.37,0.0
2019-04-02,0,37.0,,0.37,0.0
2019-04-03,100,37.0,,0.37,37.0
2019-04-04,0,37.0,,0.37,0.0
2019-04-05,0,37.0,,0.37,0.0
2019-04-06,67,37.0,,0.37,24.79
2019-04-07,0,19.0,False,0.19,0.0
2019-04-08,0,19.0,,0.19,0.0
2019-04-09,0,19.0,,0.19,0.0
2019-04-10,0,19.0,,0.19,0.0
2019-04-11,0,19.0,,0.19,0.0
2019-04-12,0,19.0,,0.19,0.0
2019-04-13,72,19.0,,0.19,13.68
2019-04-14,0,43.0,False,0.43,0.0
2019-04-15,54,43.0,,0.43,23.22
2019-04-16,0,43.0,,0.43,0.0
2019-04-17,0,43.0,,0.43,0.0
2019-04-18,0,43.0,,0.43,0.0
2019-04-19,0,43.0,,0.43,0.0
2019-04-20,78,43.0,,0.43,33.54
2019-04-21,0,10.0,False,0.1,0.0
2019-04-22,60,10.0,,0.1,6.0
2019-04-23,0,10.0,,0.1,0.0
2019-04-24,59,10.0,,0.1,5.9
2019-04-25,0,10.0,,0.1,0.0
2019-04-26,0,10.0,,0.1,0.0
2019-04-27,59,10.0,,0.1,5.9
2019-04-28,0,9.0,False,0.09,0.0
2019-04-29,0,9.0,,0.09,0.0
2019-04-30,49,9.0,,0.09,4.41
2019-05-01,0,9.0,,0.09,0.0
2019-05-02,0,9.0,,0.09,0.0
2019-05-03,84,9.0,,0.09,7.56
2019-05-04,98,9.0,,0.09,8.82
2019-05-05,40,37.0,False,0.37,14.8
2019-05-06,0,37.0,,0.37,0.0
2019-05-07,0,37.0,,0.37,0.0
2019-05-08,35,37.0,,0.37,12.95
2019-05-09,70,37.0,,0.37,25.9
2019-05-10,0,37.0,,0.37,0.0
2019-05-11,0,37.0,,0.37,0.0
2019-05-12,0,18.0,False,0.18,0.0
2019-05-13,35,18.0,,0.18,6.3
2019-05-14,0,18.0,,0.18,0.0
2019-05-15,35,18.0,,0.18,6.3
2019-05-16,36,18.0,,0.18,6.4799999999999995
2019-05-17,0,18.0,,0.18,0.0
2019-05-18,0,18.0,,0.18,0.0
2019-05-19,0,46.0,False,0.46,0.0
2019-05-20,0,46.0,,0.46,0.0
2019-05-21,0,46.0,,0.46,0.0
2019-05-22,35,46.0,,0.46,16.1
2019-05-23,35,46.0,,0.46,16.1
2019-05-24,0,46.0,,0.46,0.0
2019-05-25,0,46.0,,0.46,0.0
2019-05-26,0,69.0,False,0.69,0.0
2019-05-27,100,69.0,,0.69,69.0
2019-05-28,35,69.0,,0.69,24.15
2019-05-29,67,69.0,,0.69,46.23
2019-05-30,32,69.0,,0.69,22.08
2019-05-31,38,69.0,,0.69,26.22
2019-06-01,0,69.0,,0.69,0.0
2019-06-02,0,43.0,False,0.43,0.0
2019-06-03,0,43.0,,0.43,0.0
2019-06-04,0,43.0,,0.43,0.0
2019-06-05,0,43.0,,0.43,0.0
2019-06-06,68,43.0,,0.43,29.24
2019-06-07,0,43.0,,0.43,0.0
2019-06-08,0,43.0,,0.43,0.0
2019-06-09,0,43.0,False,0.43,0.0
2019-06-10,100,43.0,,0.43,43.0
2019-06-11,0,43.0,,0.43,0.0
2019-06-12,34,43.0,,0.43,14.62
2019-06-13,35,43.0,,0.43,15.049999999999999
2019-06-14,39,43.0,,0.43,16.77
2019-06-15,0,43.0,,0.43,0.0
2019-06-16,0,43.0,False,0.43,0.0
2019-06-17,34,43.0,,0.43,14.62
2019-06-18,35,43.0,,0.43,15.049999999999999
2019-06-19,0,43.0,,0.43,0.0
2019-06-20,0,43.0,,0.43,0.0
2019-06-21,0,43.0,,0.43,0.0
2019-06-22,0,43.0,,0.43,0.0
2019-06-23,0,27.0,False,0.27,0.0
2019-06-24,0,27.0,,0.27,0.0
2019-06-25,0,27.0,,0.27,0.0
2019-06-26,36,27.0,,0.27,9.72
2019-06-27,0,27.0,,0.27,0.0
2019-06-28,44,27.0,,0.27,11.88
2019-06-29,0,27.0,,0.27,0.0
2019-06-30,0,9.0,False,0.09,0.0
2019-07-01,0,9.0,,0.09,0.0
2019-07-02,0,9.0,,0.09,0.0
2019-07-03,43,9.0,,0.09,3.8699999999999997
2019-07-04,0,9.0,,0.09,0.0
2019-07-05,0,9.0,,0.09,0.0
2019-07-06,0,9.0,,0.09,0.0
2019-07-07,0,46.0,False,0.46,0.0
2019-07-08,0,46.0,,0.46,0.0
2019-07-09,48,46.0,,0.46,22.080000000000002
2019-07-10,0,46.0,,0.46,0.0
2019-07-11,0,46.0,,0.46,0.0
2019-07-12,0,46.0,,0.46,0.0
2019-07-13,0,46.0,,0.46,0.0
2019-07-14,49,37.0,False,0.37,18.13
2019-07-15,0,37.0,,0.37,0.0
2019-07-16,48,37.0,,0.37,17.759999999999998
2019-07-17,100,37.0,,0.37,37.0
2019-07-18,0,37.0,,0.37,0.0
2019-07-19,56,37.0,,0.37,20.72
2019-07-20,0,37.0,,0.37,0.0
2019-07-21,55,47.0,False,0.47,25.849999999999998
2019-07-22,0,47.0,,0.47,0.0
2019-07-23,0,47.0,,0.47,0.0
2019-07-24,0,47.0,,0.47,0.0
2019-07-25,0,47.0,,0.47,0.0
2019-07-26,0,47.0,,0.47,0.0
2019-07-27,0,47.0,,0.47,0.0
2019-07-28,0,36.0,False,0.36,0.0
2019-07-29,92,36.0,,0.36,33.12
2019-07-30,95,36.0,,0.36,34.199999999999996
2019-07-31,0,36.0,,0.36,0.0
2019-08-01,0,36.0,,0.36,0.0
2019-08-02,0,36.0,,0.36,0.0
2019-08-03,60,36.0,,0.36,21.599999999999998
2019-08-04,0,44.0,False,0.44,0.0
2019-08-05,0,44.0,,0.44,0.0
2019-08-06,0,44.0,,0.44,0.0
2019-08-07,0,44.0,,0.44,0.0
2019-08-08,48,44.0,,0.44,21.12
2019-08-09,0,44.0,,0.44,0.0
2019-08-10,0,44.0,,0.44,0.0
2019-08-11,51,33.0,False,0.33,16.830000000000002
2019-08-12,0,33.0,,0.33,0.0
2019-08-13,0,33.0,,0.33,0.0
2019-08-14,0,33.0,,0.33,0.0
2019-08-15,0,33.0,,0.33,0.0
2019-08-16,100,33.0,,0.33,33.0
2019-08-17,53,33.0,,0.33,17.490000000000002
2019-08-18,48,16.0,False,0.16,7.68
2019-08-19,0,16.0,,0.16,0.0
2019-08-20,44,16.0,,0.16,7.04
2019-08-21,0,16.0,,0.16,0.0
2019-08-22,43,16.0,,0.16,6.88
2019-08-23,0,16.0,,0.16,0.0
2019-08-24,0,16.0,,0.16,0.0
2019-08-25,0,33.0,False,0.33,0.0
2019-08-26,0,33.0,,0.33,0.0
2019-08-27,0,33.0,,0.33,0.0
2019-08-28,0,33.0,,0.33,0.0
2019-08-29,45,33.0,,0.33,14.850000000000001
2019-08-30,51,33.0,,0.33,16.830000000000002
2019-08-31,0,33.0,,0.33,0.0
2019-09-01,0,32.0,False,0.32,0.0
2019-09-02,0,32.0,,0.32,0.0
2019-09-03,0,32.0,,0.32,0.0
2019-09-04,58,32.0,,0.32,18.56
2019-09-05,0,32.0,,0.32,0.0
2019-09-06,0,32.0,,0.32,0.0
2019-09-07,0,32.0,,0.32,0.0
2019-09-08,33,8.0,False,0.08,2.64
2019-09-09,0,8.0,,0.08,0.0
2019-09-10,29,8.0,,0.08,2.32
2019-09-11,29,8.0,,0.08,2.32
2019-09-12,0,8.0,,0.08,0.0
2019-09-13,0,8.0,,0.08,0.0
2019-09-14,0,8.0,,0.08,0.0
2019-09-15,32,16.0,False,0.16,5.12
2019-09-16,0,16.0,,0.16,0.0
2019-09-17,0,16.0,,0.16,0.0
2019-09-18,29,16.0,,0.16,4.64
2019-09-19,0,16.0,,0.16,0.0
2019-09-20,34,16.0,,0.16,5.44
2019-09-21,0,16.0,,0.16,0.0
2019-09-22,32,32.0,False,0.32,10.24
2019-09-23,28,32.0,,0.32,8.96
2019-09-24,0,32.0,,0.32,0.0
2019-09-25,0,32.0,,0.32,0.0
2019-09-26,29,32.0,,0.32,9.28
2019-09-27,0,32.0,,0.32,0.0
2019-09-28,0,32.0,,0.32,0.0
2019-09-29,100,8.0,False,0.08,8.0
2019-09-30,30,8.0,,0.08,2.4
2019-10-01,0,8.0,,0.08,0.0
2019-10-02,80,8.0,,0.08,6.4
2019-10-03,0,8.0,,0.08,0.0
2019-10-04,0,8.0,,0.08,0.0
2019-10-05,50,8.0,,0.08,4.0
2019-10-06,44,17.0,False,0.17,7.48
2019-10-07,0,17.0,,0.17,0.0
2019-10-08,41,17.0,,0.17,6.970000000000001
2019-10-09,0,17.0,,0.17,0.0
2019-10-10,0,17.0,,0.17,0.0
2019-10-11,0,17.0,,0.17,0.0
2019-10-12,100,17.0,,0.17,17.0
2019-10-13,42,39.0,False,0.39,16.38
2019-10-14,37,39.0,,0.39,14.43
2019-10-15,0,39.0,,0.39,0.0
2019-10-16,0,39.0,,0.39,0.0
2019-10-17,0,39.0,,0.39,0.0
2019-10-18,45,39.0,,0.39,17.55
2019-10-19,46,39.0,,0.39,17.94
2019-10-20,41,24.0,False,0.24,9.84
2019-10-21,0,24.0,,0.24,0.0
2019-10-22,35,24.0,,0.24,8.4
2019-10-23,0,24.0,,0.24,0.0
2019-10-24,0,24.0,,0.24,0.0
2019-10-25,94,24.0,,0.24,22.56
2019-10-26,0,24.0,,0.24,0.0
2019-10-27,0,33.0,False,0.33,0.0
2019-10-28,0,33.0,,0.33,0.0
2019-10-29,0,33.0,,0.33,0.0
2019-10-30,39,33.0,,0.33,12.870000000000001
2019-10-31,41,33.0,,0.33,13.530000000000001
2019-11-01,58,33.0,,0.33,19.14
2019-11-02,0,33.0,,0.33,0.0
2019-11-03,0,47.0,False,0.47,0.0
2019-11-04,0,47.0,,0.47,0.0
2019-11-05,0,47.0,,0.47,0.0
2019-11-06,51,47.0,,0.47,23.97
2019-11-07,0,47.0,,0.47,0.0
2019-11-08,57,47.0,,0.47,26.79
2019-11-09,0,47.0,,0.47,0.0
2019-11-10,52,16.0,False,0.16,8.32
2019-11-11,97,16.0,,0.16,15.52
2019-11-12,0,16.0,,0.16,0.0
2019-11-13,100,16.0,,0.16,16.0
2019-11-14,51,16.0,,0.16,8.16
2019-11-15,58,16.0,,0.16,9.28
2019-11-16,0,16.0,,0.16,0.0
2019-11-17,0,41.0,False,0.41,0.0
2019-11-18,0,41.0,,0.41,0.0
2019-11-19,0,41.0,,0.41,0.0
2019-11-20,0,41.0,,0.41,0.0
2019-11-21,0,41.0,,0.41,0.0
2019-11-22,0,41.0,,0.41,0.0
2019-11-23,67,41.0,,0.41,27.47
2019-11-24,0,16.0,False,0.16,0.0
2019-11-25,0,16.0,,0.16,0.0
2019-11-26,0,16.0,,0.16,0.0
2019-11-27,51,16.0,,0.16,8.16
2019-11-28,0,16.0,,0.16,0.0
2019-11-29,0,16.0,,0.16,0.0
2019-11-30,0,16.0,,0.16,0.0
2019-12-01,0,33.0,False,0.33,0.0
2019-12-02,0,33.0,,0.33,0.0
2019-12-03,0,33.0,,0.33,0.0
2019-12-04,0,33.0,,0.33,0.0
2019-12-05,40,33.0,,0.33,13.200000000000001
2019-12-06,44,33.0,,0.33,14.520000000000001
2019-12-07,0,33.0,,0.33,0.0
2019-12-08,82,17.0,False,0.17,13.940000000000001
2019-12-09,0,17.0,,0.17,0.0
2019-12-10,0,17.0,,0.17,0.0
2019-12-11,0,17.0,,0.17,0.0
2019-12-12,0,17.0,,0.17,0.0
2019-12-13,0,17.0,,0.17,0.0
2019-12-14,0,17.0,,0.17,0.0
2019-12-15,0,43.0,False,0.43,0.0
2019-12-16,0,43.0,,0.43,0.0
2019-12-17,37,43.0,,0.43,15.91
2019-12-18,0,43.0,,0.43,0.0
2019-12-19,0,43.0,,0.43,0.0
2019-12-20,45,43.0,,0.43,19.35
2019-12-21,0,43.0,,0.43,0.0
2019-12-22,0,10.0,False,0.1,0.0
2019-12-23,0,10.0,,0.1,0.0
2019-12-24,50,10.0,,0.1,5.0
2019-12-25,0,10.0,,0.1,0.0
2019-12-26,0,10.0,,0.1,0.0
2019-12-27,0,10.0,,0.1,0.0
2019-12-28,100,10.0,,0.1,10.0
2019-12-29,0,10.0,False,0.1,0.0
2019-12-30,0,10.0,,0.1,0.0
2019-12-31,0,10.0,,0.1,0.0
2020-01-01,0,10.0,,0.1,0.0
2020-01-02,0,10.0,,0.1,0.0
2020-01-03,59,10.0,,0.1,5.9
2020-01-04,0,10.0,,0.1,0.0
2020-01-05,0,25.0,False,0.25,0.0
2020-01-06,99,25.0,,0.25,24.75
2020-01-07,0,25.0,,0.25,0.0
2020-01-08,0,25.0,,0.25,0.0
2020-01-09,51,25.0,,0.25,12.75
2020-01-10,57,25.0,,0.25,14.25
2020-01-11,0,25.0,,0.25,0.0
2020-01-12,0,39.0,False,0.39,0.0
2020-01-13,0,39.0,,0.39,0.0
2020-01-14,87,39.0,,0.39,33.93
2020-01-15,0,39.0,,0.39,0.0
2020-01-16,0,39.0,,0.39,0.0
2020-01-17,0,39.0,,0.39,0.0
2020-01-18,0,39.0,,0.39,0.0
2020-01-19,0,0.0,False,0.0,0.0
2020-01-20,0,0.0,,0.0,0.0
2020-01-21,0,0.0,,0.0,0.0
2020-01-22,0,0.0,,0.0,0.0
2020-01-23,100,0.0,,0.0,0.0
2020-01-24,0,0.0,,0.0,0.0
2020-01-25,64,0.0,,0.0,0.0
2020-01-26,60,33.0,False,0.33,19.8
2020-01-27,0,33.0,,0.33,0.0
2020-01-28,0,33.0,,0.33,0.0
2020-01-29,48,33.0,,0.33,15.84
2020-01-30,0,33.0,,0.33,0.0
2020-01-31,0,33.0,,0.33,0.0
2020-02-01,0,33.0,,0.33,0.0
2020-02-02,38,8.0,False,0.08,3.04
2020-02-03,0,8.0,,0.08,0.0
2020-02-04,0,8.0,,0.08,0.0
2020-02-05,37,8.0,,0.08,2.96
2020-02-06,0,8.0,,0.08,0.0
2020-02-07,0,8.0,,0.08,0.0
2020-02-08,0,8.0,,0.08,0.0
2020-02-09,0,31.0,False,0.31,0.0
2020-02-10,67,31.0,,0.31,20.77
2020-02-11,0,31.0,,0.31,0.0
2020-02-12,0,31.0,,0.31,0.0
2020-02-13,0,31.0,,0.31,0.0
2020-02-14,0,31.0,,0.31,0.0
2020-02-15,0,31.0,,0.31,0.0
2020-02-16,0,23.0,False,0.23,0.0
2020-02-17,100,23.0,,0.23,23.0
2020-02-18,67,23.0,,0.23,15.41
2020-02-19,0,23.0,,0.23,0.0
2020-02-20,68,23.0,,0.23,15.64
2020-02-21,0,23.0,,0.23,0.0
2020-02-22,0,23.0,,0.23,0.0
2020-02-23,73,23.0,False,0.23,16.79
2020-02-24,0,23.0,,0.23,0.0
2020-02-25,0,23.0,,0.23,0.0
2020-02-26,66,23.0,,0.23,15.180000000000001
2020-02-27,0,23.0,,0.23,0.0
2020-02-28,38,23.0,,0.23,8.74
2020-02-29,41,23.0,,0.23,9.43
2020-03-01,24,8.0,False,0.08,1.92
2020-03-02,0,8.0,,0.08,0.0
2020-03-03,0,8.0,,0.08,0.0
2020-03-04,0,8.0,,0.08,0.0
2020-03-05,0,8.0,,0.08,0.0
2020-03-06,27,8.0,,0.08,2.16
2020-03-07,0,8.0,,0.08,0.0
2020-03-08,24,75.0,False,0.75,18.0
2020-03-09,43,75.0,,0.75,32.25
2020-03-10,21,75.0,,0.75,15.75
2020-03-11,22,75.0,,0.75,16.5
2020-03-12,0,75.0,,0.75,0.0
2020-03-13,0,75.0,,0.75,0.0
2020-03-14,29,75.0,,0.75,21.75
2020-03-15,24,100.0,False,1.0,24.0
2020-03-16,42,100.0,,1.0,42.0
2020-03-17,0,100.0,,1.0,0.0
2020-03-18,62,100.0,,1.0,62.0
2020-03-19,63,100.0,,1.0,63.0
2020-03-20,48,100.0,,1.0,48.0
2020-03-21,100,100.0,,1.0,100.0
2020-03-22,64,61.0,False,0.61,39.04
2020-03-23,55,61.0,,0.61,33.55
2020-03-24,61,61.0,,0.61,37.21
2020-03-25,22,61.0,,0.61,13.42
2020-03-26,22,61.0,,0.61,13.42
2020-03-27,0,61.0,,0.61,0.0
2020-03-28,25,61.0,,0.61,15.25
2020-03-29,23,64.0,False,0.64,14.72
2020-03-30,22,64.0,,0.64,14.08
2020-03-31,0,64.0,,0.64,0.0
2020-04-01,30,64.0,,0.64,19.2
2020-04-02,30,64.0,,0.64,19.2
2020-04-03,96,64.0,,0.64,61.44
2020-04-04,100,64.0,,0.64,64.0
2020-04-05,31,57.0,False,0.57,17.669999999999998
2020-04-06,0,57.0,,0.57,0.0
2020-04-07,29,57.0,,0.57,16.529999999999998
2020-04-08,0,57.0,,0.57,0.0
2020-04-09,30,57.0,,0.57,17.099999999999998
2020-04-10,34,57.0,,0.57,19.38
2020-04-11,0,57.0,,0.57,0.0
2020-04-12,65,47.0,False,0.47,30.549999999999997
2020-04-13,0,47.0,,0.47,0.0
2020-04-14,28,47.0,,0.47,13.16
2020-04-15,27,47.0,,0.47,12.69
2020-04-16,53,47.0,,0.47,24.91
2020-04-17,0,47.0,,0.47,0.0
2020-04-18,32,47.0,,0.47,15.04
2020-04-19,29,32.0,False,0.32,9.28
2020-04-20,27,32.0,,0.32,8.64
2020-04-21,27,32.0,,0.32,8.64
2020-04-22,55,32.0,,0.32,17.6
2020-04-23,26,32.0,,0.32,8.32
2020-04-24,0,32.0,,0.32,0.0
2020-04-25,32,32.0,,0.32,10.24
2020-04-26,32,58.0,False,0.58,18.56
2020-04-27,29,58.0,,0.58,16.82
2020-04-28,27,58.0,,0.58,15.659999999999998
2020-04-29,0,58.0,,0.58,0.0
2020-04-30,25,58.0,,0.58,14.499999999999998
2020-05-01,34,58.0,,0.58,19.72
2020-05-02,0,58.0,,0.58,0.0
2020-05-03,0,56.0,False,0.56,0.0
2020-05-04,0,56.0,,0.56,0.0
2020-05-05,29,56.0,,0.56,16.240000000000002
2020-05-06,0,56.0,,0.56,0.0
2020-05-07,30,56.0,,0.56,16.8
2020-05-08,100,56.0,,0.56,56.00000000000001
2020-05-09,0,56.0,,0.56,0.0
2020-05-10,34,40.0,False,0.4,13.600000000000001
2020-05-11,0,40.0,,0.4,0.0
2020-05-12,59,40.0,,0.4,23.6
2020-05-13,30,40.0,,0.4,12.0
2020-05-14,0,40.0,,0.4,0.0
2020-05-15,0,40.0,,0.4,0.0
2020-05-16,0,40.0,,0.4,0.0
2020-05-17,72,28.0,False,0.28,20.160000000000004
2020-05-18,0,28.0,,0.28,0.0
2020-05-19,0,28.0,,0.28,0.0
2020-05-20,0,28.0,,0.28,0.0
2020-05-21,0,28.0,,0.28,0.0
2020-05-22,0,28.0,,0.28,0.0
2020-05-23,0,28.0,,0.28,0.0
2020-05-24,0,26.0,False,0.26,0.0
2020-05-25,0,26.0,,0.26,0.0
2020-05-26,30,26.0,,0.26,7.800000000000001
2020-05-27,0,26.0,,0.26,0.0
2020-05-28,0,26.0,,0.26,0.0
2020-05-29,0,26.0,,0.26,0.0
2020-05-30,41,26.0,,0.26,10.66
2020-05-31,0,34.0,False,0.34,0.0
2020-06-01,67,34.0,,0.34,22.78
2020-06-02,32,34.0,,0.34,10.88
2020-06-03,61,34.0,,0.34,20.740000000000002
2020-06-04,0,34.0,,0.34,0.0
2020-06-05,0,34.0,,0.34,0.0
2020-06-06,40,34.0,,0.34,13.600000000000001
2020-06-07,36,14.0,False,0.14,5.040000000000001
2020-06-08,31,14.0,,0.14,4.340000000000001
2020-06-09,0,14.0,,0.14,0.0
2020-06-10,32,14.0,,0.14,4.48
2020-06-11,0,14.0,,0.14,0.0
2020-06-12,0,14.0,,0.14,0.0
2020-06-13,41,14.0,,0.14,5.74
2020-06-14,73,28.0,False,0.28,20.44
2020-06-15,0,28.0,,0.28,0.0
2020-06-16,0,28.0,,0.28,0.0
2020-06-17,33,28.0,,0.28,9.24
2020-06-18,0,28.0,,0.28,0.0
2020-06-19,38,28.0,,0.28,10.64
2020-06-20,42,28.0,,0.28,11.760000000000002
2020-06-21,0,42.0,False,0.42,0.0
2020-06-22,0,42.0,,0.42,0.0
2020-06-23,32,42.0,,0.42,13.44
2020-06-24,100,42.0,,0.42,42.0
2020-06-25,65,42.0,,0.42,27.3
2020-06-26,37,42.0,,0.42,15.54
2020-06-27,0,42.0,,0.42,0.0
2020-06-28,72,29.0,False,0.29,20.88
2020-06-29,32,29.0,,0.29,9.28
2020-06-30,0,29.0,,0.29,0.0
2020-07-01,0,29.0,,0.29,0.0
2020-07-02,0,29.0,,0.29,0.0
2020-07-03,0,29.0,,0.29,0.0
2020-07-04,38,29.0,,0.29,11.02
2020-07-05,0,31.0,False,0.31,0.0
2020-07-06,0,31.0,,0.31,0.0
2020-07-07,31,31.0,,0.31,9.61
2020-07-08,0,31.0,,0.31,0.0
2020-07-09,33,31.0,,0.31,10.23
2020-07-10,36,31.0,,0.31,11.16
2020-07-11,39,31.0,,0.31,12.09
2020-07-12,34,15.0,False,0.15,5.1
2020-07-13,0,15.0,,0.15,0.0
2020-07-14,30,15.0,,0.15,4.5
2020-07-15,59,15.0,,0.15,8.85
2020-07-16,0,15.0,,0.15,0.0
2020-07-17,34,15.0,,0.15,5.1
2020-07-18,0,15.0,,0.15,0.0
2020-07-19,100,44.0,False,0.44,44.0
2020-07-20,29,44.0,,0.44,12.76
2020-07-21,29,44.0,,0.44,12.76
2020-07-22,29,44.0,,0.44,12.76
2020-07-23,0,44.0,,0.44,0.0
2020-07-24,34,44.0,,0.44,14.96
2020-07-25,0,44.0,,0.44,0.0
2020-07-26,33,15.0,False,0.15,4.95
2020-07-27,0,15.0,,0.15,0.0
2020-07-28,0,15.0,,0.15,0.0
2020-07-29,29,15.0,,0.15,4.35
2020-07-30,0,15.0,,0.15,0.0
2020-07-31,66,15.0,,0.15,9.9
2020-08-01,0,15.0,,0.15,0.0
2020-08-02,42,36.0,False,0.36,15.12
2020-08-03,74,36.0,,0.36,26.64
2020-08-04,37,36.0,,0.36,13.32
2020-08-05,0,36.0,,0.36,0.0
2020-08-06,0,36.0,,0.36,0.0
2020-08-07,0,36.0,,0.36,0.0
2020-08-08,47,36.0,,0.36,16.919999999999998
2020-08-09,0,34.0,False,0.34,0.0
2020-08-10,0,34.0,,0.34,0.0
2020-08-11,67,34.0,,0.34,22.78
2020-08-12,36,34.0,,0.34,12.24
2020-08-13,0,34.0,,0.34,0.0
2020-08-14,38,34.0,,0.34,12.920000000000002
2020-08-15,83,34.0,,0.34,28.220000000000002
2020-08-16,38,39.0,False,0.39,14.82
2020-08-17,35,39.0,,0.39,13.65
2020-08-18,67,39.0,,0.39,26.130000000000003
2020-08-19,33,39.0,,0.39,12.870000000000001
2020-08-20,0,39.0,,0.39,0.0
2020-08-21,0,39.0,,0.39,0.0
2020-08-22,0,39.0,,0.39,0.0
2020-08-23,0,26.0,False,0.26,0.0
2020-08-24,33,26.0,,0.26,8.58
2020-08-25,33,26.0,,0.26,8.58
2020-08-26,34,26.0,,0.26,8.84
2020-08-27,100,26.0,,0.26,26.0
2020-08-28,38,26.0,,0.26,9.88
2020-08-29,0,26.0,,0.26,0.0
2020-08-30,38,42.0,False,0.42,15.959999999999999
2020-08-31,0,42.0,,0.42,0.0
2020-09-01,0,42.0,,0.42,0.0
2020-09-02,0,42.0,,0.42,0.0
2020-09-03,35,42.0,,0.42,14.7
2020-09-04,0,42.0,,0.42,0.0
2020-09-05,41,42.0,,0.42,17.22
2020-09-06,0,29.0,False,0.29,0.0
2020-09-07,33,29.0,,0.29,9.569999999999999
2020-09-08,0,29.0,,0.29,0.0
2020-09-09,0,29.0,,0.29,0.0
2020-09-10,68,29.0,,0.29,19.72
2020-09-11,0,29.0,,0.29,0.0
2020-09-12,0,29.0,,0.29,0.0
2020-09-13,0,0.0,False,0.0,0.0
2020-09-14,0,0.0,,0.0,0.0
2020-09-15,0,0.0,,0.0,0.0
2020-09-16,0,0.0,,0.0,0.0
2020-09-17,33,0.0,,0.0,0.0
2020-09-18,77,0.0,,0.0,0.0
2020-09-19,0,0.0,,0.0,0.0
2020-09-20,38,43.0,False,0.43,16.34
2020-09-21,66,43.0,,0.43,28.38
2020-09-22,100,43.0,,0.43,43.0
2020-09-23,0,43.0,,0.43,0.0
2020-09-24,0,43.0,,0.43,0.0
2020-09-25,0,43.0,,0.43,0.0
2020-09-26,0,43.0,,0.43,0.0
2020-09-27,0,25.0,False,0.25,0.0
2020-09-28,38,25.0,,0.25,9.5
2020-09-29,0,25.0,,0.25,0.0
2020-09-30,41,25.0,,0.25,10.25
2020-10-01,43,25.0,,0.25,10.75
2020-10-02,50,25.0,,0.25,12.5
2020-10-03,53,25.0,,0.25,13.25
2020-10-04,0,8.0,False,0.08,0.0
2020-10-05,0,8.0,,0.08,0.0
2020-10-06,0,8.0,,0.08,0.0
2020-10-07,42,8.0,,0.08,3.36
2020-10-08,0,8.0,,0.08,0.0
2020-10-09,0,8.0,,0.08,0.0
2020-10-10,0,8.0,,0.08,0.0
2020-10-11,0,54.0,False,0.54,0.0
2020-10-12,45,54.0,,0.54,24.3
2020-10-13,45,54.0,,0.54,24.3
2020-10-14,0,54.0,,0.54,0.0
2020-10-15,47,54.0,,0.54,25.380000000000003
2020-10-16,55,54.0,,0.54,29.700000000000003
2020-10-17,0,54.0,,0.54,0.0
2020-10-18,0,18.0,False,0.18,0.0
2020-10-19,0,18.0,,0.18,0.0
2020-10-20,0,18.0,,0.18,0.0
2020-10-21,0,18.0,,0.18,0.0
2020-10-22,47,18.0,,0.18,8.459999999999999
2020-10-23,52,18.0,,0.18,9.36
2020-10-24,0,18.0,,0.18,0.0
2020-10-25,0,36.0,False,0.36,0.0
2020-10-26,0,36.0,,0.36,0.0
2020-10-27,0,36.0,,0.36,0.0
2020-10-28,0,36.0,,0.36,0.0
2020-10-29,0,36.0,,0.36,0.0
2020-10-30,100,36.0,,0.36,36.0
2020-10-31,0,36.0,,0.36,0.0
2020-11-01,0,24.0,False,0.24,0.0
2020-11-02,51,24.0,,0.24,12.24
2020-11-03,100,24.0,,0.24,24.0
2020-11-04,0,24.0,,0.24,0.0
2020-11-05,0,24.0,,0.24,0.0
2020-11-06,0,24.0,,0.24,0.0
2020-11-07,0,24.0,,0.24,0.0
2020-11-08,0,18.0,False,0.18,0.0
2020-11-09,52,18.0,,0.18,9.36
2020-11-10,52,18.0,,0.18,9.36
2020-11-11,0,18.0,,0.18,0.0
2020-11-12,54,18.0,,0.18,9.719999999999999
2020-11-13,0,18.0,,0.18,0.0
2020-11-14,0,18.0,,0.18,0.0
2020-11-15,0,9.0,False,0.09,0.0
2020-11-16,0,9.0,,0.09,0.0
2020-11-17,52,9.0,,0.09,4.68
2020-11-18,0,9.0,,0.09,0.0
2020-11-19,0,9.0,,0.09,0.0
2020-11-20,0,9.0,,0.09,0.0
2020-11-21,0,9.0,,0.09,0.0
2020-11-22,0,9.0,False,0.09,0.0
2020-11-23,51,9.0,,0.09,4.59
2020-11-24,51,9.0,,0.09,4.59
2020-11-25,0,9.0,,0.09,0.0
2020-11-26,0,9.0,,0.09,0.0
2020-11-27,0,9.0,,0.09,0.0
2020-11-28,0,9.0,,0.09,0.0
2020-11-29,52,18.0,False,0.18,9.36
2020-11-30,0,18.0,,0.18,0.0
2020-12-01,0,18.0,,0.18,0.0
2020-12-02,43,18.0,,0.18,7.739999999999999
2020-12-03,0,18.0,,0.18,0.0
2020-12-04,0,18.0,,0.18,0.0
2020-12-05,0,18.0,,0.18,0.0
2020-12-06,49,37.0,False,0.37,18.13
2020-12-07,42,37.0,,0.37,15.54
2020-12-08,0,37.0,,0.37,0.0
2020-12-09,0,37.0,,0.37,0.0
2020-12-10,0,37.0,,0.37,0.0
2020-12-11,100,37.0,,0.37,37.0
2020-12-12,0,37.0,,0.37,0.0
2020-12-13,0,19.0,False,0.19,0.0
2020-12-14,0,19.0,,0.19,0.0
2020-12-15,0,19.0,,0.19,0.0
2020-12-16,0,19.0,,0.19,0.0
2020-12-17,44,19.0,,0.19,8.36
2020-12-18,0,19.0,,0.19,0.0
2020-12-19,0,19.0,,0.19,0.0
2020-12-20,0,10.0,False,0.1,0.0
2020-12-21,45,10.0,,0.1,4.5
2020-12-22,0,10.0,,0.1,0.0
2020-12-23,47,10.0,,0.1,4.7
2020-12-24,0,10.0,,0.1,0.0
2020-12-25,61,10.0,,0.1,6.1000000000000005
2020-12-26,0,10.0,,0.1,0.0
2020-12-27,52,20.0,False,0.2,10.4
2020-12-28,0,20.0,,0.2,0.0
2020-12-29,49,20.0,,0.2,9.8
2020-12-30,0,20.0,,0.2,0.0
2020-12-31,0,20.0,,0.2,0.0
2021-01-01,0,20.0,,0.2,0.0
2021-01-02,0,20.0,,0.2,0.0
2021-01-03,0,27.0,False,0.27,0.0
2021-01-04,0,27.0,,0.27,0.0
2021-01-05,0,27.0,,0.27,0.0
2021-01-06,87,27.0,,0.27,23.490000000000002
2021-01-07,0,27.0,,0.27,0.0
2021-01-08,88,27.0,,0.27,23.76
2021-01-09,0,27.0,,0.27,0.0
2021-01-10,0,35.0,False,0.35,0.0
2021-01-11,0,35.0,,0.35,0.0
2021-01-12,0,35.0,,0.35,0.0
2021-01-13,0,35.0,,0.35,0.0
2021-01-14,0,35.0,,0.35,0.0
2021-01-15,92,35.0,,0.35,32.199999999999996
2021-01-16,0,35.0,,0.35,0.0
2021-01-17,0,9.0,False,0.09,0.0
2021-01-18,0,9.0,,0.09,0.0
2021-01-19,0,9.0,,0.09,0.0
2021-01-20,78,9.0,,0.09,7.02
2021-01-21,82,9.0,,0.09,7.38
2021-01-22,0,9.0,,0.09,0.0
2021-01-23,99,9.0,,0.09,8.91
2021-01-24,0,18.0,False,0.18,0.0
2021-01-25,81,18.0,,0.18,14.58
2021-01-26,0,18.0,,0.18,0.0
2021-01-27,0,18.0,,0.18,0.0
2021-01-28,82,18.0,,0.18,14.76
2021-01-29,0,18.0,,0.18,0.0
2021-01-30,0,18.0,,0.18,0.0
2021-01-31,100,9.0,False,0.09,9.0
