Date(NZST),RH(%)_m,Tmax(C)_m,Tmin(C)_m,Dir(DegT)_m,Speed(m/s)_m,Pmsl(hPa),Prec,RH(%)_s,Tmax(C)_s,Tmin(C)_s,Dir(DegT)_s,Speed(m/s)_s,MaxTemp,MinTemp,RelHum,WindSpeed,Pressure
2018-01-01,71,25.2,17.8,345.0,1.9,1010.4,0.0,,,,,,23.8,19.9,,0.3208333333333334,1007.9930555555555
2018-01-02,88,25.0,16.5,49.0,2.2,1012.3,6.2,,,,,,25.0,20.0,,0.4993055555555557,1009.3263888888887
2018-01-03,73,27.1,17.3,100.0,2.8,1011.4,0.0,,,,,,24.9,19.7,,0.5729166666666665,1008.4236111111113
2018-01-04,91,26.8,20.8,52.0,3.8,1008.6,0.4,,,,,,22.2,20.1,,0.5763888888888885,1000.7777777777777
2018-01-05,91,22.0,18.8,16.0,9.5,985.0,43.2,,,,,,22.0,19.1,,0.9395833333333335,987.7291666666665
2018-01-06,87,21.8,18.0,246.0,3.7,1004.0,14.2,,,,,,23.2,19.1,,0.34861111111111104,1002.4375
2018-01-07,72,22.6,17.5,248.0,2.5,1012.2,0.0,,,,,,25.7,19.2,,0.4575539568345324,1009.820143884892
2018-01-08,67,23.8,15.2,229.0,3.2,1016.3,0.0,,,,,,25.6,18.4,,0.4631944444444445,1014.2916666666665
2018-01-09,78,24.4,13.3,308.0,1.2,1020.0,0.0,,,,,,27.6,18.3,,0.44166666666666665,1016.2847222222223
2018-01-10,74,27.4,15.7,267.0,1.2,1018.0,0.0,,,,,,28.9,19.5,,0.45625,1015.2638888888887
2018-01-11,77,26.5,16.3,268.0,1.9,1017.7,0.0,,,,,,28.1,20.4,,0.3534722222222222,1014.3958333333335
2018-01-12,85,26.6,16.8,302.0,1.3,1016.4,0.0,,,,,,26.3,20.6,,0.4736111111111112,1013.2291666666665
2018-01-13,78,29.1,20.4,57.0,3.4,1017.6,0.0,,,,,,26.5,21.4,,0.5347222222222221,1014.0486111111113
2018-01-14,84,26.3,19.9,38.0,3.6,1016.0,0.0,,,,,,26.9,20.9,,0.4861111111111109,1013.3611111111113
2018-01-15,77,26.8,20.0,63.0,4.1,1016.9,0.4,,,,,,24.8,21.5,,0.5131944444444445,1014.3333333333335
2018-01-16,75,26.8,20.0,51.0,5.4,1016.8,0.0,,,,,,24.3,20.5,,0.4798611111111112,1014.1527777777777
2018-01-17,73,25.7,19.4,44.0,6.8,1016.1,0.0,,,,,,23.8,20.3,,0.8638888888888889,1013.625
2018-01-18,95,24.8,19.4,34.0,6.2,1013.8,11.2,,,,,,21.7,19.5,,0.7819444444444444,1010.8541666666665
2018-01-19,92,21.2,19.0,20.0,4.6,1014.3,21.6,,,,,,25.0,20.0,,0.7222222222222222,1012.0555555555555
2018-01-20,81,26.3,20.2,39.0,3.3,1018.5,0.2,,,,,,27.6,21.3,,0.5847222222222225,1015.2777777777777
2018-01-21,87,26.7,20.0,40.0,2.6,1018.7,0.0,,,,,,26.2,22.0,,0.5798611111111112,1015.3125
2018-01-22,95,27.1,18.8,2.0,2.9,1016.4,11.4,,,,,,24.8,20.0,,0.4145833333333333,1012.8194444444445
2018-01-23,90,25.3,18.6,59.0,1.7,1015.4,4.4,,,,,,26.9,21.7,,0.4041666666666666,1012.1458333333335
2018-01-24,84,27.4,17.7,197.0,2.0,1015.8,8.0,,,,,,28.3,21.4,,0.4743055555555555,1013.1875
2018-01-25,86,27.0,18.1,224.0,1.8,1017.1,0.0,,,,,,28.6,21.4,,0.4486111111111113,1013.7083333333335
2018-01-26,83,27.0,20.7,281.0,1.2,1015.7,0.0,,,,,,26.9,22.4,,0.4138888888888889,1013.0208333333335
2018-01-27,83,28.4,17.6,125.0,1.2,1016.8,0.0,,,,,,27.4,22.3,,0.3562500000000002,1013.8402777777777
2018-01-28,83,28.0,17.9,143.0,1.7,1016.3,1.2,,,,,,28.3,21.9,,0.4756944444444442,1013.7916666666665
2018-01-29,77,28.8,19.6,117.0,1.8,1019.3,0.0,,,,,,28.3,22.2,,0.5472222222222225,1016.5555555555555
2018-01-30,78,28.1,18.9,44.0,2.9,1020.1,0.0,,,,,,27.2,21.9,,0.5347222222222219,1016.3194444444445
2018-01-31,71,27.3,20.0,51.0,5.4,1014.6,0.0,,,,,,26.7,21.7,,0.6236111111111112,1013.4
2018-02-01,85,26.8,21.2,26.0,7.6,1002.0,0.4,,,,,,23.6,20.5,,0.8868055555555556,998.5
2018-02-02,78,22.6,16.0,240.0,2.6,998.6,31.8,,,,,,25.5,19.2,,0.515277777777778,
2018-02-03,89,24.0,13.7,6.0,2.0,1003.0,0.4,,,,,,21.4,17.1,,0.5118055555555556,
2018-02-04,88,22.9,14.6,150.0,2.1,1013.8,23.2,,,,,,22.3,16.5,,0.4181818181818183,
2018-02-05,90,23.2,15.8,139.0,1.6,1010.5,23.0,,,,,,25.2,18.5,,0.4034722222222222,1005.8356164383563
2018-02-06,93,25.8,12.4,272.0,1.1,1009.9,7.6,,,,,,25.5,18.0,,0.44652777777777775,1007.6597222222223
2018-02-07,70,24.3,15.1,164.0,2.8,1016.1,0.0,,,,,,25.2,18.5,,0.5812499999999999,1013.8819444444445
2018-02-08,71,25.5,14.7,137.0,3.4,1020.3,0.6,,,,,,22.0,17.3,,0.6611111111111112,1016.1944444444445
2018-02-09,96,22.8,15.0,167.0,3.8,1013.4,11.2,,,,,,21.9,16.3,,0.6236111111111112,1009.7222222222223
2018-02-10,98,21.4,15.9,110.0,2.0,1008.4,8.2,,,,,,22.6,20.1,,0.3006944444444447,1006.1333333333333
2018-02-11,97,22.7,21.2,50.0,4.3,1005.2,17.6,,,,,,23.2,21.6,,0.4701388888888889,
2018-02-12,98,23.2,19.5,42.0,2.1,1009.2,33.8,,,,,,26.4,21.8,,0.4636363636363636,1007.6901408450703
2018-02-13,98,27.6,22.1,28.0,2.8,1012.6,15.2,,,,,,23.9,22.5,,0.4451388888888889,1009.1538461538463
2018-02-14,91,23.9,21.0,30.0,2.3,1012.5,12.0,,,,,,26.1,21.5,,0.3590277777777781,1009.6666666666665
2018-02-15,79,26.6,18.4,192.0,2.8,1014.3,8.6,,,,,,27.6,20.6,,0.4244755244755245,1011.4
2018-02-16,97,26.6,14.2,148.0,0.3,1016.2,0.0,,,,,,27.9,19.5,,0.4270833333333332,1013.0
2018-02-17,97,29.1,17.6,97.0,0.6,1015.1,0.0,,,,,,26.6,22.0,,0.4472222222222225,1012.8571428571428
2018-02-18,98,26.8,18.2,183.0,0.5,1017.0,0.0,,,,,,26.3,22.7,,0.4062499999999999,1014.2727272727273
2018-02-19,92,27.7,21.1,342.0,0.9,1015.1,0.0,,,,,,27.0,23.1,,0.39097222222222217,1009.816091954023
2018-02-20,83,28.0,21.3,22.0,5.4,1005.8,1.2,,,,,,27.1,22.3,,0.7104166666666663,1002.0416666666665
2018-02-21,80,26.9,17.9,245.0,2.1,1006.6,4.8,,,,,,24.6,19.2,,0.4666666666666663,1003.9027777777777
2018-02-22,78,24.2,15.7,316.0,2.4,1007.3,2.2,,,,,,25.3,17.8,,0.4805555555555554,1004.8263888888887
2018-02-23,94,23.0,13.1,213.0,1.7,1011.1,0.8,,,,,,25.6,18.1,,0.5034722222222227,1008.7847222222223
2018-02-24,80,24.4,12.4,280.0,0.7,1016.5,0.0,,,,,,25.8,18.4,,0.4034722222222224,1013.25
2018-02-25,96,24.7,12.0,309.0,0.6,1016.8,0.0,,,,,,27.3,17.5,,0.3819444444444444,1012.4305555555555
2018-02-26,89,27.1,13.9,319.0,1.3,1012.5,0.0,,,,,,26.8,19.0,,0.44375,1010.0833333333335
2018-02-27,86,25.2,18.6,341.0,0.4,1017.1,0.0,,,,,,23.6,19.9,,0.4534722222222223,1014.2777777777777
2018-02-28,77,25.5,19.6,60.0,5.7,1017.0,0.0,,,,,,23.6,20.5,,0.36527777777777776,1013.9861111111113
2018-03-01,80,23.8,18.8,69.0,5.0,1012.8,0.2,,,,,,24.2,20.0,,0.6124999999999999,1009.1875
2018-03-02,93,25.1,19.0,68.0,4.8,1011.1,1.2,,,,,,25.2,20.0,,0.5854166666666667,1008.1805555555555
2018-03-03,71,26.0,18.9,67.0,4.5,1011.3,0.4,,,,,,25.3,21.3,,0.5319444444444448,1008.3125
2018-03-04,77,26.6,19.6,79.0,3.8,1010.8,0.0,,,,,,26.3,21.4,,0.5604166666666668,1007.7222222222223
2018-03-05,91,27.4,15.7,152.0,1.2,1010.8,0.0,,,,,,28.0,20.1,,0.4124999999999999,1007.5833333333335
2018-03-06,97,28.5,15.5,165.0,0.2,1010.3,0.0,,,,,,27.3,20.4,,0.4694444444444445,1006.0852713178294
2018-03-07,92,28.5,19.4,329.0,2.5,1002.8,0.0,,,,,,27.5,18.5,,0.4395833333333335,997.4195804195804
2018-03-08,88,26.5,14.5,135.0,3.0,1002.2,4.2,,,,,,22.1,18.6,,0.4499999999999999,996.1898734177215
2018-03-09,85,22.6,14.9,151.0,1.9,1007.7,5.0,,,,,,26.2,18.6,,0.4527777777777775,1003.5
2018-03-10,67,26.6,12.5,165.0,2.2,1018.6,0.0,,,,,,23.3,16.8,,0.4694444444444445,1012.0
2018-03-11,72,25.4,14.3,165.0,1.9,1020.3,0.0,,,,,,22.0,17.1,,0.5020833333333333,1012.375
2018-03-12,74,23.6,15.2,176.0,4.3,1011.4,0.0,,,,,,19.0,16.8,,0.8284722222222225,1001.7142857142856
2018-03-13,77,18.4,15.6,240.0,3.5,1007.7,13.2,,,,,,24.9,18.8,,0.43958333333333344,1003.6105263157897
2018-03-14,82,23.4,14.4,253.0,1.3,1016.5,3.0,,,,,,24.0,17.0,,0.4416666666666666,1011.2222222222223
2018-03-15,98,22.8,10.7,166.0,0.5,1020.1,0.0,,,,,,23.0,16.6,,0.3472222222222224,1013.375
2018-03-16,96,22.2,12.0,344.0,0.9,1014.6,0.0,,,,,,24.4,17.7,,0.3486111111111113,1008.6319444444445
2018-03-17,98,24.2,12.8,142.0,0.6,1017.0,0.0,,,,,,22.8,18.3,,0.5506944444444445,1012.125874125874
2018-03-18,70,23.9,15.7,137.0,3.0,1024.9,0.0,,,,,,22.3,17.2,,0.6576388888888893,1018.7
2018-03-19,81,24.4,14.7,152.0,2.4,1025.6,0.0,,,,,,22.7,17.2,,0.5548611111111109,1020.0
2018-03-20,97,24.9,13.8,149.0,1.8,1026.6,1.0,,,,,,23.6,17.5,,0.5243055555555552,1019.1694915254236
2018-03-21,86,25.8,13.3,154.0,1.8,1023.5,0.8,,,,,,23.8,17.6,,0.34652777777777805,1016.5972222222223
2018-03-22,98,25.5,12.7,169.0,0.9,1020.4,0.8,,,,,,23.8,18.3,,0.491666666666667,1014.0259740259739
2018-03-23,74,24.6,16.3,77.0,2.9,1019.6,0.4,,,,,,22.4,18.0,,0.4458333333333333,1014.125
2018-03-24,83,24.1,16.9,51.0,3.2,1021.3,24.0,,,,,,23.7,17.9,,0.40625,1015.25
2018-03-25,97,23.5,16.0,264.0,0.7,1021.6,10.4,,,,,,23.9,17.7,,0.32569444444444445,1015.4444444444445
2018-03-26,98,24.7,12.8,160.0,0.8,1023.6,0.0,,,,,,24.2,18.1,,0.3722222222222221,1017.4444444444445
2018-03-27,98,25.2,14.6,136.0,0.5,1025.0,0.0,,,,,,23.9,19.9,,0.4758865248226951,1017.702380952381
2018-03-28,-,23.5,13.8,0.0,0.0,1023.0,0.0,,,,,,23.0,19.0,,0.4138888888888889,1016.4583333333335
2018-03-29,-,24.6,16.7,0.0,0.0,1020.1,0.0,,,,,,26.1,19.3,,0.3312500000000002,1013.4583333333335
2018-03-30,-,26.6,16.7,316.0,0.1,1017.5,0.6,,,,,,23.5,18.6,,0.3277777777777779,1011.2569444444445
2018-03-31,-,24.6,12.9,0.0,0.0,1016.3,0.6,,,,,,25.1,17.7,,0.30625,1010.0902777777777
2018-04-01,-,24.7,13.3,213.0,2.3,1019.7,0.4,,,,,,23.6,17.7,,0.4291666666666668,1013.2777777777777
2018-04-02,-,22.6,11.6,212.0,1.1,1022.0,0.0,,,,,,23.2,17.5,,0.4062499999999999,1015.0
2018-04-03,-,22.7,10.6,296.0,0.8,1020.2,0.0,,,,,,23.6,17.1,,0.33055555555555555,1013.0694444444445
2018-04-04,-,25.2,13.6,323.0,1.8,1016.7,0.0,,,,,,26.1,17.9,,0.3402777777777777,1009.8333333333335
2018-04-05,-,25.6,12.5,220.0,2.8,1015.7,1.6,,,,,,23.6,17.3,,0.484722222222222,1009.8055555555555
2018-04-06,-,23.4,10.6,0.0,0.0,1018.2,0.0,,,,,,23.7,17.4,,0.3666666666666665,1011.023622047244
2018-04-07,62,24.7,11.4,247.0,1.0,1016.7,0.0,,,,,,24.5,17.5,,0.3722222222222222,1009.9
2018-04-08,80,24.2,10.1,291.0,0.1,1017.9,0.2,,,,,,23.6,15.9,,0.3756944444444445,1010.25
2018-04-09,79,22.4,8.8,320.0,1.0,1013.5,0.0,,,,,,23.4,15.9,,0.25972222222222235,1003.5833333333335
2018-04-10,82,22.5,16.5,317.0,6.2,999.2,6.6,,,,,,21.9,13.3,,0.6916666666666668,991.1875
2018-04-11,90,21.6,8.2,184.0,4.6,1004.4,21.8,,,,,,14.0,9.2,,0.7811594202898551,994.0
2018-04-12,62,14.7,7.9,136.0,1.9,1012.3,5.0,,,,,,18.5,11.7,,,
2018-04-13,61,18.4,13.1,240.0,5.9,1012.0,3.8,,,,,,21.4,15.4,,,
2018-04-14,95,19.9,14.5,276.0,4.3,1010.8,28.2,,,,,,21.1,16.1,,,
2018-04-15,99,20.8,14.9,0.0,0.0,1015.2,10.4,,,,,,19.9,17.6,,,
2018-04-16,87,23.2,17.1,345.0,4.0,1009.4,2.8,,,,,,22.9,18.4,,0.18125,1004.6666666666665
2018-04-17,91,23.2,15.0,325.0,1.5,1012.4,3.0,,,,,,24.9,17.4,,0.2826388888888891,1005.5
2018-04-18,74,24.4,16.0,233.0,3.7,1012.2,2.8,,,,,,20.2,15.5,,0.4868055555555555,1006.8
2018-04-19,70,18.9,9.7,231.0,0.9,1020.9,1.0,,,,,,20.8,14.5,,0.3506944444444445,1013.8888888888887
2018-04-20,84,19.9,10.9,287.0,1.0,1020.1,0.0,,,,,,22.4,15.5,,0.3069444444444445,1012.4545454545456
2018-04-21,84,20.6,12.3,317.0,1.8,1015.9,0.6,,,,,,21.7,15.7,,0.25555555555555576,1008.0
2018-04-22,85,20.9,12.7,220.0,2.4,1017.4,2.4,,,,,,20.8,15.9,,0.42657342657342656,1012.5
2018-04-23,76,19.9,10.5,,,1023.2,0.0,,,,,,19.1,16.1,,0.3819444444444442,1016.4444444444445
2018-04-24,88,18.3,12.8,,,1022.1,0.0,,,,,,19.3,14.5,,0.3423611111111111,1016.0
2018-04-25,88,18.4,8.9,,,1021.0,0.2,,,,,,20.7,14.4,,0.353472222222222,1014.6
2018-04-26,95,20.6,7.5,,,1023.6,0.0,,,,,,20.1,13.4,,0.4055555555555557,1016.75
2018-04-27,96,20.9,10.2,,,1019.2,0.0,,,,,,19.6,15.9,,0.4479166666666669,1010.6666666666665
2018-04-28,88,20.4,14.4,,,1006.8,1.0,,,,,,19.4,17.5,,0.6381944444444447,1000.0
2018-04-29,92,19.5,17.2,,,1002.1,25.4,,,,,,21.2,18.6,,0.4708333333333335,994.8571428571428
2018-04-30,85,22.8,15.6,,,998.7,0.0,,,,,,21.4,17.6,,0.4465277777777776,992.6666666666665
2018-05-01,84,21.1,13.9,,,1002.3,1.2,,,,,,21.0,16.5,,0.4618055555555559,996.0
2018-05-02,80,21.5,13.9,,,1009.1,0.0,,,,,,20.8,15.3,,0.5701388888888892,1004.2
2018-05-03,72,22.2,7.0,,,1021.1,0.0,,,,,,18.2,11.6,,0.34375000000000017,1014.0
2018-05-04,98,18.2,5.7,205.0,0.2,1025.5,0.0,,,,,,19.6,12.6,,0.35555555555555585,1018.8333333333335
2018-05-05,98,19.8,8.4,182.0,0.4,1026.6,0.0,,,,,,19.2,14.5,,0.28333333333333344,1019.5714285714287
2018-05-06,96,19.3,11.1,331.0,1.7,1021.5,1.0,,,,,,19.8,14.9,,0.2511111111111113,1014.75
2018-05-07,65,20.6,10.2,219.0,4.2,1021.1,0.4,,,,,,19.8,15.5,,0.4749999999999999,1015.2
2018-05-08,73,19.0,8.8,242.0,1.4,1025.0,0.0,,,,,,20.6,14.8,,0.34236111111111145,1018.0
2018-05-09,96,19.7,8.7,298.0,0.4,1027.7,0.0,,,,,,21.5,15.5,,0.3409722222222224,1020.3333333333335
2018-05-10,99,20.9,9.2,226.0,0.4,1027.9,0.0,,,,,,19.2,13.6,,0.4437499999999997,1019.0
2018-05-11,84,20.0,13.7,23.0,2.3,1021.8,0.0,,,,,,20.9,17.6,,0.46875,1014.8
2018-05-12,90,20.5,16.8,48.0,1.7,1016.4,4.0,,,,,,19.1,17.5,,0.3503496503496503,1010.0
2018-05-13,97,18.9,16.9,346.0,0.6,1015.1,20.4,,,,,,21.1,16.8,,0.4583333333333336,1008.1666666666665
2018-05-14,97,23.4,16.0,354.0,0.5,1013.5,3.6,,,,,,22.6,16.9,,0.3173611111111112,1007.6
2018-05-15,92,23.7,17.0,26.0,2.4,1012.9,0.0,,,,,,20.6,18.3,,0.5244755244755246,1006.0
2018-05-16,85,22.1,15.3,14.0,2.8,1006.5,0.0,,,,,,22.1,16.4,,0.32847222222222233,1000.3333333333335
2018-05-17,93,21.6,12.1,335.0,1.7,1010.7,4.4,,,,,,18.7,13.4,,0.3993055555555554,1004.0
2018-05-18,97,17.4,7.9,164.0,0.3,1018.0,0.6,,,,,,20.6,13.2,,0.3041666666666665,1012.0
2018-05-19,79,19.3,9.3,332.0,4.2,1015.3,0.0,,,,,,18.9,14.1,,0.415277777777778,1007.6
2018-05-20,99,19.6,7.6,344.0,1.0,1014.0,18.4,,,,,,20.0,13.6,,0.28541666666666665,1007.0
2018-05-21,84,19.8,11.4,310.0,2.3,1009.6,8.2,,,,,,21.0,14.9,,0.288111888111888,1003.0
2018-05-22,95,20.2,12.6,343.0,1.8,1007.3,5.2,,,,,,20.5,14.7,,0.4888888888888887,1000.25
2018-05-23,93,19.4,10.5,287.0,3.4,996.0,21.6,,,,,,16.5,10.4,,0.4583333333333336,989.0
2018-05-24,74,14.9,9.0,204.0,1.1,1008.1,9.8,,,,,,17.1,10.6,,0.3284722222222224,1000.0
2018-05-25,84,17.2,12.3,280.0,3.2,1003.1,16.2,,,,,,16.9,10.9,,0.4215277777777775,994.0
2018-05-26,71,16.5,6.7,182.0,4.0,1009.1,10.6,,,,,,15.4,9.6,,0.5368055555555551,1006.0
2018-05-27,84,15.8,11.3,252.0,5.0,1011.2,2.4,,,,,,16.6,12.2,,0.3527777777777777,1004.0
2018-05-28,71,16.6,6.9,157.0,2.7,1013.8,4.4,,,,,,12.5,9.8,,0.6251748251748251,
2018-05-29,79,12.6,1.4,138.0,2.6,1020.1,0.0,,,,,,14.1,8.2,,0.4027777777777777,
2018-05-30,99,14.2,0.9,154.0,0.2,1021.0,0.0,,,,,,15.0,8.4,,0.3902777777777777,1013.0
2018-05-31,99,13.9,1.3,172.0,0.1,1020.7,0.0,,,,,,14.8,8.9,,0.4458333333333335,
2018-06-01,99,15.2,1.2,160.0,0.7,1022.1,0.0,,,,,,15.4,8.9,,0.4854166666666667,1015.0
2018-06-02,70,17.0,6.2,68.0,5.7,1020.3,0.0,,,,,,16.5,13.7,,0.6270833333333332,
2018-06-03,94,16.4,13.2,95.0,5.1,1010.6,10.8,,,,,,16.4,13.3,,0.4893617021276594,1003.0
2018-06-04,91,17.0,12.3,90.0,5.2,998.6,30.2,,,,,,16.7,14.3,,0.6333333333333333,
2018-06-05,86,16.9,13.8,211.0,4.6,997.2,27.4,,,,,,17.4,14.5,,0.5638888888888888,
2018-06-06,84,17.0,10.2,271.0,1.2,1010.3,0.4,,,,,,14.8,9.2,,0.4597222222222224,1002.0
2018-06-07,70,12.8,5.2,158.0,3.4,1014.4,8.2,,,,,,13.3,7.9,,0.6743055555555555,
2018-06-08,75,13.2,7.2,166.0,2.7,1022.5,0.0,,,,,,16.0,11.4,,0.4482517482517481,1017.0
2018-06-09,99,16.5,3.1,178.0,0.8,1027.7,0.0,,,,,,15.5,9.8,,0.3750000000000002,1021.0
2018-06-10,99,17.1,5.6,159.0,1.2,1024.2,0.0,,,,,,15.4,12.0,,0.3604166666666664,1018.0
2018-06-11,83,14.9,9.5,166.0,3.6,1015.5,0.0,,,,,,13.4,11.1,,0.9237762237762236,
2018-06-12,92,12.9,10.3,220.0,4.9,1004.1,28.4,,,,,,15.7,12.5,,0.5377622377622382,997.5
2018-06-13,92,15.0,12.4,263.0,2.3,1009.7,3.6,,,,,,18.2,13.0,,0.17692307692307704,1010.0
2018-06-14,99,17.1,7.4,138.0,0.2,1016.4,0.6,,,,,,17.8,12.6,,0.27847222222222245,
2018-06-15,99,17.4,6.2,338.0,0.9,1019.1,0.0,,,,,,18.0,11.3,,0.3173611111111112,1018.0422535211267
2018-06-16,99,18.1,11.4,312.0,0.3,1016.2,3.0,,,,,,18.6,14.5,,0.22361111111111112,1015.0694444444445
2018-06-17,97,19.4,8.9,321.0,1.4,1013.8,2.6,,,,,,19.3,13.8,,0.25555555555555565,1012.8819444444445
2018-06-18,96,17.8,8.8,8.0,1.6,1007.4,0.0,,,,,,18.4,13.8,,0.4279720279720279,1007.5524475524477
2018-06-19,98,19.2,10.9,333.0,0.8,1009.6,4.0,,,,,,17.1,13.4,,0.3840277777777778,1009.7430555555555
2018-06-20,86,18.6,11.1,147.0,1.9,1014.5,0.2,,,,,,13.8,11.6,,0.2,1013.0
2018-06-21,88,13.0,9.5,154.0,3.8,1012.3,13.2,,,,,,13.2,10.1,,0.7308823529411764,1012.7735294117647
2018-06-22,97,12.6,3.0,150.0,1.7,1017.6,2.2,,,,,,14.5,9.0,,0.4805555555555554,1016.3423611111112
2018-06-23,98,14.8,4.0,325.0,0.7,1019.6,0.2,,,,,,15.3,9.7,,0.23472222222222244,1017.3708333333329
2018-06-24,98,15.9,7.9,346.0,1.4,1016.7,2.6,,,,,,16.0,11.3,,0.3041666666666667,1013.9138888888887
2018-06-25,94,16.9,10.7,342.0,2.0,1009.0,25.6,,,,,,14.0,9.6,,0.5319444444444446,1008.2381944444444
2018-06-26,87,13.2,7.0,276.0,2.5,1011.4,6.2,,,,,,12.9,8.3,,0.5312499999999997,1010.0097222222224
2018-06-27,99,12.5,0.7,152.0,0.3,1021.1,13.0,,,,,,13.7,6.8,,0.4694444444444444,1018.672222222222
2018-06-28,99,14.3,3.0,149.0,0.5,1023.2,0.2,,,,,,14.1,8.7,,0.3458333333333337,1020.7534722222223
2018-06-29,99,14.7,6.0,168.0,2.5,1025.4,2.2,,,,,,12.4,8.8,,0.4152777777777779,1024.5187500000004
2018-06-30,99,12.6,0.5,229.0,0.4,1031.5,0.0,,,,,,15.0,5.0,,0.3701388888888893,1029.6847222222225
2018-07-01,98,15.2,4.4,169.0,0.2,1027.8,0.0,,,,,,14.4,10.7,,0.26293706293706304,1023.755944055944
2018-07-02,77,14.3,7.9,247.0,2.4,1020.2,6.2,,,,,,17.6,11.5,,0.21736111111111125,1018.3305555555554
2018-07-03,96,16.5,4.9,154.0,3.1,1024.4,1.4,,,,,,13.6,9.9,,0.5583333333333333,1022.6916666666664
2018-07-04,99,14.1,-0.2,190.0,0.7,1027.7,0.0,,,,,,13.7,7.4,,0.3833333333333333,1025.3604166666667
2018-07-05,91,14.3,4.2,53.0,0.2,1025.6,0.0,,,,,,13.7,11.8,,0.4097222222222221,1023.7833333333333
2018-07-06,97,14.2,4.9,148.0,1.1,1024.1,0.0,,,,,,14.4,10.3,,0.3881944444444448,1021.8166666666667
2018-07-07,99,15.8,4.2,164.0,0.3,1019.8,0.0,,,,,,15.8,10.4,,0.2645833333333334,1017.5916666666667
2018-07-08,78,15.7,6.4,15.0,2.9,1012.9,0.0,,,,,,16.3,12.2,,0.5666666666666665,1008.5972222222223
2018-07-09,84,17.1,11.9,342.0,5.7,1001.5,5.0,,,,,,16.3,12.6,,0.5878787878787877,1000.420202020202
2018-07-10,86,16.3,7.8,281.0,2.0,1006.6,6.8,,,,,,15.3,10.2,,0.3699300699300699,1007.074125874126
2018-07-11,99,15.2,3.8,136.0,0.6,1021.0,3.4,,,,,,16.1,10.5,,0.27361111111111125,1019.1729166666668
2018-07-12,99,15.7,5.0,136.0,0.5,1026.2,0.2,,,,,,17.1,10.8,,0.3527777777777779,1024.4743055555555
2018-07-13,99,16.4,2.2,174.0,0.6,1028.9,0.0,,,,,,13.7,9.8,,0.45,1025.86875
2018-07-14,89,15.4,5.8,70.0,4.5,1020.5,0.0,,,,,,15.9,11.9,,0.4787234042553194,1017.7312056737593
2018-07-15,97,16.1,12.6,42.0,4.1,1012.7,40.6,,,,,,15.2,12.2,,0.6381944444444437,1010.4611111111113
2018-07-16,98,14.0,8.1,329.0,0.9,1013.0,21.0,,,,,,17.5,11.9,,0.25000000000000017,1011.1964788732396
2018-07-17,99,17.1,5.8,112.0,0.4,1013.6,0.2,,,,,,17.0,11.6,,0.28260869565217417,1011.8398550724639
2018-07-18,99,17.3,5.7,337.0,0.1,1014.8,0.4,,,,,,16.5,10.6,,0.5014285714285718,1013.3428571428572
2018-07-19,98,16.2,7.7,332.0,0.6,1016.0,0.2,,,,,,16.5,12.3,,0.2791666666666668,1014.8083333333329
2018-07-20,99,16.9,5.0,173.0,0.3,1020.8,2.0,,,,,,16.5,11.0,,0.4500000000000002,1019.090972222222
2018-07-21,99,16.4,4.6,149.0,0.5,1021.1,0.0,,,,,,16.1,11.1,,0.40138888888888896,1017.6222222222225
2018-07-22,97,16.5,7.6,341.0,1.9,1013.1,5.8,,,,,,15.8,12.0,,0.3169014084507046,1011.5091549295772
2018-07-23,99,16.3,4.4,153.0,0.9,1016.2,1.4,,,,,,15.7,10.5,,0.37013888888888896,1013.9027777777777
2018-07-24,99,14.7,3.1,150.0,0.4,1015.8,2.2,,,,,,14.0,9.1,,0.5562499999999998,1013.35625
2018-07-25,99,14.5,2.1,166.0,0.6,1014.4,0.0,,,,,,16.0,8.4,,0.4635714285714287,1011.7114285714287
2018-07-26,75,15.8,6.9,273.0,3.4,1011.1,1.4,,,,,,18.4,12.2,,0.3305555555555555,1009.53125
2018-07-27,99,17.2,3.6,121.0,0.3,1012.0,0.0,,,,,,15.3,10.5,,0.2671328671328673,1009.7013986013983
2018-07-28,76,15.6,6.7,268.0,2.8,1012.7,3.8,,,,,,17.9,12.7,,0.2174825174825176,1009.7636363636364
2018-07-29,99,16.5,6.1,21.0,0.9,1009.9,1.6,,,,,,18.5,12.0,,0.2764705882352941,1008.0198529411763
2018-07-30,71,17.3,9.9,251.0,1.2,1016.2,0.0,,,,,,16.1,10.8,,0.4,1014.5744680851063
2018-07-31,82,15.8,2.9,81.0,1.5,1017.3,0.0,,,,,,15.5,10.8,,0.4374999999999999,1015.6833333333336
2018-08-01,98,16.5,6.3,172.0,0.1,1018.7,0.0,,,,,,17.6,12.2,,0.3319444444444448,1017.1076388888887
2018-08-02,99,17.4,5.8,47.0,0.4,1020.5,0.2,,,,,,15.5,8.6,,0.4874125874125873,1017.3692307692309
2018-08-03,98,16.8,9.4,219.0,0.2,1015.8,5.0,,,,,,15.4,11.4,,0.37253521126760575,1013.5654929577464
2018-08-04,99,15.8,3.1,224.0,0.1,1016.1,0.2,,,,,,16.5,8.2,,0.5583333333333338,1013.9965277777777
2018-08-05,92,15.5,7.8,219.0,2.5,1013.0,0.0,,,,,,14.7,11.6,,0.4944444444444441,1010.4375000000003
2018-08-06,99,14.6,5.6,71.0,0.3,1010.7,0.6,,,,,,15.6,10.9,,0.4583333333333332,1009.3520833333333
2018-08-07,98,16.5,6.5,132.0,1.1,1014.3,0.2,,,,,,17.3,11.7,,0.4608391608391607,1012.7965034965034
2018-08-08,94,17.5,9.6,360.0,1.5,1013.5,0.0,,,,,,15.9,12.2,,0.6159722222222221,1010.9305555555555
2018-08-09,96,15.6,6.0,255.0,0.5,1017.3,7.4,,,,,,16.9,11.9,,0.4875,1015.8729166666667
2018-08-10,98,16.8,4.3,118.0,0.3,1022.1,0.2,,,,,,17.8,11.6,,0.547183098591549,1019.8161971830984
2018-08-11,98,17.5,5.3,138.0,0.9,1023.3,0.0,,,,,,16.5,11.1,,0.5111111111111111,1021.4465277777775
2018-08-12,96,17.8,4.5,152.0,0.7,1021.9,0.0,,,,,,16.3,11.1,,0.402777777777778,1018.7854166666664
2018-08-13,98,17.0,4.9,101.0,1.4,1012.4,0.0,,,,,,15.1,11.3,,0.6557142857142856,1008.3264285714283
2018-08-14,84,15.7,10.5,304.0,3.4,998.0,9.4,,,,,,16.3,11.4,,0.45138888888888895,997.545833333333
2018-08-15,71,15.6,10.3,235.0,5.0,1002.8,5.6,,,,,,16.4,11.3,,0.74375,1002.3194444444447
2018-08-16,75,15.8,9.4,257.0,1.3,1010.5,0.0,,,,,,18.5,12.9,,0.23636363636363675,1007.7447552447552
2018-08-17,93,17.8,12.0,312.0,1.5,1005.2,8.6,,,,,,15.7,12.7,,0.27259259259259283,1004.1214814814813
2018-08-18,75,15.6,8.3,240.0,2.9,1008.5,5.6,,,,,,16.1,11.1,,0.4576388888888889,1007.4930555555555
2018-08-19,98,16.0,2.8,321.0,0.5,1012.5,0.0,,,,,,15.7,8.9,,0.4875000000000002,1009.7256944444445
2018-08-20,87,15.6,7.2,35.0,3.9,1003.1,0.0,,,,,,17.2,12.6,,0.4944444444444445,999.7611111111113
2018-08-21,93,17.0,10.2,311.0,2.1,994.5,4.0,,,,,,14.8,10.8,,0.3437500000000003,994.1715277777784
2018-08-22,75,14.3,9.4,324.0,1.3,1004.5,6.2,,,,,,15.3,10.9,,0.3370629370629371,1001.6923076923076
2018-08-23,86,15.9,10.1,282.0,2.9,1001.7,7.4,,,,,,16.1,11.2,,0.4244755244755245,1001.0545454545456
2018-08-24,88,15.7,5.9,207.0,1.9,1006.6,1.6,,,,,,15.5,9.6,,0.5979166666666663,1005.6944444444445
2018-08-25,63,15.6,7.1,227.0,4.0,1013.4,0.8,,,,,,16.5,11.2,,0.6638888888888892,1012.2131944444444
2018-08-26,76,16.1,9.6,240.0,1.4,1020.4,0.0,,,,,,15.8,12.1,,0.5180555555555557,1018.6291666666667
2018-08-27,81,15.0,6.6,179.0,0.5,1023.9,0.0,,,,,,14.3,11.8,,0.34307692307692306,1021.7938461538464
2018-08-28,98,17.3,4.8,108.0,0.7,1022.3,0.0,,,,,,,,,,0.0
2018-08-29,96,17.1,11.7,48.0,4.1,1012.3,23.0,,,,,,17.4,13.3,,0.2699999999999999,428.4372881355932
2018-08-30,98,17.8,6.9,182.0,2.3,1008.7,4.0,,,,,,16.9,11.1,,0.5222222222222221,1005.9381944444444
2018-08-31,99,17.1,5.6,11.0,0.9,1003.7,0.0,,,,,,17.3,10.9,,0.34444444444444444,1001.440277777778
2018-09-01,99,18.6,5.8,331.0,0.6,1005.3,3.0,,,,,,17.7,9.9,,0.3819444444444444,1002.4694444444444
2018-09-02,86,18.2,10.0,343.0,4.3,997.5,6.2,,,,,,16.8,13.3,,0.518840579710145,997.7579710144928
2018-09-03,89,17.2,9.1,339.0,2.9,1006.4,3.6,,,,,,14.1,9.7,,0.3552447552447553,1005.4300699300699
2018-09-04,76,13.4,3.2,177.0,2.6,1014.2,4.8,,,,,,13.8,8.0,,0.6986013986013984,1012.5760563380284
2018-09-05,75,13.6,6.6,167.0,4.6,1018.0,0.0,,,,,,15.7,9.5,,0.7021428571428572,1015.6014084507043
2018-09-06,93,16.4,9.2,195.0,2.8,1016.6,1.0,,,,,,13.5,10.4,,0.800694444444444,1014.6097222222224
2018-09-07,65,12.9,9.3,182.0,4.9,1014.6,6.8,,,,,,15.4,10.8,,0.7208333333333335,1012.2881944444447
2018-09-08,72,16.0,10.4,161.0,3.4,1015.8,0.0,,,,,,17.5,11.4,,0.8131944444444446,1012.7590277777775
2018-09-09,64,17.3,9.7,222.0,4.0,1011.8,0.0,,,,,,15.0,10.6,,0.7451388888888888,1009.49375
2018-09-10,65,15.7,9.7,37.0,1.4,1006.5,0.0,,,,,,14.4,12.0,,0.6249999999999998,1004.2847222222223
2018-09-11,84,15.8,10.9,180.0,2.5,1008.0,0.6,,,,,,16.9,12.3,,0.4929577464788733,1008.1190140845073
2018-09-12,96,18.1,5.1,202.0,0.1,1022.1,0.0,,,,,,17.3,11.0,,0.5486111111111109,1020.5430555555556
2018-09-13,70,18.2,6.3,219.0,2.9,1026.6,0.0,,,,,,15.8,11.8,,0.6847222222222221,1024.865972222222
2018-09-14,61,16.0,12.3,212.0,4.4,1026.1,0.0,,,,,,16.6,13.5,,0.6583333333333334,1023.8444444444444
2018-09-15,84,17.4,8.6,162.0,2.9,1025.3,0.0,,,,,,18.1,13.4,,0.5763888888888888,1022.9430555555556
2018-09-16,59,19.6,11.8,7.0,3.4,1022.6,0.0,,,,,,17.2,14.5,,0.8034722222222223,1020.5381944444442
2018-09-17,89,18.2,13.3,33.0,3.0,1020.0,0.2,,,,,,18.6,14.5,,0.8763888888888889,1017.9868055555555
2018-09-18,88,19.8,12.2,160.0,2.2,1017.5,0.2,,,,,,17.6,15.1,,0.7145833333333336,1014.676388888889
2018-09-19,81,17.4,13.9,156.0,3.3,1015.1,8.0,,,,,,18.1,14.9,,0.8347222222222223,1012.6451388888887
2018-09-20,66,18.3,12.1,163.0,3.1,1010.1,0.0,,,,,,21.0,14.1,,0.6798611111111116,1008.0479166666668
2018-09-21,88,21.0,12.0,321.0,1.6,1008.0,0.0,,,,,,18.6,14.0,,0.36527777777777776,1005.9784722222223
2018-09-22,80,18.7,10.5,114.0,3.4,1010.6,0.6,,,,,,17.8,13.2,,0.4756944444444444,1009.1326388888887
2018-09-23,67,18.0,6.9,186.0,2.4,1013.8,0.0,,,,,,17.9,11.2,,0.6701388888888888,1011.5138888888887
2018-09-24,67,17.2,11.1,271.0,3.6,1010.5,0.0,,,,,,19.0,12.3,,0.3631944444444445,1007.4874999999997
2018-09-25,69,18.1,9.5,253.0,5.3,1006.9,7.8,,,,,,15.5,10.3,,0.6020833333333333,1005.65
2018-09-26,63,14.0,9.8,244.0,4.9,1011.0,5.0,,,,,,17.5,11.0,,0.4618055555555557,1009.859722222222
2018-09-27,62,15.4,9.9,223.0,3.0,1016.6,1.6,,,,,,17.4,11.2,,0.6131944444444439,1015.8111111111112
2018-09-28,69,16.9,5.1,336.0,1.2,1023.6,0.0,,,,,,16.5,10.3,,0.6111111111111109,1022.2020833333332
2018-09-29,78,16.3,3.8,349.0,1.4,1027.4,0.2,,,,,,17.5,9.5,,0.4638888888888892,1025.5784722222224
2018-09-30,96,17.7,3.1,229.0,0.3,1027.5,0.0,,,,,,17.3,9.8,,0.4659722222222221,1025.6562499999998
2018-10-01,78,19.0,9.8,327.0,1.7,1026.4,0.0,,,,,,19.0,14.0,61.11249999999998,0.2319444444444446,1024.2618055555554
2018-10-02,96,18.3,12.3,181.0,1.3,1024.6,2.0,,,,,,17.5,12.8,67.23402777777783,0.2,1022.9055555555556
2018-10-03,93,18.8,7.2,240.0,0.5,1025.1,1.4,,,,,,17.6,12.0,67.10624999999999,,1022.5666666666667
2018-10-04,96,18.8,9.2,237.0,0.4,1020.7,0.0,,,,,,17.1,13.6,72.85833333333333,,1018.8930555555554
2018-10-05,97,18.1,6.9,208.0,1.4,1019.7,0.0,,,,,,20.3,12.8,62.21388888888888,,1018.828472222222
2018-10-06,87,19.4,9.0,171.0,1.8,1023.9,0.0,,,,,,18.6,13.1,65.63680555555557,,1022.792361111111
2018-10-07,92,19.9,9.4,315.0,0.4,1023.8,0.0,,,,,,18.1,14.3,68.45126050420167,,1021.0462184873953
2018-10-08,79,19.7,11.0,222.0,1.5,1021.6,0.0,,,,,,19.2,12.9,57.59861111111115,,1019.8159722222223
2018-10-09,85,18.9,5.5,332.0,0.7,1020.2,0.0,,,,,,18.4,10.8,53.79160839160841,,1018.2405594405597
2018-10-10,72,17.5,6.1,290.0,1.8,1017.9,0.0,,,,,,18.1,11.6,52.759027777777774,,1015.675
2018-10-11,82,18.0,5.3,16.0,1.0,1015.3,0.0,,,,,,17.7,12.4,74.4208333333333,,1011.4381944444444
2018-10-12,91,18.5,12.1,312.0,6.4,1002.9,17.4,,,,,,17.5,12.2,67.43472222222225,,1003.698611111111
2018-10-13,68,16.9,7.4,152.0,7.3,1014.6,1.4,,,,,,15.1,8.8,52.053472222222226,,1015.0930555555552
2018-10-14,68,14.5,4.7,221.0,1.5,1026.3,0.0,,,,,,18.5,10.2,52.90629370629371,,1025.7132867132866
2018-10-15,94,17.1,4.8,82.0,0.2,1032.7,0.0,,,,,,20.0,10.6,57.47291666666667,,1030.6284722222224
2018-10-16,88,19.8,5.1,332.0,0.9,1031.3,0.0,,,,,,17.1,10.8,55.85804195804195,0.4986013986013984,1028.7405594405598
2018-10-17,63,17.2,11.7,238.0,4.1,1024.5,0.0,,,,,,16.9,12.7,54.21250000000001,0.5222222222222219,1022.7020833333336
2018-10-18,81,16.4,11.4,232.0,3.2,1023.1,0.0,,,,,,18.1,12.3,65.13333333333333,0.5263888888888889,1022.4826388888887
2018-10-19,73,17.8,6.8,63.0,2.9,1029.1,0.2,,,,,,20.4,12.7,61.55244755244754,0.5629370629370629,1027.6902097902098
2018-10-20,90,19.6,6.4,13.0,0.5,1028.9,0.0,,,,,,22.9,13.0,60.22222222222221,0.3458333333333333,1026.5256944444445
2018-10-21,81,21.3,10.6,329.0,1.4,1026.8,0.0,,,,,,21.0,15.3,64.8597222222222,0.3520833333333335,1024.8465277777775
2018-10-22,82,21.5,9.0,254.0,0.6,1026.3,0.0,,,,,,20.7,13.4,61.94444444444443,0.4159722222222222,1024.3423611111114
2018-10-23,83,21.4,8.7,312.0,0.8,1025.5,0.0,,,,,,20.9,13.4,62.29999999999999,0.4701388888888888,1023.0354166666667
2018-10-24,91,21.1,8.0,338.0,1.1,1023.0,0.0,,,,,,21.1,13.5,59.61944444444444,0.5201388888888886,1020.5527777777776
2018-10-25,78,21.0,9.9,328.0,1.2,1018.6,0.0,,,,,,20.7,14.4,60.885416666666686,0.3555555555555557,1016.171527777778
2018-10-26,62,20.2,13.7,221.0,3.8,1014.4,2.2,,,,,,19.6,14.0,57.85763888888886,0.4631944444444445,1012.275
2018-10-27,75,19.3,9.4,28.0,3.3,1010.2,0.0,,,,,,19.8,13.4,70.6041958041958,0.5090909090909089,1006.6748251748253
2018-10-28,89,21.4,14.2,317.0,2.3,1002.3,12.8,,,,,,20.4,15.1,65.1493055555556,0.3180555555555556,999.9972222222217
2018-10-29,84,20.4,12.2,346.0,3.7,994.1,0.6,,,,,,20.3,13.3,67.55664335664332,0.4447552447552446,992.9699300699311
2018-10-30,90,18.2,12.2,252.0,2.2,997.1,15.0,,,,,,16.0,13.2,70.46643356643357,0.341958041958042,997.2804195804193
2018-10-31,69,15.9,9.7,143.0,2.9,1008.9,6.4,,,,,,21.5,12.9,57.57412587412588,0.3944055944055945,1007.4104895104897
2018-11-01,88,19.6,13.1,265.0,3.9,1008.7,4.8,,,,,,17.5,13.1,56.23194444444446,0.672222222222222,1009.709722222222
2018-11-02,59,16.3,10.9,197.0,4.6,1023.4,1.0,,,,,,19.1,12.5,48.26944444444441,0.5472222222222223,1020.8097222222225
2018-11-03,77,18.7,12.4,284.0,2.8,1017.3,0.0,,,,,,18.6,13.8,64.97986111111112,0.5034722222222221,1013.563888888889
2018-11-04,68,19.4,14.6,232.0,4.6,1007.4,5.0,,,,,,21.8,14.2,58.11532846715328,0.5613138686131388,1006.4270072992699
2018-11-05,73,19.1,12.6,238.0,4.4,1012.5,0.0,,,,,,19.6,13.6,57.06180555555554,0.4923611111111112,1011.8256944444445
2018-11-06,82,18.8,10.1,240.0,1.9,1018.2,0.0,,,,,,20.1,14.0,61.511111111111106,0.3749999999999999,1016.7291666666665
2018-11-07,88,20.5,7.9,337.0,1.0,1018.5,0.0,,,,,,20.9,13.6,70.0847222222222,0.4340277777777778,1016.8208333333334
2018-11-08,95,21.0,15.1,334.0,2.2,1016.5,0.0,,,,,,20.4,17.2,79.88333333333338,0.3333333333333337,1014.9944444444444
2018-11-09,80,21.6,15.3,7.0,3.0,1015.0,0.2,,,,,,21.0,14.6,72.72535211267605,0.3845070422535212,1012.7570422535213
2018-11-10,60,23.4,11.7,200.0,5.5,1017.5,2.8,,,,,,19.4,13.0,54.6013986013986,0.5916083916083916,1016.5986013986012
2018-11-11,81,18.2,7.4,131.0,0.4,1022.2,0.0,,,,,,18.2,12.9,72.24295774647888,0.434507042253521,1020.7690140845073
2018-11-12,82,20.0,12.8,188.0,1.7,1023.0,8.4,,,,,,20.5,13.9,66.11944444444447,0.4486111111111112,1020.8416666666667
2018-11-13,71,21.2,8.6,218.0,3.6,1022.1,0.0,,,,,,21.3,13.2,60.188194444444456,0.4895833333333333,1020.7104166666666
2018-11-14,75,20.5,10.8,121.0,1.8,1024.7,0.0,,,,,,20.9,15.3,65.686013986014,0.42797202797202794,1023.8727272727272
2018-11-15,67,21.8,13.3,76.0,3.6,1026.7,0.0,,,,,,20.8,15.7,56.72569444444443,0.6062499999999998,1024.3243055555554
2018-11-16,74,21.5,10.0,9.0,2.1,1022.4,0.0,,,,,,22.1,14.9,59.00833333333336,0.43472222222222223,1019.6034722222223
2018-11-17,80,22.0,9.7,336.0,1.0,1017.2,0.0,,,,,,23.5,15.3,57.35140845070421,0.3958041958041959,1014.7021126760563
2018-11-18,87,22.2,10.6,358.0,0.7,1012.2,0.0,,,,,,23.1,15.6,57.84825174825174,0.3538461538461539,1009.5559440559442
2018-11-19,74,22.4,13.5,227.0,2.1,1005.6,5.4,,,,,,19.8,11.7,58.64615384615386,0.5153846153846156,1003.5902097902098
2018-11-20,71,18.1,5.8,39.0,0.9,1003.7,1.4,,,,,,18.5,10.7,59.9513888888889,0.44097222222222215,1002.4854166666664
2018-11-21,87,16.0,5.7,308.0,2.9,1007.3,8.8,,,,,,17.8,11.7,65.97291666666665,0.4923611111111114,1004.3465277777775
2018-11-22,82,17.6,8.7,320.0,0.7,1004.1,9.8,,,,,,19.4,12.0,62.143750000000026,0.4513888888888887,1003.8291666666668
2018-11-23,83,19.6,7.1,341.0,0.6,1008.6,0.2,,,,,,22.2,12.5,61.28680555555556,0.5520833333333335,1007.015972222222
2018-11-24,96,21.2,15.5,53.0,5.3,1006.1,13.4,,,,,,17.8,15.7,79.62777777777781,0.5006944444444447,1003.7680555555555
2018-11-25,96,18.9,15.7,44.0,4.2,996.9,8.8,,,,,,20.8,16.8,77.63611111111112,0.3083333333333337,996.6131944444446
2018-11-26,80,21.9,13.0,338.0,1.8,1000.3,16.6,,,,,,21.4,15.9,67.92986111111111,0.3833333333333338,999.2090277777776
2018-11-27,81,23.0,15.2,155.0,0.6,999.6,2.2,,,,,,22.9,16.7,67.65000000000002,0.39791666666666653,997.0819444444453
2018-11-28,79,22.1,14.6,198.0,3.3,998.3,0.0,,,,,,24.4,17.6,63.92430555555554,0.4083333333333334,998.8791666666664
2018-11-29,80,24.7,13.0,201.0,0.4,1009.1,0.0,,,,,,23.9,17.1,65.10347222222227,0.5229166666666667,1008.0416666666667
2018-11-30,77,23.9,17.8,41.0,5.0,1012.2,0.0,,,,,,20.7,17.9,69.06388888888888,0.5237762237762235,1009.8534722222223
2018-12-01,85,21.7,16.6,49.0,7.0,1007.0,2.2,,,,,,19.4,17.0,76.88263888888888,0.5631944444444443,1004.3534722222224
2018-12-02,86,20.3,17.6,31.0,3.9,1005.4,2.2,,,,,,23.1,18.4,73.93142857142854,0.5807142857142861,1002.810071942446
2018-12-03,87,23.1,16.8,349.0,3.0,1001.2,4.2,,,,,,20.2,16.9,80.06041666666667,0.4756944444444442,1000.3076388888884
2018-12-04,96,21.5,16.7,42.0,2.2,1002.9,15.4,,,,,,22.4,17.1,73.02551020408163,0.3010204081632653,1002.3836734693879
2018-12-05,66,21.7,14.9,268.0,2.9,1010.3,9.4,,,,,,23.2,15.5,,,
2018-12-06,78,21.1,12.3,269.0,2.0,1011.3,3.2,,,,,,20.7,13.7,,,
2018-12-07,56,18.6,9.5,171.0,4.2,1021.0,2.6,,,,,,21.6,13.9,47.63163265306121,0.6500000000000002,1020.6244897959184
2018-12-08,72,19.6,12.0,197.0,4.2,1023.5,0.0,,,,,,23.1,15.2,58.32083333333334,0.5083333333333336,1020.895138888889
2018-12-09,73,20.7,14.6,196.0,5.1,1019.5,0.0,,,,,,22.9,16.9,58.74444444444447,0.5618055555555554,1016.7652777777776
2018-12-10,72,21.2,16.0,213.0,4.6,1014.6,0.0,,,,,,22.1,17.0,62.45416666666665,0.488888888888889,1012.4020833333333
2018-12-11,78,22.6,13.1,344.0,1.1,1013.6,0.0,,,,,,24.4,17.1,64.25486111111114,0.4604166666666665,1012.0131944444446
2018-12-12,85,23.8,15.4,326.0,1.0,1012.6,0.0,,,,,,23.6,17.7,63.39375,0.5381944444444445,1011.015277777778
2018-12-13,80,23.0,15.9,326.0,1.9,1014.1,0.0,,,,,,24.9,18.5,60.49583333333333,0.4298611111111114,1012.5701388888887
2018-12-14,71,23.9,17.2,9.0,3.1,1017.0,0.0,,,,,,23.2,18.3,66.2601398601399,0.4153846153846156,1015.4552447552451
2018-12-15,82,23.4,15.0,47.0,2.8,1019.2,3.6,,,,,,22.5,17.0,67.85694444444441,0.5527777777777778,1018.1888888888884
2018-12-16,82,23.2,14.5,60.0,0.7,1024.1,0.0,,,,,,26.5,18.5,65.15902777777774,0.33263888888888915,1022.2708333333335
2018-12-17,83,25.0,15.4,324.0,1.2,1025.8,3.6,,,,,,25.3,19.2,63.280555555555544,0.38888888888888906,1022.7680555555555
2018-12-18,71,26.0,15.1,191.0,2.5,1018.6,0.0,,,,,,26.6,19.1,59.13333333333336,0.4937500000000002,1015.19375
2018-12-19,68,25.3,15.4,260.0,3.6,1009.7,0.0,,,,,,27.1,19.1,59.66666666666664,0.4840277777777776,1007.2027777777776
2018-12-20,91,24.3,16.5,343.0,4.5,1001.8,14.4,,,,,,23.2,16.9,72.0638888888889,0.4562499999999999,1000.7270833333334
2018-12-21,82,22.9,14.7,254.0,3.1,1002.8,6.0,,,,,,23.4,17.2,64.61388888888888,0.35416666666666663,1001.55
2018-12-22,78,22.0,14.2,288.0,1.7,1006.6,0.4,,,,,,24.9,16.0,63.9680555555556,0.3548611111111113,1004.817361111111
2018-12-23,84,23.8,16.4,154.0,1.5,1007.5,0.6,,,,,,20.6,17.3,80.74097222222218,0.4479166666666666,1006.6534722222225
2018-12-24,97,20.7,18.5,14.0,1.4,1010.7,31.0,,,,,,20.3,18.0,85.51805555555556,0.5076388888888889,1007.5895833333336
2018-12-25,81,20.6,17.0,5.0,4.0,1003.3,52.0,,,,,,21.6,17.3,78.41875,0.4826388888888888,1000.8229166666664
2018-12-26,72,21.7,16.6,221.0,5.6,1009.6,7.8,,,,,,23.0,17.7,62.96458333333334,0.6263888888888887,1008.859722222222
2018-12-27,62,22.9,15.8,200.0,5.1,1015.8,0.0,,,,,,23.6,17.0,53.47083333333333,0.4979166666666667,1014.4215277777776
2018-12-28,60,21.7,13.3,197.0,4.2,1019.3,0.0,,,,,,23.8,16.2,53.29027777777782,0.40069444444444413,1018.1951388888887
2018-12-29,75,23.6,13.3,53.0,1.7,1023.0,0.0,,,,,,23.6,18.0,64.7472222222222,0.4374999999999998,1021.41875
2018-12-30,76,24.6,13.2,280.0,1.5,1022.6,0.0,,,,,,26.4,17.5,58.22361111111112,0.4479166666666666,1020.428472222222
2018-12-31,70,24.6,17.2,223.0,2.0,1018.8,0.0,,,,,,24.0,18.9,63.47708333333333,0.4173611111111113,1016.0868055555553
2019-01-01,78,23.1,18.0,218.0,3.3,1014.5,0.0,,,,,,23.9,19.6,65.25208333333332,0.4395833333333334,1012.7354166666668
2019-01-02,82,23.4,19.0,229.0,2.4,1014.3,0.0,,,,,,25.7,19.4,60.679050287009346,0.47383211497330097,1017.5842824297088
2019-01-03,85,25.1,15.7,260.0,1.6,1014.3,0.0,,,,,,25.9,19.0,61.723933281971036,0.4611514267848029,1018.5460754351376
2019-01-04,67,24.7,20.0,234.0,4.6,1014.1,0.0,,,,,,25.4,19.1618118253594,59.47164060563686,0.5702908873387059,1019.4161680064263
2019-01-05,74,23.6,14.4,249.0,1.2,1019.3,0.0,,,,,,27.7,18.2,59.829533114487724,0.4805877553000166,1021.3832513184567
2019-01-06,76,25.5,13.1,239.0,2.1,1018.0,0.0,,,,,,27.0,16.3654671067505,63.546863204459655,0.522448415314921,1011.1946011455592
2019-01-07,75,25.4,15.8,228.0,2.6,1017.6,0.0,,,,,,27.2,16.0173098616238,65.04572594950875,0.5010882511242373,1005.2715762186757
2019-01-08,66,26.8,19.4,174.0,3.5,1018.8,0.0,,,,,,26.5,15.6691526164971,64.22918617353008,0.512482701951444,1004.6862581752174
2019-01-09,71,24.5,14.4,176.0,2.3,1019.2,0.0,,,,,,25.5,15.320995371370401,66.57607232347735,0.5213308564823546,1004.0405234650892
2019-01-10,80,25.6,18.5,328.0,1.5,1019.3,0.0,,,,,,26.7,14.9728381262437,67.87643069564683,0.5028641961984504,1003.1366869031108
2019-01-11,82,27.5,16.9,304.0,1.2,1020.1,0.0,,,,,,28.1,14.624680881117001,66.88813166040893,0.4837030914701018,1002.6002114522432
2019-01-12,61,27.6,18.5,198.0,3.6,1021.2,0.0,,,,,,26.3,14.2765236359903,65.36372151405989,0.5388475422973082,1002.0095693347107
2019-01-13,76,27.2,19.4,72.0,3.2,1018.3,0.0,,,,,,27.3,13.9283663908636,68.2413947010442,0.5324179190504413,999.8439272171763
2019-01-14,93,26.1,18.2,311.0,3.7,1007.2,2.2,,,,,,23.2,13.5802091457369,69.225086406547,0.5377938513591298,995.8713406551973
2019-01-15,80,21.9,12.9,161.0,3.2,1006.4,14.4,,,,,,21.9,13.2659005216642,70.12702139300063,0.5314327862695745,995.22363776637
2019-01-16,72,21.1,14.8,194.0,2.4,1007.1,0.0,,,,,,25.2,16.5854831436014,65.52327625479309,0.5443009241659266,1000.427292143676
2019-01-17,78,24.2,18.8,200.0,5.0,1008.9,0.0,,,,,,,,,,
2019-01-18,72,24.6,17.8,213.0,3.6,1012.3,0.0,,,,,,,,,,
2019-01-19,71,24.8,18.3,202.0,2.1,1014.8,0.0,,,,,,,,,,
2019-01-20,84,26.4,20.3,278.0,3.7,1010.9,0.0,,,,,,,,,,
2019-01-21,59,24.1,17.2,223.0,5.0,1011.9,0.4,,,,,,,,,,
2019-01-22,61,24.6,18.1,206.0,6.2,1015.0,0.0,,,,,,,,,,
2019-01-23,72,23.9,14.7,219.0,3.5,1014.1,0.0,,,,,,,,,,
2019-01-24,97,25.3,20.3,294.0,3.7,1010.3,0.4,,,,,,,,,,
2019-01-25,74,22.6,13.6,189.0,4.0,1016.6,3.2,,,,,,,,,,
2019-01-26,68,24.7,14.8,246.0,1.3,1018.7,0.0,,,,,,,,,,
2019-01-27,69,24.0,14.3,246.0,1.7,1017.2,0.0,,,,,,,,,,
2019-01-28,90,24.6,19.6,217.0,2.6,1018.2,0.2,,,,,,,,,,
2019-01-29,80,26.4,19.7,183.0,3.4,1018.6,0.0,,,,,,,,,,
2019-01-30,78,29.8,20.6,78.0,3.0,1024.0,0.0,,,,,,,,,,
2019-01-31,70,27.9,19.0,36.0,2.2,1022.6,0.0,,,,,,,,,,
2019-02-01,74,26.4,16.0,285.0,0.5,1018.0,0.0,,,,,,,,,,
2019-02-02,95,27.1,15.1,217.0,2.6,1015.7,0.0,,,,,,,,,,
2019-02-03,65,26.5,18.6,103.0,2.8,1021.9,0.0,,,,,,,,,,
2019-02-04,67,25.3,16.4,80.0,3.5,1022.9,0.0,,,,,,,,,,
2019-02-05,84,26.9,14.2,88.0,0.4,1019.7,0.0,,,,,,,,,,
2019-02-06,84,27.9,14.2,105.0,0.7,1018.1,0.0,,,,,,,,,,
2019-02-07,68,28.0,18.6,111.0,3.8,1023.2,0.0,,,,,,,,,,
2019-02-08,64,22.0,16.4,128.0,3.7,1022.1,0.0,,,,,,,,,,
2019-02-09,68,24.6,16.0,111.0,2.6,1017.5,0.0,,,,,,,,,,
2019-02-10,75,26.2,13.7,181.0,2.3,1012.6,0.0,,,,,,,,,,
2019-02-11,81,27.7,14.3,49.0,0.6,1006.6,0.0,,,,,,,,,,
2019-02-12,88,28.4,15.1,318.0,2.5,1006.6,0.0,,,,,,,,,,
2019-02-13,86,27.6,15.1,176.0,1.5,1011.8,0.0,,,,,,,,,,
2019-02-14,86,26.8,14.4,343.0,0.6,1013.4,0.0,,,,,,,,,,
2019-02-15,80,28.4,15.1,223.0,1.4,1013.6,0.0,,,,,,,,,,
2019-02-16,66,27.3,18.1,192.0,5.6,1012.4,0.0,,,,,,25.6,19.6,53.69181818181817,0.5627272727272726,1010.6963636363637
2019-02-17,84,24.4,13.9,338.0,0.7,1014.4,0.0,,,,,,25.4,18.6,64.65624999999996,0.4770833333333338,1013.0333333333333
2019-02-18,93,26.0,15.7,167.0,3.3,1015.4,2.0,,,,,,25.0,18.6,59.48749999999999,0.4631944444444442,1013.7673611111113
2019-02-19,68,24.5,13.5,227.0,1.8,1015.5,0.0,,,,,,26.2,18.2,55.97500000000001,0.3756944444444446,1013.675
2019-02-20,84,26.8,14.5,143.0,0.4,1015.2,0.0,,,,,,25.6,19.1,67.07083333333333,0.4708333333333331,1014.047222222222
2019-02-21,86,26.2,20.4,40.0,3.5,1016.8,0.0,,,,,,25.5,21.7,71.83194444444442,0.598611111111111,1015.4861111111113
2019-02-22,93,26.8,19.5,10.0,1.9,1014.7,1.0,,,,,,22.7,20.3,76.43958333333333,0.4687500000000001,1012.2388888888886
2019-02-23,98,23.3,19.6,221.0,2.8,1005.6,13.4,,,,,,21.9,19.6,70.80069444444446,0.3513888888888889,1004.1048611111114
2019-02-24,74,21.4,15.9,235.0,2.1,1000.0,0.8,,,,,,24.8,16.5,56.63124999999999,0.3833333333333331,999.940972222222
2019-02-25,58,23.3,13.2,167.0,5.7,1011.5,0.8,,,,,,22.0,14.6,44.96736111111114,0.915972222222222,1011.7645833333332
2019-02-26,58,23.3,10.6,178.0,2.3,1021.8,0.0,,,,,,24.2,14.8,43.62569444444443,0.4680555555555553,1019.7576388888887
2019-02-27,77,24.6,9.9,130.0,0.7,1019.8,0.0,,,,,,23.9,16.2,53.53263888888886,0.4152777777777778,1016.9923611111113
2019-02-28,65,23.5,14.7,197.0,5.2,1017.2,0.0,,,,,,23.0,17.7,51.59722222222221,0.4979166666666667,1016.8437500000003
2019-03-01,63,22.3,16.1,102.0,1.7,1024.4,0.0,,,,,,22.0,16.6,51.54930555555554,0.4312499999999997,1022.8027777777777
2019-03-02,73,22.6,11.2,158.0,3.2,1026.3,0.0,,,,,,23.2,15.9,48.704861111111114,0.4673611111111111,1024.961111111111
2019-03-03,81,24.6,9.7,142.0,0.4,1030.0,0.0,,,,,,26.6,15.9,53.76090225563912,0.407462686567164,1027.1902255639095
2019-03-04,92,26.7,11.8,229.0,0.6,1027.7,0.0,,,,,,25.7,17.3,63.55972222222226,0.4527777777777778,1025.8916666666667
2019-03-05,63,24.9,15.9,202.0,3.1,1025.4,0.0,,,,,,23.9,18.1,55.41805555555555,0.3986111111111112,1023.546527777778
2019-03-06,89,22.8,11.1,142.0,0.5,1023.6,0.0,,,,,,25.2,16.9,61.17605633802818,0.3957746478873239,1021.7654929577466
2019-03-07,96,26.4,12.5,166.0,0.6,1021.8,0.0,,,,,,23.7,18.7,69.64375000000001,0.4729166666666668,1019.467361111111
2019-03-08,86,24.9,17.0,5.0,3.3,1016.3,5.6,,,,,,23.9,17.0,76.2416666666667,0.37777777777777777,1016.2875
2019-03-09,92,23.0,11.8,355.0,3.3,1016.9,17.2,,,,,,19.7,15.5,70.51748251748255,0.4384615384615385,1015.7811188811186
2019-03-10,83,20.4,12.0,213.0,2.2,1017.2,13.6,,,,,,23.9,16.5,63.03958333333339,0.42291666666666666,1015.5215277777776
2019-03-11,100,24.3,11.9,27.0,0.2,1018.4,0.0,,,,,,25.7,16.9,62.313194444444456,0.3562500000000001,1016.7527777777775
2019-03-12,92,25.7,15.5,354.0,0.2,1019.6,0.0,,,,,,22.8,18.8,64.69225352112679,0.4605633802816901,1017.7760563380284
2019-03-13,86,24.8,14.6,320.0,1.4,1019.6,0.0,,,,,,27.6,19.1,63.22323943661972,0.3302816901408452,1018.1542253521127
2019-03-14,96,26.5,14.4,137.0,0.3,1020.7,0.0,,,,,,27.1,19.2,64.08943661971833,0.33661971830985965,1019.2202797202797
2019-03-15,89,27.1,15.0,321.0,0.6,1022.7,0.0,,,,,,25.9,20.5,66.16875000000002,0.5034722222222225,1021.4229166666668
2019-03-16,94,25.5,15.8,154.0,1.3,1022.5,0.0,,,,,,24.2,20.4,67.65277777777777,0.4097222222222221,1021.45
2019-03-17,97,26.8,16.5,184.0,0.8,1024.6,0.0,,,,,,25.5,20.3,65.84374999999993,0.398611111111111,1023.484722222222
2019-03-18,78,26.7,18.8,60.0,1.8,1024.9,0.0,,,,,,23.1,19.2,69.35277777777779,0.457638888888889,1022.7875
2019-03-19,92,25.4,18.5,9.0,1.7,1023.3,1.0,,,,,,20.6,18.7,73.14861111111118,0.3888888888888889,1021.9631944444444
2019-03-20,84,20.6,15.9,150.0,1.5,1023.8,0.0,,,,,,22.9,19.3,62.17847222222221,0.3472222222222221,1022.215972222222
2019-03-21,93,23.7,13.0,177.0,0.7,1025.1,0.0,,,,,,24.6,18.4,65.86944444444444,0.488194444444444,1023.721527777778
2019-03-22,91,25.9,15.8,251.0,0.4,1026.4,0.0,,,,,,25.6,20.1,66.90416666666668,0.3631944444444445,1024.00625
2019-03-23,100,25.9,14.0,184.0,0.3,1023.4,0.0,,,,,,24.6,17.8,66.00833333333335,0.40069444444444463,1021.4819444444446
2019-03-24,97,25.3,14.9,53.0,1.2,1023.3,1.8,,,,,,22.8,18.5,66.50833333333337,0.461111111111111,1022.0708333333333
2019-03-25,93,24.5,15.5,202.0,0.4,1026.3,0.0,,,,,,24.9,20.3,59.78680555555556,0.4590277777777777,1024.559722222222
2019-03-26,100,24.8,13.4,236.0,0.2,1026.0,0.0,,,,,,24.7,19.5,61.41805555555553,0.4506944444444447,1023.5118055555554
2019-03-27,73,25.2,14.3,340.0,3.6,1020.1,0.0,,,,,,24.4,19.1,63.163194444444464,0.38125000000000014,1018.1541666666667
2019-03-28,94,24.9,17.7,337.0,1.8,1019.5,7.8,,,,,,22.5,18.3,73.3895833333333,0.4138888888888889,1019.0034722222224
2019-03-29,74,22.8,17.3,70.0,3.8,1023.7,0.2,,,,,,24.0,18.8,64.90209790209785,0.7517482517482519,1022.6237762237764
2019-03-30,79,25.4,19.6,94.0,3.0,1024.5,0.0,,,,,,23.1,19.6,64.81944444444441,0.7756944444444449,1022.9277777777776
2019-03-31,83,24.8,18.6,82.0,3.2,1021.0,0.0,,,,,,24.0,19.1,71.0236111111111,0.4958333333333334,1018.8875000000003
2019-04-01,97,24.9,19.8,23.0,3.7,1014.7,16.2,,,,,,21.9,19.2,81.45486111111114,0.4722222222222223,1013.3208333333333
2019-04-02,73,22.7,16.6,195.0,3.4,1016.9,20.8,,,,,,22.3,16.9,58.71041666666664,0.4937500000000004,1016.1652777777775
2019-04-03,73,21.5,11.0,172.0,2.7,1021.9,0.0,,,,,,18.7,15.6,62.34166666666667,0.4048611111111109,1020.4993055555552
2019-04-04,79,18.6,13.0,153.0,1.4,1022.0,0.2,,,,,,21.5,15.6,57.96874999999999,0.32361111111111074,1019.7145833333333
2019-04-05,91,22.6,9.9,120.0,0.4,1019.3,0.0,,,,,,21.5,15.6,53.24861111111114,0.4395833333333334,1017.3027777777777
2019-04-06,94,21.9,13.8,151.0,1.6,1018.7,17.0,,,,,,17.7,14.3,74.95833333333331,0.28888888888888914,1016.81875
2019-04-07,80,17.2,10.1,153.0,1.7,1017.8,3.4,,,,,,15.3,15.0,73.25714285714284,0.4875,1016.0
2019-04-08,81,18.8,7.4,156.0,1.4,1016.8,0.2,,,,,,,,,0.6,1014.3333333333335
2019-04-09,72,20.2,10.6,193.0,0.8,1020.0,0.0,,,,,,20.5,17.2,55.96666666666667,0.7,
2019-04-10,93,22.1,8.0,75.0,0.8,1019.1,0.0,,,,,,,,,,1014.0
2019-04-11,76,23.0,10.1,359.0,2.4,1010.5,0.0,,,,,,17.1,17.1,64.4,,1007.0
2019-04-12,66,21.3,13.0,243.0,3.4,1009.9,15.6,,,,,,16.6,15.6,67.8,0.75,1009.0
2019-04-13,64,20.5,10.7,160.0,3.2,1016.5,1.6,,,,,,,,,0.7,
2019-04-14,85,18.0,5.4,318.0,1.1,1017.4,0.0,,,,,,13.2,13.2,49.5,0.35,1015.6666666666665
2019-04-15,84,20.5,7.0,152.0,2.2,1021.2,0.0,,,,,,19.6,14.4,55.07884615384617,0.3547169811320754,1020.8057692307692
2019-04-16,90,21.1,6.2,157.0,1.3,1026.5,0.0,,,,,,20.0,13.6,57.94583333333331,0.3604166666666668,1024.6743055555555
2019-04-17,68,21.0,7.3,136.0,1.0,1032.2,0.0,,,,,,18.9,13.2,54.2361111111111,0.4048611111111111,1029.9145833333334
2019-04-18,72,21.1,8.4,163.0,2.8,1034.0,0.0,,,,,,19.9,13.0,55.02657342657346,0.4734265734265731,1032.1020979020977
2019-04-19,84,20.8,7.2,150.0,1.3,1034.1,0.0,,,,,,20.8,13.3,56.07152777777779,0.38125000000000026,1031.5583333333334
2019-04-20,86,21.6,6.7,153.0,1.2,1029.9,0.0,,,,,,22.0,14.0,60.121527777777786,0.3777777777777781,1027.447916666667
2019-04-21,91,21.7,7.5,255.0,0.5,1024.7,0.0,,,,,,20.5,14.0,66.4763888888889,0.4243055555555557,1022.3604166666668
2019-04-22,92,21.5,14.3,258.0,1.2,1021.4,1.0,,,,,,18.6,13.7,74.45138888888894,0.3805555555555555,1019.0395833333333
2019-04-23,100,17.2,10.9,105.0,0.6,1018.2,16.6,,,,,,19.5,13.9,73.04166666666667,0.3756944444444443,1016.5583333333333
2019-04-24,100,19.3,9.0,169.0,1.4,1016.3,17.8,,,,,,20.7,14.1,70.40714285714286,0.5381294964028774,1014.2410071942447
2019-04-25,80,20.7,13.8,209.0,2.8,1015.2,0.0,,,,,,21.1,16.5,68.32198581560284,0.5468085106382984,1013.336170212766
2019-04-26,74,21.3,14.4,230.0,2.8,1016.5,0.0,,,,,,21.0,16.4,64.16250000000001,0.3895833333333336,1014.7590277777775
2019-04-27,100,22.0,11.4,319.0,1.6,1017.8,0.0,,,,,,22.7,16.5,72.32569444444447,0.3090277777777777,1015.0319444444444
2019-04-28,94,22.2,14.0,1.0,1.6,1013.6,0.0,,,,,,19.4,15.6,75.32013888888892,0.2847222222222223,1011.3944444444444
2019-04-29,82,19.3,10.3,5.0,3.7,1006.8,1.6,,,,,,18.5,14.2,69.5986111111111,0.36250000000000027,1006.909027777778
2019-04-30,59,19.3,12.2,169.0,4.6,1014.4,4.6,,,,,,18.0,13.0,53.74545454545454,0.6090909090909089,1014.018181818182
2019-05-01,68,18.7,4.1,156.0,1.4,1026.2,0.0,,,,,,17.2,10.6,52.73125000000002,0.5277777777777781,1023.465972222222
2019-05-02,90,17.5,4.4,161.0,1.1,1024.3,0.0,,,,,,18.6,11.3,62.02083333333334,0.4305555555555553,1022.2541666666667
2019-05-03,92,19.2,9.6,97.0,0.4,1024.1,0.0,,,,,,20.4,15.2,68.6236111111111,0.3611111111111109,1022.6166666666666
2019-05-04,100,20.5,7.9,194.0,0.3,1027.0,0.0,,,,,,19.3,13.2,72.5576388888889,0.3208333333333334,1024.95625
2019-05-05,100,20.8,7.5,197.0,0.3,1026.5,0.0,,,,,,20.1,14.2,69.7711111111111,0.34296296296296297,1024.297037037037
2019-05-06,100,21.3,9.7,168.0,0.7,1027.4,0.0,,,,,,18.5,14.9,71.73819444444446,0.44583333333333336,1025.9375
2019-05-07,82,19.8,11.0,104.0,2.9,1027.3,0.0,,,,,,19.5,15.4,67.63541666666667,0.4590277777777773,1025.3069444444445
2019-05-08,95,20.5,12.2,114.0,0.9,1024.2,0.0,,,,,,20.4,16.7,63.26319444444446,0.4312500000000001,1022.8326388888886
2019-05-09,100,21.5,8.7,210.0,0.2,1024.2,0.0,,,,,,21.4,15.8,65.83286713286715,0.4531468531468532,1021.9636363636363
2019-05-10,98,21.4,14.2,325.0,0.9,1023.3,4.0,,,,,,22.7,16.1,71.44583333333333,0.2979166666666668,1022.1958333333334
2019-05-11,100,22.1,11.2,235.0,1.2,1025.3,0.2,,,,,,19.4,13.1,75.82638888888886,0.4236111111111109,1022.8361111111113
2019-05-12,85,20.3,12.2,29.0,5.5,1014.8,0.0,,,,,,20.1,17.1,77.04444444444444,0.7791666666666666,1010.9180555555554
2019-05-13,66,21.1,15.2,232.0,6.2,1013.8,12.8,,,,,,19.6,14.9,62.31805555555556,0.5124999999999997,1013.3993055555558
2019-05-14,98,19.2,9.3,102.0,0.6,1025.8,0.0,,,,,,17.4,13.9,62.6298611111111,0.30972222222222223,1023.2298611111113
2019-05-15,92,17.3,9.2,334.0,1.7,1019.6,0.2,,,,,,20.6,14.3,66.5479166666667,0.2805555555555555,1016.9256944444446
2019-05-16,84,20.1,13.9,235.0,2.6,1014.4,3.0,,,,,,20.0,15.1,65.06249999999993,0.3659722222222222,1012.7368055555555
2019-05-17,70,19.2,14.0,221.0,3.5,1017.7,0.6,,,,,,17.7,13.8,58.738888888888894,0.4923611111111112,1017.3895833333332
2019-05-18,88,17.4,7.9,350.0,0.8,1023.1,0.0,,,,,,18.3,12.7,67.12291666666667,0.30555555555555586,1020.1486111111113
2019-05-19,82,18.4,11.6,250.0,2.8,1016.0,1.6,,,,,,20.4,14.0,70.04722222222222,0.2881944444444443,1015.5055555555556
2019-05-20,71,19.0,10.9,222.0,3.5,1020.5,0.2,,,,,,17.6,13.9,60.58472222222224,0.4305555555555557,1019.0993055555556
2019-05-21,66,17.8,13.1,233.0,1.4,1024.6,0.0,,,,,,17.5,14.1,59.429861111111144,0.3569444444444443,1023.0486111111113
2019-05-22,84,17.4,12.4,269.0,1.1,1026.2,0.2,,,,,,17.7,14.4,65.7770833333334,0.3729166666666666,1024.0194444444444
2019-05-23,99,18.6,10.5,280.0,1.1,1025.3,0.0,,,,,,18.0,13.5,69.88888888888887,0.3729166666666666,1023.7576388888887
2019-05-24,100,18.0,7.0,161.0,0.9,1027.3,0.0,,,,,,18.4,13.5,65.8901408450704,0.3307692307692311,1025.0591549295777
2019-05-25,100,19.6,6.7,166.0,0.2,1025.2,0.0,,,,,,19.2,13.1,66.17222222222225,0.2375000000000002,1022.9527777777776
2019-05-26,100,19.4,7.1,87.0,0.4,1022.2,0.0,,,,,,18.1,12.1,69.09930555555553,0.3548611111111113,1019.873611111111
2019-05-27,94,20.0,11.6,98.0,0.5,1017.0,0.0,,,,,,19.1,15.3,75.38749999999997,0.34097222222222245,1014.9874999999997
2019-05-28,98,20.8,11.2,37.0,4.1,1007.8,2.6,,,,,,19.2,16.6,76.24166666666662,0.6173611111111112,1005.1173611111113
2019-05-29,76,20.3,13.2,240.0,2.4,1012.5,7.6,,,,,,20.8,14.5,62.0458333333333,0.28263888888888866,1010.8125
2019-05-30,100,20.1,6.4,327.0,0.2,1015.1,0.0,,,,,,20.2,14.0,62.21527777777778,0.4388888888888889,1012.1583333333333
2019-05-31,95,20.6,11.7,324.0,3.6,1003.0,11.2,,,,,,17.3,11.9,74.03749999999997,0.3965277777777779,1000.4159722222216
2019-06-01,71,14.4,9.4,275.0,3.6,997.8,15.4,,,,,,16.7,10.5,65.2181818181818,0.35804195804195793,995.8342657342657
2019-06-02,93,14.6,5.0,201.0,2.3,999.8,7.8,,,,,,14.5,9.0,62.06249999999999,0.5340277777777778,1000.7395833333336
2019-06-03,100,13.6,1.7,190.0,0.4,1014.9,0.2,,,,,,14.4,9.3,55.30277777777778,0.32013888888888925,1012.6076388888894
2019-06-04,95,14.4,4.4,328.0,0.5,1013.0,0.0,,,,,,16.7,11.3,59.201388888888886,0.2902777777777778,1011.1076388888894
2019-06-05,93,15.3,9.8,26.0,6.2,997.6,0.8,,,,,,16.6,13.3,75.57013888888892,0.4874999999999996,995.7201388888884
2019-06-06,89,15.3,9.6,218.0,3.9,1003.4,19.8,,,,,,15.6,11.6,67.3270833333333,0.4437499999999999,1000.5006944444444
2019-06-07,80,14.2,9.6,235.0,2.0,1002.0,11.8,,,,,,13.7,10.8,69.48958333333331,0.4840277777777779,1003.1201388888893
2019-06-08,66,14.6,8.4,230.0,7.0,1009.0,4.6,,,,,,17.1,13.6,60.97013888888888,0.7951388888888886,1007.4173611111114
2019-06-09,92,15.9,6.6,205.0,0.7,1018.5,0.4,,,,,,16.9,12.8,54.39722222222221,0.38402777777777797,1016.4041666666667
2019-06-10,99,15.7,7.7,335.0,0.8,1020.9,0.0,,,,,,16.6,12.8,67.78472222222223,0.2229166666666668,1019.475
2019-06-11,100,15.4,6.4,256.0,0.7,1019.9,0.0,,,,,,16.8,11.1,71.04861111111114,0.34583333333333344,1017.334722222222
2019-06-12,100,16.4,7.5,292.0,0.5,1011.3,0.0,,,,,,16.7,12.2,74.3298611111111,0.3062500000000001,1009.23125
2019-06-13,100,14.5,5.8,319.0,0.9,1008.4,0.0,,,,,,16.4,9.2,79.08124999999997,0.4048611111111116,1006.5458333333332
2019-06-14,100,13.2,4.0,151.0,0.5,1007.7,2.2,,,,,,17.5,9.3,75.50972222222225,0.4659722222222221,1005.8923611111113
2019-06-15,84,16.9,7.1,251.0,2.9,1007.4,0.0,,,,,,19.0,14.2,72.55277777777778,0.34166666666666673,1006.3881944444445
2019-06-16,82,17.2,9.0,244.0,0.6,1013.6,2.6,,,,,,18.5,12.9,66.20138888888887,0.31319444444444433,1012.123611111111
2019-06-17,87,16.1,5.3,227.0,1.0,1017.0,0.8,,,,,,16.5,12.1,64.12152777777777,0.3368055555555556,1015.425
2019-06-18,99,14.7,4.8,236.0,0.1,1019.6,2.4,,,,,,15.3,10.4,59.99097222222221,0.45,1018.6583333333333
2019-06-19,100,14.5,0.2,158.0,1.5,1024.9,0.0,,,,,,13.9,8.9,59.92430555555554,0.4944444444444445,1023.11875
2019-06-20,72,14.4,3.4,87.0,2.9,1023.4,0.0,,,,,,15.7,12.0,66.22291666666663,0.8437500000000001,1020.1333333333333
2019-06-21,99,15.2,12.0,358.0,0.7,1015.3,3.8,,,,,,16.8,14.0,77.0638888888889,0.4763888888888889,1013.786111111111
2019-06-22,100,15.5,5.7,309.0,0.5,1012.6,0.6,,,,,,14.6,11.7,70.03958333333337,0.3951388888888892,1010.3097222222225
2019-06-23,92,12.3,7.4,34.0,4.7,1004.3,4.4,,,,,,16.8,11.7,70.96249999999998,0.3680555555555557,1004.6472222222225
2019-06-24,100,15.4,4.9,174.0,0.7,1011.1,1.6,,,,,,15.5,11.0,71.31388888888887,0.477777777777778,1011.9194444444445
2019-06-25,75,15.1,6.7,168.0,2.9,1025.2,0.2,,,,,,14.7,10.1,59.62916666666666,0.5041666666666664,1024.40625
2019-06-26,100,14.1,0.8,178.0,0.1,1032.1,0.0,,,,,,14.4,9.5,65.45208333333333,0.5680555555555554,1030.038888888889
2019-06-27,100,14.6,-0.5,213.0,0.4,1034.1,0.0,,,,,,14.2,8.8,65.72013888888887,0.4576388888888889,1032.5277777777776
2019-06-28,100,14.2,3.1,164.0,1.0,1036.4,0.0,,,,,,16.1,10.6,62.351388888888856,0.3743055555555556,1034.94375
2019-06-29,85,15.6,3.0,143.0,2.1,1037.0,0.0,,,,,,15.2,10.3,56.84166666666668,0.4416666666666668,1034.4541666666667
2019-06-30,91,15.1,4.1,173.0,2.4,1033.0,0.2,,,,,,15.1,8.9,62.58958333333336,0.5500000000000003,1030.8916666666667
2019-07-01,88,14.8,7.2,175.0,1.3,1030.3,0.0,,,,,,16.1,12.2,72.78888888888892,0.6124999999999998,1028.6708333333333
2019-07-02,87,16.6,9.6,76.0,3.7,1029.9,2.8,,,,,,16.6,13.4,74.17916666666662,0.5805555555555557,1027.9250000000004
2019-07-03,91,16.4,13.0,34.0,3.4,1026.5,0.0,,,,,,17.9,15.4,80.13541666666667,0.8680555555555558,1024.4131944444443
2019-07-04,100,17.1,14.7,18.0,2.6,1018.6,10.2,,,,,,16.8,12.3,83.03263888888887,0.8895833333333333,1016.1479166666666
2019-07-05,87,15.7,6.7,174.0,2.0,1015.1,27.2,,,,,,13.0,9.9,69.43194444444447,0.530555555555556,1015.0729166666664
2019-07-06,100,11.0,0.6,150.0,1.0,1023.8,0.6,,,,,,14.6,7.7,63.89583333333334,0.5812499999999999,1022.497222222222
2019-07-07,100,13.0,-0.4,190.0,0.5,1024.7,0.0,,,,,,13.2,7.6,62.7723404255319,0.4319148936170215,1020.886524822695
2019-07-08,73,13.2,3.4,250.0,2.6,1013.9,0.2,,,,,,15.8,10.9,66.74097222222224,0.4743055555555555,1012.3673611111113
2019-07-09,100,14.6,4.2,340.0,0.8,1014.2,0.8,,,,,,15.1,10.2,75.31527777777775,0.3965277777777781,1012.6388888888887
2019-07-10,100,13.9,2.5,315.0,1.7,1016.9,0.0,,,,,,15.2,9.2,74.37777777777778,0.4076388888888887,1015.0076388888893
2019-07-11,100,15.6,7.9,318.0,1.0,1018.7,0.4,,,,,,16.5,11.9,76.96041666666667,0.2555555555555559,1017.0368055555556
2019-07-12,100,16.9,4.8,322.0,0.5,1015.3,0.8,,,,,,15.5,12.1,80.48680555555558,0.3611111111111114,1013.501388888889
2019-07-13,100,14.3,5.0,321.0,1.2,1017.5,8.2,,,,,,18.5,12.5,71.65763888888887,0.2729166666666667,1014.7159722222225
2019-07-14,79,17.2,10.2,12.0,4.0,1003.3,0.0,,,,,,17.0,10.5,75.02083333333336,0.3888888888888889,1002.8847222222224
2019-07-15,95,15.8,6.9,83.0,0.9,1006.7,19.4,,,,,,17.2,10.6,63.92569444444442,0.3881944444444444,1003.5208333333336
2019-07-16,96,15.1,9.4,330.0,1.3,995.4,3.0,,,,,,16.2,11.9,70.21527777777773,0.4680555555555556,995.8923611111106
2019-07-17,79,15.2,8.4,350.0,1.6,998.7,2.4,,,,,,17.3,11.7,66.23006993006996,0.4027972027972029,998.3573426573427
2019-07-18,100,15.0,4.3,79.0,0.7,1009.0,1.4,,,,,,16.2,11.1,66.27499999999999,0.3333333333333333,1006.9409722222223
2019-07-19,88,16.2,6.0,21.0,5.4,1001.4,1.4,,,,,,15.6,12.2,78.4520833333333,0.6270833333333335,1000.9083333333333
2019-07-20,99,13.7,6.3,330.0,1.2,1004.4,18.6,,,,,,17.2,11.1,74.37916666666669,0.26805555555555594,1002.8173611111113
2019-07-21,100,15.3,3.8,185.0,0.8,1006.7,1.8,,,,,,16.1,9.7,68.64722222222225,0.340277777777778,1006.1833333333336
2019-07-22,100,15.0,2.5,161.0,0.5,1014.1,0.0,,,,,,15.8,9.9,72.96597222222219,0.5381944444444445,1012.3548611111113
2019-07-23,100,15.4,4.0,152.0,0.6,1015.9,0.0,,,,,,15.7,10.6,71.91805555555558,0.5340277777777777,1013.9736111111107
2019-07-24,100,14.9,3.0,303.0,0.4,1015.5,0.0,,,,,,15.3,9.4,70.41319444444441,0.5590277777777776,1014.0041666666667
2019-07-25,100,14.5,2.4,146.0,0.1,1016.9,0.0,,,,,,14.6,8.4,75.70347222222222,0.5298611111111112,1015.390972222222
2019-07-26,86,14.9,5.4,101.0,3.5,1019.4,0.4,,,,,,15.9,12.8,76.6854166666667,0.6576388888888889,1018.7569444444447
2019-07-27,89,15.6,8.7,159.0,1.8,1024.5,0.2,,,,,,16.4,12.3,71.36666666666662,0.6375000000000004,1023.1520833333336
2019-07-28,88,16.3,5.7,109.0,2.2,1025.1,0.0,,,,,,15.6,12.0,68.71041666666663,0.5888888888888889,1022.3923611111113
2019-07-29,96,16.1,7.3,141.0,1.3,1016.7,0.0,,,,,,16.2,12.9,74.82916666666672,0.6055555555555555,1013.4465277777775
2019-07-30,99,17.0,9.4,322.0,1.7,1006.0,2.4,,,,,,17.2,12.2,71.52777777777783,0.2715277777777779,1004.157638888889
2019-07-31,82,16.4,6.1,229.0,1.1,1002.6,1.8,,,,,,16.3,8.3,66.50486111111111,0.3777777777777776,1000.6847222222225
2019-08-01,99,12.6,1.8,152.0,1.2,1003.9,7.2,,,,,,12.9,8.4,65.25138888888885,0.5145833333333331,1003.7416666666666
2019-08-02,70,12.1,5.6,245.0,5.3,1010.3,0.2,,,,,,17.3,10.5,60.62222222222224,0.5666666666666668,1007.5694444444442
2019-08-03,77,14.9,7.5,241.0,5.4,1010.3,7.8,,,,,,14.8,9.5,66.29097222222225,0.7194444444444447,1008.8159722222223
2019-08-04,91,13.3,9.4,293.0,4.9,1007.3,5.6,,,,,,15.8,9.6,70.11134751773051,0.5014184397163122,1005.8226950354608
2019-08-05,82,14.7,6.2,225.0,3.9,1010.2,15.0,,,,,,12.3,8.7,62.15069444444447,0.7083333333333333,1010.1111111111113
2019-08-06,79,11.5,5.9,245.0,1.3,1018.8,2.6,,,,,,16.1,10.4,63.16874999999998,0.3826388888888891,1017.215972222222
2019-08-07,98,14.2,4.0,309.0,1.1,1018.5,0.6,,,,,,16.5,10.0,68.26875000000004,0.2569444444444446,1016.2506944444444
2019-08-08,98,15.4,8.2,346.0,1.4,1014.8,24.6,,,,,,16.7,10.9,78.16875,0.3013888888888888,1011.44375
2019-08-09,99,15.2,9.7,358.0,0.4,998.1,13.8,,,,,,15.3,12.2,81.53819444444447,0.4166666666666669,996.8145833333336
2019-08-10,84,14.3,10.0,332.0,2.4,1001.9,13.4,,,,,,18.3,13.2,71.0451388888889,0.33680555555555536,999.5791666666664
2019-08-11,90,17.6,10.9,22.0,2.3,1001.0,4.6,,,,,,19.2,11.7,69.44236111111111,0.4076388888888888,997.463194444444
2019-08-12,83,18.3,9.6,306.0,4.5,998.4,7.2,,,,,,16.8,11.0,71.8307692307692,0.39720279720279744,996.0587412587421
2019-08-13,73,15.9,8.5,254.0,3.6,1005.3,13.8,,,,,,16.6,11.1,68.1943661971831,0.5139860139860138,1003.1528169014084
2019-08-14,71,14.9,8.7,238.0,4.5,1012.4,6.8,,,,,,17.0,11.6,64.80833333333337,0.6013888888888888,1011.3479166666671
2019-08-15,100,14.8,4.6,11.0,0.7,1018.6,1.0,,,,,,14.8,10.2,67.57916666666671,0.6111111111111113,1016.5611111111112
2019-08-16,90,13.3,6.4,303.0,1.1,1017.9,0.2,,,,,,15.9,10.6,66.02569444444447,0.37291666666666695,1015.345138888889
2019-08-17,91,14.4,6.8,323.0,2.7,1013.3,0.2,,,,,,16.5,11.2,72.06250000000001,0.24583333333333315,1011.1340277777775
2019-08-18,93,15.5,7.9,138.0,3.0,1016.4,7.2,,,,,,12.6,8.3,72.14444444444446,0.5173611111111109,1015.9500000000003
2019-08-19,75,9.0,1.8,150.0,1.7,1024.9,4.0,,,,,,13.4,6.4,55.02916666666666,0.7395833333333331,1022.021527777778
2019-08-20,66,12.6,6.4,16.0,4.4,1014.8,0.4,,,,,,14.2,10.3,67.3291666666667,1.0270833333333331,1009.6618055555556
2019-08-21,86,14.0,9.1,227.0,4.6,997.3,13.0,,,,219.0,13.2,16.5,11.4,67.64513888888885,0.4993055555555558,996.7888888888884
2019-08-22,91,14.1,9.1,344.0,3.9,995.1,6.2,,,,323.0,9.6,16.1,11.3,72.2909090909091,0.4069930069930073,995.2867132867129
2019-08-23,97,14.2,9.0,15.0,3.0,994.9,10.2,,,,335.0,9.1,14.0,10.5,77.46071428571426,0.3921428571428572,994.194285714285
2019-08-24,69,12.1,4.8,187.0,6.3,1002.3,4.4,,,,194.0,6.1,16.0,10.4,60.65555555555558,0.86875,1002.4256944444444
2019-08-25,80,14.4,10.2,239.0,3.3,1013.5,0.0,,,,228.0,9.5,16.7,12.2,59.649305555555564,0.6500000000000001,1011.9291666666666
2019-08-26,81,15.5,10.7,296.0,5.9,1011.7,0.0,,,,278.0,6.9,17.0,13.1,63.913888888888906,0.5000000000000001,1011.6381944444446
2019-08-27,62,15.9,7.5,239.0,2.8,1018.3,3.4,,,,223.0,10.8,15.9,11.5,55.10416666666667,0.64375,1016.8027777777777
2019-08-28,68,14.5,4.7,270.0,1.1,1022.4,0.0,,,,209.0,5.3,17.2,11.0,59.56736111111107,0.5999999999999996,1020.55
2019-08-29,96,15.1,3.9,317.0,1.2,1022.7,0.2,,,,235.0,5.8,17.2,9.8,66.19999999999996,0.4256944444444447,1020.2666666666668
2019-08-30,90,15.3,3.4,326.0,1.1,1022.7,0.0,,,,221.0,4.2,16.7,11.1,66.75277777777778,0.274305555555556,1020.6840277777777
2019-08-31,64,15.5,9.1,236.0,3.1,1024.9,3.8,,,,221.0,10.0,16.4,11.8,61.82708333333333,0.6784722222222221,1023.084027777778
2019-09-01,97,14.1,2.8,108.0,0.1,1028.5,0.0,,,,63.0,0.9,16.8,9.7,65.06115107913668,0.5338129496402871,1025.8330935251795
2019-09-02,99,15.1,4.7,223.0,0.1,1022.9,0.0,,,,174.0,2.6,16.6,11.2,66.87777777777775,0.6152777777777778,1019.9256944444444
2019-09-03,75,16.2,9.3,79.0,4.9,1012.6,0.0,,,,74.0,14.8,15.6,13.1,76.85,1.1173611111111106,1008.9354166666666
2019-09-04,93,15.5,12.7,36.0,3.6,999.0,31.6,,,,41.0,12.5,18.2,14.8,79.69930555555557,0.8159722222222221,996.4687499999997
2019-09-05,84,17.2,12.7,34.0,3.6,989.4,1.6,,,,20.0,9.4,17.7,12.6,76.85069444444446,0.931944444444444,987.7368055555554
2019-09-06,73,16.9,9.6,243.0,4.8,994.6,20.8,,,,239.0,13.7,16.6,10.8,62.984722222222224,0.7097222222222217,993.3347222222217
2019-09-07,74,14.3,6.5,220.0,3.5,1005.4,3.4,,,,208.0,9.3,18.0,10.1,59.3638888888889,0.5319444444444441,1003.671527777778
2019-09-08,81,15.9,7.7,325.0,2.9,1001.4,6.8,,,,285.0,11.3,18.7,11.6,70.05486111111118,0.39097222222222255,1000.8291666666668
2019-09-09,95,16.9,7.8,32.0,1.8,998.3,11.2,,,,23.0,6.2,16.8,12.5,76.07500000000002,0.7694444444444443,996.4506944444445
2019-09-10,77,16.5,9.4,97.0,6.2,996.7,13.6,88.0,13.5,9.3,88.0,12.0,14.1,11.7,68.65833333333333,0.8527777777777776,997.0979166666671
2019-09-11,74,14.1,6.2,273.0,1.1,1008.7,0.2,87.0,11.1,8.5,217.0,6.6,16.3,10.1,63.68402777777776,0.6708333333333332,1007.9673611111107
2019-09-12,69,14.8,9.6,238.0,3.5,1017.2,0.0,76.0,11.4,8.2,221.0,9.1,16.5,10.8,59.42083333333331,0.6625000000000002,1015.6694444444445
2019-09-13,88,16.8,10.8,306.0,1.9,1017.7,0.0,94.0,12.2,9.7,255.0,6.3,18.6,12.7,64.69791666666666,0.3111111111111113,1015.8784722222224
2019-09-14,65,16.8,11.4,8.0,2.9,1014.8,1.0,78.0,12.9,10.2,350.0,6.5,17.6,12.4,67.44027777777778,0.6027777777777779,1011.4770833333334
2019-09-15,86,18.0,5.9,330.0,1.2,1012.5,0.4,90.0,13.4,9.2,289.0,3.8,17.5,11.6,62.3263888888889,0.3187500000000001,1010.6013888888887
2019-09-16,77,18.3,6.6,227.0,2.0,1016.7,1.0,81.0,14.2,9.9,213.0,8.0,17.8,11.8,61.34236111111114,0.5861111111111108,1015.59375
2019-09-17,74,17.4,12.3,283.0,5.1,1019.3,0.0,88.0,13.3,10.9,264.0,11.7,20.2,13.5,64.70486111111113,0.4375,1019.1104166666668
2019-09-18,60,18.5,11.1,166.0,3.6,1028.7,0.2,64.0,14.0,9.0,165.0,5.0,16.8,12.3,50.65624999999999,0.5638888888888887,1027.3694444444445
2019-09-19,87,16.8,9.4,163.0,2.1,1032.8,2.4,84.0,12.8,9.0,102.0,2.0,17.1,11.4,65.29861111111114,0.557638888888889,1031.2118055555557
2019-09-20,81,15.7,4.9,336.0,0.7,1032.7,0.2,78.0,14.0,9.1,184.0,3.5,16.1,11.0,60.64166666666666,0.5249999999999997,1031.3159722222224
2019-09-21,74,16.9,5.1,330.0,0.5,1035.7,0.2,56.0,14.6,9.2,116.0,0.7,18.9,11.4,54.40208333333333,0.5097222222222224,1033.1854166666667
2019-09-22,74,17.8,6.2,200.0,3.8,1032.3,0.0,83.0,14.4,9.6,195.0,8.5,17.4,12.2,59.97291666666669,0.6409722222222222,1029.8201388888888
2019-09-23,63,16.3,10.0,262.0,3.6,1023.8,0.0,70.0,12.2,10.1,248.0,8.2,18.6,13.4,53.65555555555554,0.32847222222222244,1020.9805555555556
2019-09-24,92,18.1,12.7,352.0,5.0,1004.5,6.8,91.0,13.7,11.0,336.0,12.3,16.3,11.4,70.71944444444446,0.5395833333333334,1005.1131944444443
2019-09-25,84,16.3,9.0,256.0,4.2,1008.7,15.4,82.0,13.6,7.4,244.0,14.7,15.9,10.1,66.08819444444444,0.5479166666666668,1004.934722222222
2019-09-26,69,16.3,8.5,238.0,7.3,1010.4,6.8,70.0,12.1,6.7,227.0,19.0,15.4,10.0,56.13333333333332,0.8868055555555554,1008.8722222222225
2019-09-27,63,14.6,10.2,254.0,3.8,1014.8,0.4,68.0,11.5,7.1,242.0,11.5,17.6,11.8,61.2208333333333,0.5541666666666666,1013.9465277777775
2019-09-28,73,17.4,10.0,266.0,2.5,1019.1,0.4,86.0,12.7,9.7,243.0,6.8,17.6,12.0,66.27152777777782,0.3506944444444447,1018.025
2019-09-29,93,17.6,6.9,329.0,2.4,1020.2,0.0,93.0,13.3,10.0,273.0,7.8,19.5,12.2,64.05138888888888,0.2381944444444445,1017.9895833333335
2019-09-30,89,19.2,12.2,18.0,5.9,1007.1,0.2,100.0,15.0,11.5,6.0,16.7,19.7,14.1,68.91180555555557,0.4305555555555555,1008.7201388888884
2019-10-01,79,18.6,11.1,298.0,2.5,1009.6,3.2,76.0,14.2,10.1,277.0,7.5,16.6,9.8,63.41111111111115,0.3888888888888889,1008.2395833333336
2019-10-02,54,15.7,8.4,233.0,4.7,1013.1,4.8,61.0,12.0,6.9,223.0,14.0,17.0,9.8,61.417361111111106,0.7277777777777776,1010.6708333333332
2019-10-03,83,15.3,7.4,295.0,0.9,1015.8,4.8,87.0,11.4,7.1,213.0,5.6,15.9,9.7,62.696527777777796,0.5743055555555555,1014.0055555555556
2019-10-04,86,14.9,8.1,257.0,1.4,1017.3,2.4,87.0,11.2,7.7,204.0,6.8,16.8,10.4,62.58541666666666,0.5416666666666664,1015.984722222222
2019-10-05,88,16.8,8.2,333.0,2.3,1016.5,0.0,91.0,12.2,8.9,285.0,7.0,19.0,12.0,68.90069444444445,0.21041666666666686,1015.1902777777775
2019-10-06,88,17.5,10.6,185.0,1.5,1017.3,1.2,95.0,13.1,8.3,187.0,5.9,17.9,11.6,64.83405797101447,0.5108695652173914,1016.9739130434784
2019-10-07,90,17.8,11.7,50.0,3.5,1021.7,0.0,100.0,15.1,8.8,55.0,9.8,16.8,13.8,74.0847222222222,0.7062500000000004,1020.7083333333336
2019-10-08,99,17.3,11.0,310.0,0.6,1022.5,1.2,91.0,13.2,11.1,278.0,3.4,19.7,14.0,69.42916666666665,0.2486111111111113,1021.2888888888887
2019-10-09,100,18.8,8.2,31.0,0.6,1022.5,0.0,88.0,15.1,12.1,44.0,4.2,19.5,13.7,72.78958333333334,0.7187499999999999,1020.645138888889
2019-10-10,93,20.2,13.2,28.0,4.5,1016.9,0.0,100.0,16.3,13.1,17.0,16.1,18.3,16.1,78.3701388888889,1.116666666666667,1015.2618055555553
2019-10-11,97,19.9,15.1,20.0,1.0,1012.8,8.6,98.0,15.5,13.4,334.0,5.7,18.6,15.3,76.20138888888894,0.4861111111111107,1012.365972222222
2019-10-12,85,18.9,13.1,196.0,2.2,1015.3,0.0,88.0,15.3,12.0,176.0,5.9,18.7,14.1,61.320138888888856,0.5395833333333333,1014.5180555555555
2019-10-13,79,19.3,6.1,232.0,1.4,1019.3,0.0,87.0,15.3,11.3,195.0,6.6,19.3,13.0,55.490972222222226,0.5430555555555555,1017.1868055555552
2019-10-14,76,19.5,9.9,66.0,6.1,1012.3,1.4,84.0,16.0,11.2,66.0,17.6,15.6,13.0,70.43263888888889,1.1236111111111111,1006.9805555555556
2019-10-15,98,15.5,12.4,112.0,5.6,988.9,53.0,100.0,13.8,10.0,88.0,16.6,17.7,13.3,78.55624999999998,0.9986111111111116,990.3270833333332
2019-10-16,80,18.6,12.1,227.0,5.9,998.3,4.6,90.0,15.8,10.9,218.0,14.6,17.5,13.3,63.765972222222224,0.7902777777777775,1000.2909722222223
2019-10-17,80,17.9,12.3,234.0,2.9,1013.5,0.0,89.0,13.4,10.1,218.0,10.2,18.6,13.1,63.35734265734261,0.3972027972027972,1013.8475524475523
2019-10-18,86,18.1,11.5,357.0,2.2,1017.7,0.0,96.0,14.0,10.7,304.0,5.9,20.3,13.4,63.232638888888886,0.3611111111111111,1015.0430555555556
2019-10-19,83,20.2,14.1,318.0,4.6,1011.1,1.6,91.0,16.1,11.4,295.0,10.4,20.1,15.0,65.43749999999997,0.4361111111111112,1011.6291666666671
2019-10-20,71,19.1,12.7,250.0,1.6,1017.8,0.2,82.0,14.7,11.1,243.0,5.6,20.7,14.3,53.990277777777756,0.3111111111111111,1015.6430555555554
2019-10-21,76,19.2,8.8,319.0,2.7,1012.8,0.0,86.0,14.9,11.0,278.0,8.3,20.4,13.5,60.13125,0.3229166666666665,1011.1020833333333
2019-10-22,77,18.9,12.6,257.0,3.6,1009.6,3.8,82.0,14.7,9.0,238.0,13.7,19.5,13.5,63.76180555555558,0.4041666666666664,1006.8416666666664
2019-10-23,66,18.2,8.7,245.0,6.4,1000.7,5.8,67.0,13.8,7.0,239.0,19.9,15.7,10.9,58.40833333333334,0.6194444444444445,1003.1611111111113
2019-10-24,60,15.4,10.1,253.0,4.8,1011.7,1.2,68.0,11.1,7.4,243.0,11.7,17.7,12.1,57.40347222222224,0.5034722222222223,1009.3611111111113
2019-10-25,58,16.7,11.6,239.0,6.0,1010.4,0.2,66.0,13.0,10.0,227.0,14.0,17.3,12.5,51.32916666666663,0.7013888888888887,1010.0305555555556
2019-10-26,60,16.7,10.8,233.0,4.2,1015.1,0.0,70.0,12.3,10.0,216.0,9.8,19.0,12.7,54.734722222222224,0.5527777777777778,1014.1131944444444
2019-10-27,76,18.9,8.9,238.0,1.6,1017.2,0.0,88.0,14.4,11.2,228.0,4.7,22.0,13.8,55.87222222222224,0.3722222222222221,1015.5736111111113
2019-10-28,87,22.0,13.1,323.0,2.3,1016.6,0.0,100.0,17.7,11.9,281.0,5.9,22.9,14.3,66.6826388888889,0.31458333333333344,1014.565277777778
2019-10-29,76,21.9,12.6,272.0,1.7,1013.3,1.4,94.0,17.6,10.9,236.0,5.0,19.2,13.0,60.20625000000005,0.5972222222222221,1011.6187500000003
2019-10-30,56,17.7,10.8,213.0,5.8,1013.2,0.0,63.0,13.4,9.5,202.0,12.9,18.2,12.1,53.068750000000016,0.6194444444444444,1011.5777777777776
2019-10-31,73,17.5,13.5,207.0,4.8,1012.1,1.2,81.0,13.1,10.4,197.0,11.8,20.0,13.3,57.45138888888889,0.615972222222222,1011.84375
2019-11-01,57,18.9,11.8,227.0,5.3,1015.6,0.0,67.0,14.1,10.3,215.0,11.6,17.6,13.2,50.53958333333334,0.7083333333333335,1014.6416666666668
2019-11-02,63,17.3,10.9,213.0,4.8,1020.5,0.0,75.0,12.7,10.8,203.0,10.4,19.4,13.0,57.93819444444443,0.6111111111111109,1020.2555555555556
2019-11-03,78,18.4,9.9,212.0,3.2,1025.1,0.0,92.0,13.7,11.0,195.0,5.7,22.7,13.7,59.41478873239435,0.5246478873239436,1022.8788732394363
2019-11-04,81,21.9,10.4,183.0,3.5,1022.3,0.0,89.0,19.9,12.0,188.0,6.2,23.5,14.5,59.72222222222222,0.518055555555556,1019.8222222222224
2019-11-05,78,23.6,12.4,198.0,1.2,1015.7,0.0,33.0,22.5,13.2,173.0,4.4,26.5,14.3,54.511111111111106,0.3868055555555553,1013.977777777778
2019-11-06,80,26.8,10.6,325.0,0.7,1014.1,0.0,43.0,23.4,17.1,280.0,2.2,25.9,15.8,53.26041666666668,0.4694444444444445,1012.4298611111114
2019-11-07,83,24.8,15.6,46.0,2.3,1015.3,0.0,74.0,22.3,16.2,37.0,3.5,22.6,17.5,69.38611111111118,0.6138888888888887,1014.0555555555555
2019-11-08,82,23.4,14.1,38.0,2.6,1016.8,0.0,96.0,20.7,14.8,18.0,5.6,22.5,17.6,73.63541666666664,0.6041666666666665,1014.8854166666665
2019-11-09,88,23.5,17.7,43.0,4.2,1015.1,0.0,100.0,17.6,15.0,34.0,10.7,20.1,17.8,75.75902777777776,1.0895833333333325,1011.9645833333333
2019-11-10,92,22.0,17.6,28.0,5.2,1000.3,3.6,100.0,17.0,15.1,14.0,18.3,22.4,15.0,77.93680555555551,0.7819444444444448,998.9277777777777
2019-11-11,68,22.0,13.8,281.0,3.5,998.2,12.6,77.0,17.0,12.4,263.0,6.7,19.5,14.3,56.405555555555566,0.4958333333333336,997.9777777777775
2019-11-12,94,18.3,10.2,359.0,1.0,1007.7,2.8,92.0,15.1,8.6,244.0,4.5,16.7,11.5,58.188194444444456,0.5048611111111111,1007.073611111111
2019-11-13,62,17.3,7.9,302.0,1.5,1013.2,6.2,67.0,13.2,8.2,249.0,3.8,21.8,13.4,54.09166666666667,0.3319444444444447,1011.0993055555556
2019-11-14,96,19.8,13.5,313.0,4.0,1005.5,5.2,100.0,15.0,12.0,303.0,10.5,22.8,15.1,60.85347222222219,0.3444444444444443,1005.2118055555558
2019-11-15,58,20.6,13.1,252.0,5.1,1011.3,0.4,66.0,16.0,11.7,244.0,11.8,22.6,14.3,49.35069444444443,0.3104166666666667,1011.2041666666668
2019-11-16,88,19.5,12.2,340.0,2.6,1018.5,0.0,98.0,14.8,12.7,286.0,5.4,23.9,15.3,63.74722222222224,0.24236111111111125,1017.3472222222223
2019-11-17,78,22.0,13.2,344.0,3.1,1018.7,0.0,88.0,17.0,13.7,322.0,4.6,21.5,16.3,68.36319444444446,0.4145833333333333,1015.6013888888893
2019-11-18,89,22.3,17.2,336.0,5.3,1010.5,10.8,96.0,18.4,14.7,312.0,10.6,23.7,14.3,74.05277777777776,0.4701388888888889,1010.4138888888887
2019-11-19,67,21.7,8.3,234.0,1.4,1013.2,3.6,71.0,18.9,11.0,194.0,3.9,19.3,13.3,53.19370629370629,0.3748251748251746,1011.1587412587413
2019-11-20,81,18.5,7.8,323.0,1.8,1011.1,0.0,88.0,14.5,11.5,276.0,9.0,22.3,13.6,56.83333333333334,0.4430555555555557,1010.9034722222225
2019-11-21,52,20.5,12.9,200.0,5.1,1017.0,0.0,60.0,16.1,11.1,196.0,11.8,20.8,14.1,48.96041666666666,0.5736111111111107,1016.8319444444446
2019-11-22,69,18.5,9.2,202.0,4.1,1022.1,0.0,78.0,13.8,11.4,197.0,7.6,20.8,13.8,58.03680555555553,0.5638888888888892,1019.6090277777776
2019-11-23,73,19.4,14.3,201.0,5.0,1017.6,0.0,87.0,14.5,12.1,196.0,11.1,22.3,15.5,62.40416666666663,0.5097222222222222,1015.6312499999997
2019-11-24,77,20.9,14.8,205.0,2.1,1015.6,0.0,94.0,16.5,12.2,206.0,5.4,21.2,15.9,65.52916666666663,0.5027777777777778,1013.784027777778
2019-11-25,78,20.0,15.1,202.0,4.7,1014.6,0.0,93.0,15.5,12.7,201.0,11.1,22.3,16.3,64.01538461538463,0.5209790209790212,1013.6440559440558
2019-11-26,82,21.5,12.3,327.0,1.6,1018.0,0.0,93.0,19.5,12.6,336.0,4.1,23.5,15.5,64.98750000000003,0.585416666666667,1016.4965277777777
2019-11-27,81,24.4,11.8,344.0,1.7,1017.9,0.0,80.0,20.0,15.2,278.0,5.3,25.8,16.6,60.620833333333366,0.4104166666666664,1016.2597222222224
2019-11-28,76,24.4,14.8,333.0,1.1,1017.2,0.0,80.0,21.1,16.0,282.0,0.9,22.2,18.6,62.51468531468528,0.4384615384615385,1015.4692307692308
2019-11-29,72,23.7,16.1,30.0,1.9,1016.2,0.0,87.0,18.5,16.2,67.0,3.1,24.0,19.0,61.39444444444445,0.4937499999999999,1015.0555555555555
2019-11-30,73,24.4,14.7,64.0,2.7,1017.4,0.0,88.0,18.7,15.6,74.0,4.8,24.0,18.4,65.6861111111111,0.5555555555555557,1015.7243055555556
2019-12-01,76,24.2,17.6,33.0,3.5,1014.6,0.0,92.0,18.1,15.5,25.0,8.2,23.8,18.5,68.9274647887324,0.4556338028169014,1013.3394366197183
2019-12-02,74,24.0,16.6,14.0,3.0,1013.2,2.4,88.0,18.1,15.5,10.0,6.3,23.2,18.9,70.2125,0.5291666666666669,1011.102777777778
2019-12-03,72,23.9,19.1,9.0,4.6,1007.4,0.0,81.0,18.2,16.6,357.0,8.9,24.3,18.0,66.9326388888889,0.4659722222222221,1006.9444444444445
2019-12-04,75,24.7,16.1,321.0,2.9,1011.8,3.4,83.0,20.8,13.4,291.0,4.6,25.8,17.3,58.02222222222221,0.3944444444444446,1009.8055555555555
2019-12-05,83,25.6,12.1,344.0,2.0,1010.8,0.0,90.0,21.1,15.7,331.0,3.7,26.2,17.9,59.484027777777776,0.3875000000000001,1010.001388888889
2019-12-06,83,26.4,14.8,333.0,2.0,1014.7,0.0,93.0,21.8,15.2,305.0,2.8,24.3,18.0,66.76805555555555,0.4861111111111113,1013.2062499999997
2019-12-07,82,24.3,17.6,350.0,2.5,1017.4,0.0,93.0,20.8,16.6,338.0,4.5,25.4,19.7,67.8388888888889,0.3333333333333333,1015.9875
2019-12-08,77,26.1,18.4,2.0,4.0,1016.2,0.4,93.0,21.6,17.0,353.0,7.3,24.7,18.0,69.54236111111113,0.4874999999999999,1013.6194444444444
2019-12-09,65,25.3,15.2,223.0,3.7,1014.2,1.4,71.0,21.6,14.6,202.0,6.9,23.1,16.2,53.92708333333334,0.4979166666666666,1012.5131944444445
2019-12-10,59,20.9,14.0,163.0,3.9,1014.2,0.0,67.0,16.9,12.2,153.0,4.4,22.6,15.7,49.09230769230769,0.5440559440559439,1012.4510489510491
2019-12-11,54,23.1,10.5,188.0,3.1,1012.1,0.0,28.0,18.5,13.8,163.0,5.9,25.0,15.0,48.96126760563379,0.5274647887323946,1010.0581560283687
2019-12-12,75,23.7,13.1,187.0,2.3,1009.7,0.0,85.0,18.5,14.2,188.0,3.8,27.6,16.8,57.788888888888906,0.3958333333333334,1008.2555555555556
2019-12-13,69,26.0,13.9,281.0,3.3,1009.1,0.0,80.0,22.6,14.9,259.0,6.3,26.2,17.3,57.130555555555546,0.3951388888888885,1007.5479166666668
2019-12-14,87,23.4,17.9,233.0,1.9,1010.1,2.0,96.0,18.4,15.4,226.0,4.1,23.5,18.1,60.436567164179095,0.3731343283582091,1009.5649253731343
2019-12-15,74,23.0,11.9,337.0,2.2,1013.3,0.0,83.0,18.5,14.9,289.0,3.7,23.5,17.1,59.505555555555574,0.37638888888888894,1012.2125000000003
2019-12-16,80,23.8,17.6,28.0,1.8,1012.5,0.0,96.0,18.8,16.2,11.0,4.3,23.1,19.6,72.52708333333331,0.4868055555555557,1010.1569444444448
2019-12-17,96,24.5,19.1,31.0,5.1,1002.7,1.6,100.0,19.1,16.9,27.0,16.3,21.4,15.3,79.23333333333339,0.6145833333333331,999.9590277777772
2019-12-18,86,21.4,14.4,269.0,4.5,1001.9,27.4,92.0,18.7,12.7,252.0,15.6,21.8,15.5,58.40979020979021,0.3895104895104893,1004.2531468531469
2019-12-19,58,20.4,12.9,228.0,3.1,1017.4,0.2,64.0,15.9,12.9,224.0,6.8,23.9,15.7,47.609722222222224,0.3687500000000001,1015.5416666666665
2019-12-20,86,21.3,15.1,343.0,3.7,1011.6,0.0,91.0,16.9,13.6,299.0,8.2,23.8,15.2,64.19454545454546,0.4618181818181818,1011.5254545454544
2019-12-21,62,22.0,10.1,178.0,2.2,1009.9,3.8,66.0,17.6,11.4,181.0,6.8,21.8,13.4,52.048611111111136,0.5076388888888892,1009.1263888888888
2019-12-22,55,20.8,10.5,182.0,4.8,1011.7,0.0,67.0,16.3,10.6,179.0,9.8,22.8,13.2,49.21874999999999,0.626388888888889,1009.5229166666667
2019-12-23,74,21.2,15.4,211.0,4.5,1007.8,0.0,87.0,16.4,11.9,199.0,12.3,21.5,16.7,64.75972222222221,0.4493055555555557,1005.934722222222
2019-12-24,91,21.0,15.7,208.0,1.5,1007.4,0.0,100.0,16.6,14.2,195.0,5.1,23.1,17.6,65.19097222222223,0.4083333333333332,1006.6930555555556
2019-12-25,76,23.4,14.6,288.0,1.3,1012.4,0.0,88.0,19.2,13.9,233.0,2.7,24.2,17.1,59.54305555555553,0.4076388888888887,1011.792361111111
2019-12-26,77,22.6,11.3,297.0,1.8,1017.3,0.0,88.0,18.8,13.8,252.0,3.0,23.9,16.3,59.71597222222222,0.33402777777777776,1015.98125
2019-12-27,75,22.8,12.3,227.0,2.7,1019.4,0.0,81.0,19.4,14.2,210.0,6.5,23.6,16.5,56.117361111111094,0.44375,1017.4520833333332
2019-12-28,77,21.7,12.0,216.0,4.7,1016.4,0.4,83.0,16.9,13.8,204.0,11.6,22.3,16.4,51.37499999999999,0.5020833333333335,1016.0256944444448
2019-12-29,58,20.9,11.9,254.0,3.0,1019.4,0.0,68.0,15.7,12.4,218.0,6.2,22.6,15.0,49.0451388888889,0.4909722222222221,1017.6833333333329
2019-12-30,80,21.0,11.8,270.0,3.2,1015.9,0.0,93.0,15.8,13.5,250.0,7.8,23.1,16.3,62.926388888888866,0.3194444444444445,1013.727777777778
2019-12-31,71,21.3,16.7,226.0,2.5,1015.4,0.0,81.0,18.1,14.3,201.0,5.0,24.9,17.8,56.08263888888885,0.4340277777777776,1014.3694444444444
2020-01-01,79,25.3,13.2,317.0,1.8,1018.6,0.0,91.0,21.2,14.8,296.0,1.7,24.8,17.5,63.172222222222224,0.4243055555555555,1016.6673611111113
