Date,cough_unscaled,cough_monthly,isPartial,scale,cough
2018-01-01,55,,,,
2018-01-02,50,,,,
2018-01-03,46,,,,
2018-01-04,87,,,,
2018-01-05,0,,,,
2018-01-06,53,,,,
2018-01-07,50,39.0,False,0.39,19.5
2018-01-08,45,39.0,,0.39,17.55
2018-01-09,45,39.0,,0.39,17.55
2018-01-10,0,39.0,,0.39,0.0
2018-01-11,90,39.0,,0.39,35.1
2018-01-12,100,39.0,,0.39,39.0
2018-01-13,0,39.0,,0.39,0.0
2018-01-14,0,41.0,False,0.41,0.0
2018-01-15,41,41.0,,0.41,16.81
2018-01-16,41,41.0,,0.41,16.81
2018-01-17,0,41.0,,0.41,0.0
2018-01-18,0,41.0,,0.41,0.0
2018-01-19,0,41.0,,0.41,0.0
2018-01-20,56,41.0,,0.41,22.959999999999997
2018-01-21,45,15.0,False,0.15,6.75
2018-01-22,0,15.0,,0.15,0.0
2018-01-23,0,15.0,,0.15,0.0
2018-01-24,42,15.0,,0.15,6.3
2018-01-25,86,15.0,,0.15,12.9
2018-01-26,0,15.0,,0.15,0.0
2018-01-27,57,15.0,,0.15,8.549999999999999
2018-01-28,0,41.0,False,0.41,0.0
2018-01-29,91,41.0,,0.41,37.309999999999995
2018-01-30,0,41.0,,0.41,0.0
2018-01-31,0,41.0,,0.41,0.0
2018-02-01,71,41.0,,0.41,29.11
2018-02-02,0,41.0,,0.41,0.0
2018-02-03,0,41.0,,0.41,0.0
2018-02-04,0,20.0,False,0.2,0.0
2018-02-05,0,20.0,,0.2,0.0
2018-02-06,51,20.0,,0.2,10.200000000000001
2018-02-07,0,20.0,,0.2,0.0
2018-02-08,24,20.0,,0.2,4.800000000000001
2018-02-09,26,20.0,,0.2,5.2
2018-02-10,54,20.0,,0.2,10.8
2018-02-11,0,39.0,False,0.39,0.0
2018-02-12,0,39.0,,0.39,0.0
2018-02-13,67,39.0,,0.39,26.130000000000003
2018-02-14,0,39.0,,0.39,0.0
2018-02-15,0,39.0,,0.39,0.0
2018-02-16,0,39.0,,0.39,0.0
2018-02-17,31,39.0,,0.39,12.09
2018-02-18,100,24.0,False,0.24,24.0
2018-02-19,44,24.0,,0.24,10.559999999999999
2018-02-20,0,24.0,,0.24,0.0
2018-02-21,22,24.0,,0.24,5.279999999999999
2018-02-22,73,24.0,,0.24,17.52
2018-02-23,0,24.0,,0.24,0.0
2018-02-24,0,24.0,,0.24,0.0
2018-02-25,0,28.0,False,0.28,0.0
2018-02-26,66,28.0,,0.28,18.48
2018-02-27,0,28.0,,0.28,0.0
2018-02-28,0,28.0,,0.28,0.0
2018-03-01,41,28.0,,0.28,11.48
2018-03-02,0,28.0,,0.28,0.0
2018-03-03,29,28.0,,0.28,8.120000000000001
2018-03-04,24,24.0,False,0.24,5.76
2018-03-05,43,24.0,,0.24,10.32
2018-03-06,21,24.0,,0.24,5.04
2018-03-07,0,24.0,,0.24,0.0
2018-03-08,22,24.0,,0.24,5.279999999999999
2018-03-09,53,24.0,,0.24,12.719999999999999
2018-03-10,29,24.0,,0.24,6.96
2018-03-11,47,48.0,False,0.48,22.56
2018-03-12,21,48.0,,0.48,10.08
2018-03-13,21,48.0,,0.48,10.08
2018-03-14,43,48.0,,0.48,20.64
2018-03-15,44,48.0,,0.48,21.119999999999997
2018-03-16,53,48.0,,0.48,25.439999999999998
2018-03-17,86,48.0,,0.48,41.28
2018-03-18,24,62.0,False,0.62,14.879999999999999
2018-03-19,64,62.0,,0.62,39.68
2018-03-20,21,62.0,,0.62,13.02
2018-03-21,44,62.0,,0.62,27.28
2018-03-22,0,62.0,,0.62,0.0
2018-03-23,100,62.0,,0.62,62.0
2018-03-24,27,62.0,,0.62,16.74
2018-03-25,0,45.0,False,0.45,0.0
2018-03-26,21,45.0,,0.45,9.450000000000001
2018-03-27,0,45.0,,0.45,0.0
2018-03-28,0,45.0,,0.45,0.0
2018-03-29,76,45.0,,0.45,34.2
2018-03-30,29,45.0,,0.45,13.05
2018-03-31,29,45.0,,0.45,13.05
2018-04-01,35,50.0,False,0.5,17.5
2018-04-02,0,50.0,,0.5,0.0
2018-04-03,50,50.0,,0.5,25.0
2018-04-04,0,50.0,,0.5,0.0
2018-04-05,100,50.0,,0.5,50.0
2018-04-06,29,50.0,,0.5,14.5
2018-04-07,32,50.0,,0.5,16.0
2018-04-08,27,33.0,False,0.33,8.91
2018-04-09,23,33.0,,0.33,7.590000000000001
2018-04-10,24,33.0,,0.33,7.92
2018-04-11,0,33.0,,0.33,0.0
2018-04-12,52,33.0,,0.33,17.16
2018-04-13,28,33.0,,0.33,9.24
2018-04-14,31,33.0,,0.33,10.23
2018-04-15,57,61.0,False,0.61,34.769999999999996
2018-04-16,51,61.0,,0.61,31.11
2018-04-17,0,61.0,,0.61,0.0
2018-04-18,55,61.0,,0.61,33.55
2018-04-19,27,61.0,,0.61,16.47
2018-04-20,60,61.0,,0.61,36.6
2018-04-21,0,61.0,,0.61,0.0
2018-04-22,30,46.0,False,0.46,13.8
2018-04-23,0,46.0,,0.46,0.0
2018-04-24,28,46.0,,0.46,12.88
2018-04-25,85,46.0,,0.46,39.1
2018-04-26,27,46.0,,0.46,12.42
2018-04-27,29,46.0,,0.46,13.34
2018-04-28,31,46.0,,0.46,14.26
2018-04-29,0,19.0,False,0.19,0.0
2018-04-30,0,19.0,,0.19,0.0
2018-05-01,0,19.0,,0.19,0.0
2018-05-02,20,19.0,,0.19,3.8
2018-05-03,0,19.0,,0.19,0.0
2018-05-04,25,19.0,,0.19,4.75
2018-05-05,0,19.0,,0.19,0.0
2018-05-06,23,23.0,False,0.23,5.29
2018-05-07,40,23.0,,0.23,9.200000000000001
2018-05-08,39,23.0,,0.23,8.97
2018-05-09,20,23.0,,0.23,4.6000000000000005
2018-05-10,40,23.0,,0.23,9.200000000000001
2018-05-11,68,23.0,,0.23,15.64
2018-05-12,0,23.0,,0.23,0.0
2018-05-13,45,57.0,False,0.57,25.65
2018-05-14,0,57.0,,0.57,0.0
2018-05-15,40,57.0,,0.57,22.799999999999997
2018-05-16,20,57.0,,0.57,11.399999999999999
2018-05-17,0,57.0,,0.57,0.0
2018-05-18,24,57.0,,0.57,13.68
2018-05-19,0,57.0,,0.57,0.0
2018-05-20,46,62.0,False,0.62,28.52
2018-05-21,40,62.0,,0.62,24.8
2018-05-22,20,62.0,,0.62,12.4
2018-05-23,100,62.0,,0.62,62.0
2018-05-24,41,62.0,,0.62,25.419999999999998
2018-05-25,48,62.0,,0.62,29.759999999999998
2018-05-26,26,62.0,,0.62,16.12
2018-05-27,23,35.0,False,0.35,8.049999999999999
2018-05-28,0,35.0,,0.35,0.0
2018-05-29,21,35.0,,0.35,7.35
2018-05-30,0,35.0,,0.35,0.0
2018-05-31,43,35.0,,0.35,15.049999999999999
2018-06-01,63,35.0,,0.35,22.049999999999997
2018-06-02,34,35.0,,0.35,11.899999999999999
2018-06-03,100,44.0,False,0.44,44.0
2018-06-04,28,44.0,,0.44,12.32
2018-06-05,77,44.0,,0.44,33.88
2018-06-06,77,44.0,,0.44,33.88
2018-06-07,84,44.0,,0.44,36.96
2018-06-08,0,44.0,,0.44,0.0
2018-06-09,36,44.0,,0.44,15.84
2018-06-10,0,56.0,False,0.56,0.0
2018-06-11,75,56.0,,0.56,42.00000000000001
2018-06-12,48,56.0,,0.56,26.880000000000003
2018-06-13,25,56.0,,0.56,14.000000000000002
2018-06-14,52,56.0,,0.56,29.120000000000005
2018-06-15,30,56.0,,0.56,16.8
2018-06-16,0,56.0,,0.56,0.0
2018-06-17,89,43.0,False,0.43,38.269999999999996
2018-06-18,51,43.0,,0.43,21.93
2018-06-19,51,43.0,,0.43,21.93
2018-06-20,26,43.0,,0.43,11.18
2018-06-21,27,43.0,,0.43,11.61
2018-06-22,32,43.0,,0.43,13.76
2018-06-23,0,43.0,,0.43,0.0
2018-06-24,90,60.0,False,0.6,54.0
2018-06-25,0,60.0,,0.6,0.0
2018-06-26,26,60.0,,0.6,15.6
2018-06-27,0,60.0,,0.6,0.0
2018-06-28,0,60.0,,0.6,0.0
2018-06-29,66,60.0,,0.6,39.6
2018-06-30,0,60.0,,0.6,0.0
2018-07-01,16,30.0,False,0.3,4.8
2018-07-02,0,30.0,,0.3,0.0
2018-07-03,15,30.0,,0.3,4.5
2018-07-04,45,30.0,,0.3,13.5
2018-07-05,15,30.0,,0.3,4.5
2018-07-06,0,30.0,,0.3,0.0
2018-07-07,38,30.0,,0.3,11.4
2018-07-08,0,71.0,False,0.71,0.0
2018-07-09,31,71.0,,0.71,22.009999999999998
2018-07-10,30,71.0,,0.71,21.299999999999997
2018-07-11,45,71.0,,0.71,31.95
2018-07-12,33,71.0,,0.71,23.43
2018-07-13,37,71.0,,0.71,26.27
2018-07-14,77,71.0,,0.71,54.669999999999995
2018-07-15,100,73.0,False,0.73,73.0
2018-07-16,16,73.0,,0.73,11.68
2018-07-17,32,73.0,,0.73,23.36
2018-07-18,48,73.0,,0.73,35.04
2018-07-19,65,73.0,,0.73,47.449999999999996
2018-07-20,18,73.0,,0.73,13.14
2018-07-21,39,73.0,,0.73,28.47
2018-07-22,17,69.0,False,0.69,11.729999999999999
2018-07-23,29,69.0,,0.69,20.009999999999998
2018-07-24,45,69.0,,0.69,31.049999999999997
2018-07-25,43,69.0,,0.69,29.669999999999998
2018-07-26,30,69.0,,0.69,20.7
2018-07-27,68,69.0,,0.69,46.919999999999995
2018-07-28,38,69.0,,0.69,26.22
2018-07-29,0,84.0,False,0.84,0.0
2018-07-30,44,84.0,,0.84,36.96
2018-07-31,0,84.0,,0.84,0.0
2018-08-01,0,84.0,,0.84,0.0
2018-08-02,35,84.0,,0.84,29.4
2018-08-03,22,84.0,,0.84,18.48
2018-08-04,25,84.0,,0.84,21.0
2018-08-05,20,54.0,False,0.54,10.8
2018-08-06,0,54.0,,0.54,0.0
2018-08-07,35,54.0,,0.54,18.900000000000002
2018-08-08,35,54.0,,0.54,18.900000000000002
2018-08-09,19,54.0,,0.54,10.260000000000002
2018-08-10,22,54.0,,0.54,11.88
2018-08-11,0,54.0,,0.54,0.0
2018-08-12,42,88.0,False,0.88,36.96
2018-08-13,36,88.0,,0.88,31.68
2018-08-14,0,88.0,,0.88,0.0
2018-08-15,36,88.0,,0.88,31.68
2018-08-16,36,88.0,,0.88,31.68
2018-08-17,81,88.0,,0.88,71.28
2018-08-18,100,88.0,,0.88,88.0
2018-08-19,0,75.0,False,0.75,0.0
2018-08-20,54,75.0,,0.75,40.5
2018-08-21,36,75.0,,0.75,27.0
2018-08-22,18,75.0,,0.75,13.5
2018-08-23,94,75.0,,0.75,70.5
2018-08-24,22,75.0,,0.75,16.5
2018-08-25,49,75.0,,0.75,36.75
2018-08-26,64,55.0,False,0.55,35.2
2018-08-27,0,55.0,,0.55,0.0
2018-08-28,56,55.0,,0.55,30.800000000000004
2018-08-29,37,55.0,,0.55,20.35
2018-08-30,19,55.0,,0.55,10.450000000000001
2018-08-31,22,55.0,,0.55,12.100000000000001
2018-09-01,73,55.0,,0.55,40.150000000000006
2018-09-02,63,30.0,False,0.3,18.9
2018-09-03,19,30.0,,0.3,5.7
2018-09-04,56,30.0,,0.3,16.8
2018-09-05,19,30.0,,0.3,5.7
2018-09-06,37,30.0,,0.3,11.1
2018-09-07,68,30.0,,0.3,20.4
2018-09-08,0,30.0,,0.3,0.0
2018-09-09,0,56.0,False,0.56,0.0
2018-09-10,56,56.0,,0.56,31.360000000000003
2018-09-11,37,56.0,,0.56,20.720000000000002
2018-09-12,38,56.0,,0.56,21.28
2018-09-13,19,56.0,,0.56,10.64
2018-09-14,22,56.0,,0.56,12.32
2018-09-15,25,56.0,,0.56,14.000000000000002
2018-09-16,43,50.0,False,0.5,21.5
2018-09-17,36,50.0,,0.5,18.0
2018-09-18,35,50.0,,0.5,17.5
2018-09-19,54,50.0,,0.5,27.0
2018-09-20,57,50.0,,0.5,28.5
2018-09-21,44,50.0,,0.5,22.0
2018-09-22,24,50.0,,0.5,12.0
2018-09-23,22,57.0,False,0.57,12.54
2018-09-24,18,57.0,,0.57,10.26
2018-09-25,18,57.0,,0.57,10.26
2018-09-26,18,57.0,,0.57,10.26
2018-09-27,39,57.0,,0.57,22.229999999999997
2018-09-28,23,57.0,,0.57,13.11
2018-09-29,100,57.0,,0.57,56.99999999999999
2018-09-30,45,93.0,False,0.93,41.85
2018-10-01,73,93.0,,0.93,67.89
2018-10-02,100,93.0,,0.93,93.0
2018-10-03,100,93.0,,0.93,93.0
2018-10-04,50,93.0,,0.93,46.5
2018-10-05,93,93.0,,0.93,86.49000000000001
2018-10-06,98,93.0,,0.93,91.14
2018-10-07,0,60.0,False,0.6,0.0
2018-10-08,0,60.0,,0.6,0.0
2018-10-09,25,60.0,,0.6,15.0
2018-10-10,74,60.0,,0.6,44.4
2018-10-11,48,60.0,,0.6,28.799999999999997
2018-10-12,56,60.0,,0.6,33.6
2018-10-13,31,60.0,,0.6,18.599999999999998
2018-10-14,27,37.0,False,0.37,9.99
2018-10-15,24,37.0,,0.37,8.879999999999999
2018-10-16,45,37.0,,0.37,16.65
2018-10-17,0,37.0,,0.37,0.0
2018-10-18,50,37.0,,0.37,18.5
2018-10-19,0,37.0,,0.37,0.0
2018-10-20,0,37.0,,0.37,0.0
2018-10-21,0,36.0,False,0.36,0.0
2018-10-22,26,36.0,,0.36,9.36
2018-10-23,22,36.0,,0.36,7.92
2018-10-24,46,36.0,,0.36,16.56
2018-10-25,0,36.0,,0.36,0.0
2018-10-26,0,36.0,,0.36,0.0
2018-10-27,0,36.0,,0.36,0.0
2018-10-28,25,10.0,False,0.1,2.5
2018-10-29,20,10.0,,0.1,2.0
2018-10-30,0,10.0,,0.1,0.0
2018-10-31,0,10.0,,0.1,0.0
2018-11-01,70,10.0,,0.1,7.0
2018-11-02,76,10.0,,0.1,7.6000000000000005
2018-11-03,41,10.0,,0.1,4.1000000000000005
2018-11-04,0,40.0,False,0.4,0.0
2018-11-05,31,40.0,,0.4,12.4
2018-11-06,0,40.0,,0.4,0.0
2018-11-07,62,40.0,,0.4,24.8
2018-11-08,0,40.0,,0.4,0.0
2018-11-09,0,40.0,,0.4,0.0
2018-11-10,0,40.0,,0.4,0.0
2018-11-11,35,15.0,False,0.15,5.25
2018-11-12,33,15.0,,0.15,4.95
2018-11-13,66,15.0,,0.15,9.9
2018-11-14,100,15.0,,0.15,15.0
2018-11-15,35,15.0,,0.15,5.25
2018-11-16,0,15.0,,0.15,0.0
2018-11-17,0,15.0,,0.15,0.0
2018-11-18,73,20.0,False,0.2,14.600000000000001
2018-11-19,32,20.0,,0.2,6.4
2018-11-20,0,20.0,,0.2,0.0
2018-11-21,0,20.0,,0.2,0.0
2018-11-22,33,20.0,,0.2,6.6000000000000005
2018-11-23,37,20.0,,0.2,7.4
2018-11-24,0,20.0,,0.2,0.0
2018-11-25,34,30.0,False,0.3,10.2
2018-11-26,31,30.0,,0.3,9.299999999999999
2018-11-27,0,30.0,,0.3,0.0
2018-11-28,0,30.0,,0.3,0.0
2018-11-29,0,30.0,,0.3,0.0
2018-11-30,39,30.0,,0.3,11.7
2018-12-01,0,30.0,,0.3,0.0
2018-12-02,25,60.0,False,0.6,15.0
2018-12-03,43,60.0,,0.6,25.8
2018-12-04,0,60.0,,0.6,0.0
2018-12-05,0,60.0,,0.6,0.0
2018-12-06,0,60.0,,0.6,0.0
2018-12-07,0,60.0,,0.6,0.0
2018-12-08,0,60.0,,0.6,0.0
2018-12-09,28,39.0,False,0.39,10.92
2018-12-10,24,39.0,,0.39,9.36
2018-12-11,47,39.0,,0.39,18.330000000000002
2018-12-12,0,39.0,,0.39,0.0
2018-12-13,26,39.0,,0.39,10.14
2018-12-14,0,39.0,,0.39,0.0
2018-12-15,64,39.0,,0.39,24.96
2018-12-16,56,62.0,False,0.62,34.72
2018-12-17,23,62.0,,0.62,14.26
2018-12-18,0,62.0,,0.62,0.0
2018-12-19,25,62.0,,0.62,15.5
2018-12-20,51,62.0,,0.62,31.62
2018-12-21,30,62.0,,0.62,18.6
2018-12-22,33,62.0,,0.62,20.46
2018-12-23,60,40.0,False,0.4,24.0
2018-12-24,0,40.0,,0.4,0.0
2018-12-25,66,40.0,,0.4,26.400000000000002
2018-12-26,0,40.0,,0.4,0.0
2018-12-27,0,40.0,,0.4,0.0
2018-12-28,0,40.0,,0.4,0.0
2018-12-29,100,40.0,,0.4,40.0
2018-12-30,33,27.0,False,0.27,8.91
2018-12-31,0,27.0,,0.27,0.0
2019-01-01,28,27.0,,0.27,7.5600000000000005
2019-01-02,51,27.0,,0.27,13.770000000000001
2019-01-03,24,27.0,,0.27,6.48
2019-01-04,26,27.0,,0.27,7.0200000000000005
2019-01-05,28,27.0,,0.27,7.5600000000000005
2019-01-06,0,11.0,False,0.11,0.0
2019-01-07,42,11.0,,0.11,4.62
2019-01-08,0,11.0,,0.11,0.0
2019-01-09,22,11.0,,0.11,2.42
2019-01-10,0,11.0,,0.11,0.0
2019-01-11,0,11.0,,0.11,0.0
2019-01-12,26,11.0,,0.11,2.86
2019-01-13,0,27.0,False,0.27,0.0
2019-01-14,20,27.0,,0.27,5.4
2019-01-15,41,27.0,,0.27,11.07
2019-01-16,41,27.0,,0.27,11.07
2019-01-17,41,27.0,,0.27,11.07
2019-01-18,48,27.0,,0.27,12.96
2019-01-19,26,27.0,,0.27,7.0200000000000005
2019-01-20,0,47.0,False,0.47,0.0
2019-01-21,19,47.0,,0.47,8.93
2019-01-22,100,47.0,,0.47,47.0
2019-01-23,20,47.0,,0.47,9.399999999999999
2019-01-24,83,47.0,,0.47,39.01
2019-01-25,0,47.0,,0.47,0.0
2019-01-26,0,47.0,,0.47,0.0
2019-01-27,24,16.0,False,0.16,3.84
2019-01-28,22,16.0,,0.16,3.52
2019-01-29,19,16.0,,0.16,3.04
2019-01-30,20,16.0,,0.16,3.2
2019-01-31,0,16.0,,0.16,0.0
2019-02-01,59,16.0,,0.16,9.44
2019-02-02,32,16.0,,0.16,5.12
2019-02-03,55,31.0,False,0.31,17.05
2019-02-04,24,31.0,,0.31,7.4399999999999995
2019-02-05,54,31.0,,0.31,16.74
2019-02-06,27,31.0,,0.31,8.37
2019-02-07,0,31.0,,0.31,0.0
2019-02-08,29,31.0,,0.31,8.99
2019-02-09,0,31.0,,0.31,0.0
2019-02-10,54,36.0,False,0.36,19.439999999999998
2019-02-11,0,36.0,,0.36,0.0
2019-02-12,75,36.0,,0.36,27.0
2019-02-13,0,36.0,,0.36,0.0
2019-02-14,0,36.0,,0.36,0.0
2019-02-15,29,36.0,,0.36,10.44
2019-02-16,0,36.0,,0.36,0.0
2019-02-17,0,56.0,False,0.56,0.0
2019-02-18,0,56.0,,0.56,0.0
2019-02-19,100,56.0,,0.56,56.00000000000001
2019-02-20,50,56.0,,0.56,28.000000000000004
2019-02-21,25,56.0,,0.56,14.000000000000002
2019-02-22,28,56.0,,0.56,15.680000000000001
2019-02-23,0,56.0,,0.56,0.0
2019-02-24,27,48.0,False,0.48,12.959999999999999
2019-02-25,25,48.0,,0.48,12.0
2019-02-26,51,48.0,,0.48,24.48
2019-02-27,0,48.0,,0.48,0.0
2019-02-28,52,48.0,,0.48,24.96
2019-03-01,0,48.0,,0.48,0.0
2019-03-02,51,48.0,,0.48,24.48
2019-03-03,84,11.0,False,0.11,9.24
2019-03-04,38,11.0,,0.11,4.18
2019-03-05,37,11.0,,0.11,4.07
2019-03-06,37,11.0,,0.11,4.07
2019-03-07,0,11.0,,0.11,0.0
2019-03-08,0,11.0,,0.11,0.0
2019-03-09,0,11.0,,0.11,0.0
2019-03-10,0,42.0,False,0.42,0.0
2019-03-11,0,42.0,,0.42,0.0
2019-03-12,0,42.0,,0.42,0.0
2019-03-13,37,42.0,,0.42,15.54
2019-03-14,76,42.0,,0.42,31.919999999999998
2019-03-15,0,42.0,,0.42,0.0
2019-03-16,100,42.0,,0.42,42.0
2019-03-17,0,16.0,False,0.16,0.0
2019-03-18,0,16.0,,0.16,0.0
2019-03-19,72,16.0,,0.16,11.52
2019-03-20,38,16.0,,0.16,6.08
2019-03-21,0,16.0,,0.16,0.0
2019-03-22,0,16.0,,0.16,0.0
2019-03-23,50,16.0,,0.16,8.0
2019-03-24,75,62.0,False,0.62,46.5
2019-03-25,38,62.0,,0.62,23.56
2019-03-26,36,62.0,,0.62,22.32
2019-03-27,37,62.0,,0.62,22.94
2019-03-28,38,62.0,,0.62,23.56
2019-03-29,45,62.0,,0.62,27.9
2019-03-30,0,62.0,,0.62,0.0
2019-03-31,0,21.0,False,0.21,0.0
2019-04-01,0,21.0,,0.21,0.0
2019-04-02,30,21.0,,0.21,6.3
2019-04-03,60,21.0,,0.21,12.6
2019-04-04,0,21.0,,0.21,0.0
2019-04-05,0,21.0,,0.21,0.0
2019-04-06,0,21.0,,0.21,0.0
2019-04-07,68,32.0,False,0.32,21.76
2019-04-08,30,32.0,,0.32,9.6
2019-04-09,0,32.0,,0.32,0.0
2019-04-10,29,32.0,,0.32,9.28
2019-04-11,60,32.0,,0.32,19.2
2019-04-12,37,32.0,,0.32,11.84
2019-04-13,85,32.0,,0.32,27.2
2019-04-14,37,36.0,False,0.36,13.32
2019-04-15,32,36.0,,0.36,11.52
2019-04-16,100,36.0,,0.36,36.0
2019-04-17,0,36.0,,0.36,0.0
2019-04-18,0,36.0,,0.36,0.0
2019-04-19,44,36.0,,0.36,15.84
2019-04-20,46,36.0,,0.36,16.56
2019-04-21,40,28.0,False,0.28,11.200000000000001
2019-04-22,0,28.0,,0.28,0.0
2019-04-23,0,28.0,,0.28,0.0
2019-04-24,0,28.0,,0.28,0.0
2019-04-25,32,28.0,,0.28,8.96
2019-04-26,66,28.0,,0.28,18.48
2019-04-27,0,28.0,,0.28,0.0
2019-04-28,60,35.0,False,0.35,21.0
2019-04-29,28,35.0,,0.35,9.799999999999999
2019-04-30,58,35.0,,0.35,20.299999999999997
2019-05-01,0,35.0,,0.35,0.0
2019-05-02,21,35.0,,0.35,7.35
2019-05-03,24,35.0,,0.35,8.399999999999999
2019-05-04,28,35.0,,0.35,9.799999999999999
2019-05-05,23,31.0,False,0.31,7.13
2019-05-06,0,31.0,,0.31,0.0
2019-05-07,21,31.0,,0.31,6.51
2019-05-08,81,31.0,,0.31,25.11
2019-05-09,0,31.0,,0.31,0.0
2019-05-10,23,31.0,,0.31,7.13
2019-05-11,26,31.0,,0.31,8.06
2019-05-12,65,41.0,False,0.41,26.65
2019-05-13,100,41.0,,0.41,41.0
2019-05-14,20,41.0,,0.41,8.2
2019-05-15,0,41.0,,0.41,0.0
2019-05-16,42,41.0,,0.41,17.22
2019-05-17,24,41.0,,0.41,9.84
2019-05-18,27,41.0,,0.41,11.069999999999999
2019-05-19,22,21.0,False,0.21,4.62
2019-05-20,0,21.0,,0.21,0.0
2019-05-21,39,21.0,,0.21,8.19
2019-05-22,0,21.0,,0.21,0.0
2019-05-23,60,21.0,,0.21,12.6
2019-05-24,24,21.0,,0.21,5.04
2019-05-25,27,21.0,,0.21,5.67
2019-05-26,23,43.0,False,0.43,9.89
2019-05-27,19,43.0,,0.43,8.17
2019-05-28,20,43.0,,0.43,8.6
2019-05-29,38,43.0,,0.43,16.34
2019-05-30,74,43.0,,0.43,31.82
2019-05-31,22,43.0,,0.43,9.459999999999999
2019-06-01,0,43.0,,0.43,0.0
2019-06-02,15,67.0,False,0.67,10.05
2019-06-03,40,67.0,,0.67,26.8
2019-06-04,23,67.0,,0.67,15.41
2019-06-05,23,67.0,,0.67,15.41
2019-06-06,12,67.0,,0.67,8.040000000000001
2019-06-07,14,67.0,,0.67,9.38
2019-06-08,59,67.0,,0.67,39.53
2019-06-09,0,87.0,False,0.87,0.0
2019-06-10,24,87.0,,0.87,20.88
2019-06-11,12,87.0,,0.87,10.44
2019-06-12,0,87.0,,0.87,0.0
2019-06-13,0,87.0,,0.87,0.0
2019-06-14,41,87.0,,0.87,35.67
2019-06-15,77,87.0,,0.87,66.99
2019-06-16,39,67.0,False,0.67,26.130000000000003
2019-06-17,36,67.0,,0.67,24.12
2019-06-18,24,67.0,,0.67,16.080000000000002
2019-06-19,49,67.0,,0.67,32.830000000000005
2019-06-20,47,67.0,,0.67,31.490000000000002
2019-06-21,14,67.0,,0.67,9.38
2019-06-22,31,67.0,,0.67,20.77
2019-06-23,40,40.0,False,0.4,16.0
2019-06-24,24,40.0,,0.4,9.600000000000001
2019-06-25,0,40.0,,0.4,0.0
2019-06-26,12,40.0,,0.4,4.800000000000001
2019-06-27,12,40.0,,0.4,4.800000000000001
2019-06-28,15,40.0,,0.4,6.0
2019-06-29,17,40.0,,0.4,6.800000000000001
2019-06-30,100,84.0,False,0.84,84.0
2019-07-01,53,84.0,,0.84,44.519999999999996
2019-07-02,34,84.0,,0.84,28.56
2019-07-03,100,84.0,,0.84,84.0
2019-07-04,0,84.0,,0.84,0.0
2019-07-05,22,84.0,,0.84,18.48
2019-07-06,72,84.0,,0.84,60.48
2019-07-07,0,79.0,False,0.79,0.0
2019-07-08,95,79.0,,0.79,75.05
2019-07-09,37,79.0,,0.79,29.23
2019-07-10,74,79.0,,0.79,58.46
2019-07-11,0,79.0,,0.79,0.0
2019-07-12,0,79.0,,0.79,0.0
2019-07-13,47,79.0,,0.79,37.13
2019-07-14,19,52.0,False,0.52,9.88
2019-07-15,0,52.0,,0.52,0.0
2019-07-16,36,52.0,,0.52,18.72
2019-07-17,38,52.0,,0.52,19.76
2019-07-18,78,52.0,,0.52,40.56
2019-07-19,21,52.0,,0.52,10.92
2019-07-20,47,52.0,,0.52,24.44
2019-07-21,64,68.0,False,0.68,43.52
2019-07-22,19,68.0,,0.68,12.920000000000002
2019-07-23,37,68.0,,0.68,25.16
2019-07-24,36,68.0,,0.68,24.48
2019-07-25,0,68.0,,0.68,0.0
2019-07-26,0,68.0,,0.68,0.0
2019-07-27,48,68.0,,0.68,32.64
2019-07-28,0,55.0,False,0.55,0.0
2019-07-29,36,55.0,,0.55,19.8
2019-07-30,37,55.0,,0.55,20.35
2019-07-31,18,55.0,,0.55,9.9
2019-08-01,89,55.0,,0.55,48.95
2019-08-02,100,55.0,,0.55,55.00000000000001
2019-08-03,27,55.0,,0.55,14.850000000000001
2019-08-04,47,70.0,False,0.7,32.9
2019-08-05,62,70.0,,0.7,43.4
2019-08-06,0,70.0,,0.7,0.0
2019-08-07,43,70.0,,0.7,30.099999999999998
2019-08-08,64,70.0,,0.7,44.8
2019-08-09,0,70.0,,0.7,0.0
2019-08-10,80,70.0,,0.7,56.0
2019-08-11,93,93.0,False,0.93,86.49000000000001
2019-08-12,60,93.0,,0.93,55.800000000000004
2019-08-13,82,93.0,,0.93,76.26
2019-08-14,20,93.0,,0.93,18.6
2019-08-15,20,93.0,,0.93,18.6
2019-08-16,45,93.0,,0.93,41.85
2019-08-17,0,93.0,,0.93,0.0
2019-08-18,21,55.0,False,0.55,11.55
2019-08-19,39,55.0,,0.55,21.450000000000003
2019-08-20,39,55.0,,0.55,21.450000000000003
2019-08-21,19,55.0,,0.55,10.450000000000001
2019-08-22,0,55.0,,0.55,0.0
2019-08-23,0,55.0,,0.55,0.0
2019-08-24,52,55.0,,0.55,28.6
2019-08-25,44,37.0,False,0.37,16.28
2019-08-26,19,37.0,,0.37,7.03
2019-08-27,39,37.0,,0.37,14.43
2019-08-28,20,37.0,,0.37,7.4
2019-08-29,100,37.0,,0.37,37.0
2019-08-30,46,37.0,,0.37,17.02
2019-08-31,27,37.0,,0.37,9.99
2019-09-01,62,59.0,False,0.59,36.58
2019-09-02,53,59.0,,0.59,31.27
2019-09-03,25,59.0,,0.59,14.75
2019-09-04,25,59.0,,0.59,14.75
2019-09-05,51,59.0,,0.59,30.09
2019-09-06,0,59.0,,0.59,0.0
2019-09-07,64,59.0,,0.59,37.76
2019-09-08,28,53.0,False,0.53,14.84
2019-09-09,25,53.0,,0.53,13.25
2019-09-10,100,53.0,,0.53,53.0
2019-09-11,50,53.0,,0.53,26.5
2019-09-12,25,53.0,,0.53,13.25
2019-09-13,87,53.0,,0.53,46.11
2019-09-14,64,53.0,,0.53,33.92
2019-09-15,84,79.0,False,0.79,66.36
2019-09-16,98,79.0,,0.79,77.42
2019-09-17,49,79.0,,0.79,38.71
2019-09-18,25,79.0,,0.79,19.75
2019-09-19,26,79.0,,0.79,20.54
2019-09-20,28,79.0,,0.79,22.12
2019-09-21,63,79.0,,0.79,49.77
2019-09-22,28,58.0,False,0.58,16.24
2019-09-23,24,58.0,,0.58,13.919999999999998
2019-09-24,48,58.0,,0.58,27.839999999999996
2019-09-25,73,58.0,,0.58,42.339999999999996
2019-09-26,51,58.0,,0.58,29.58
2019-09-27,59,58.0,,0.58,34.22
2019-09-28,64,58.0,,0.58,37.12
2019-09-29,56,42.0,False,0.42,23.52
2019-09-30,76,42.0,,0.42,31.919999999999998
2019-10-01,0,42.0,,0.42,0.0
2019-10-02,22,42.0,,0.42,9.24
2019-10-03,0,42.0,,0.42,0.0
2019-10-04,0,42.0,,0.42,0.0
2019-10-05,81,42.0,,0.42,34.019999999999996
2019-10-06,72,51.0,False,0.51,36.72
2019-10-07,67,51.0,,0.51,34.17
2019-10-08,0,51.0,,0.51,0.0
2019-10-09,0,51.0,,0.51,0.0
2019-10-10,22,51.0,,0.51,11.22
2019-10-11,100,51.0,,0.51,51.0
2019-10-12,0,51.0,,0.51,0.0
2019-10-13,70,31.0,False,0.31,21.7
2019-10-14,20,31.0,,0.31,6.2
2019-10-15,20,31.0,,0.31,6.2
2019-10-16,0,31.0,,0.31,0.0
2019-10-17,22,31.0,,0.31,6.82
2019-10-18,75,31.0,,0.31,23.25
2019-10-19,0,31.0,,0.31,0.0
2019-10-20,22,44.0,False,0.44,9.68
2019-10-21,62,44.0,,0.44,27.28
2019-10-22,39,44.0,,0.44,17.16
2019-10-23,0,44.0,,0.44,0.0
2019-10-24,44,44.0,,0.44,19.36
2019-10-25,26,44.0,,0.44,11.44
2019-10-26,0,44.0,,0.44,0.0
2019-10-27,28,19.0,False,0.19,5.32
2019-10-28,0,19.0,,0.19,0.0
2019-10-29,43,19.0,,0.19,8.17
2019-10-30,21,19.0,,0.19,3.99
2019-10-31,0,19.0,,0.19,0.0
2019-11-01,29,19.0,,0.19,5.51
2019-11-02,31,19.0,,0.19,5.89
2019-11-03,28,31.0,False,0.31,8.68
2019-11-04,25,31.0,,0.31,7.75
2019-11-05,25,31.0,,0.31,7.75
2019-11-06,49,31.0,,0.31,15.19
2019-11-07,75,31.0,,0.31,23.25
2019-11-08,0,31.0,,0.31,0.0
2019-11-09,0,31.0,,0.31,0.0
2019-11-10,0,39.0,False,0.39,0.0
2019-11-11,47,39.0,,0.39,18.330000000000002
2019-11-12,49,39.0,,0.39,19.11
2019-11-13,98,39.0,,0.39,38.22
2019-11-14,25,39.0,,0.39,9.75
2019-11-15,58,39.0,,0.39,22.62
2019-11-16,98,39.0,,0.39,38.22
2019-11-17,0,18.0,False,0.18,0.0
2019-11-18,24,18.0,,0.18,4.32
2019-11-19,0,18.0,,0.18,0.0
2019-11-20,51,18.0,,0.18,9.18
2019-11-21,26,18.0,,0.18,4.68
2019-11-22,90,18.0,,0.18,16.2
2019-11-23,34,18.0,,0.18,6.12
2019-11-24,55,59.0,False,0.59,32.449999999999996
2019-11-25,100,59.0,,0.59,59.0
2019-11-26,0,59.0,,0.59,0.0
2019-11-27,25,59.0,,0.59,14.75
2019-11-28,0,59.0,,0.59,0.0
2019-11-29,0,59.0,,0.59,0.0
2019-11-30,65,59.0,,0.59,38.35
2019-12-01,16,23.0,False,0.23,3.68
2019-12-02,0,23.0,,0.23,0.0
2019-12-03,0,23.0,,0.23,0.0
2019-12-04,46,23.0,,0.23,10.58
2019-12-05,32,23.0,,0.23,7.36
2019-12-06,0,23.0,,0.23,0.0
2019-12-07,0,23.0,,0.23,0.0
2019-12-08,17,28.0,False,0.28,4.760000000000001
2019-12-09,0,28.0,,0.28,0.0
2019-12-10,31,28.0,,0.28,8.680000000000001
2019-12-11,15,28.0,,0.28,4.2
2019-12-12,0,28.0,,0.28,0.0
2019-12-13,0,28.0,,0.28,0.0
2019-12-14,19,28.0,,0.28,5.32
2019-12-15,0,24.0,False,0.24,0.0
2019-12-16,14,24.0,,0.24,3.36
2019-12-17,0,24.0,,0.24,0.0
2019-12-18,0,24.0,,0.24,0.0
2019-12-19,16,24.0,,0.24,3.84
2019-12-20,18,24.0,,0.24,4.32
2019-12-21,20,24.0,,0.24,4.8
2019-12-22,18,44.0,False,0.44,7.92
2019-12-23,0,44.0,,0.44,0.0
2019-12-24,20,44.0,,0.44,8.8
2019-12-25,83,44.0,,0.44,36.52
2019-12-26,18,44.0,,0.44,7.92
2019-12-27,19,44.0,,0.44,8.36
2019-12-28,100,44.0,,0.44,44.0
2019-12-29,57,65.0,False,0.65,37.050000000000004
2019-12-30,0,65.0,,0.65,0.0
2019-12-31,0,65.0,,0.65,0.0
2020-01-01,100,65.0,,0.65,65.0
2020-01-02,22,65.0,,0.65,14.3
2020-01-03,45,65.0,,0.65,29.25
2020-01-04,23,65.0,,0.65,14.950000000000001
2020-01-05,20,14.0,False,0.14,2.8000000000000003
2020-01-06,0,14.0,,0.14,0.0
2020-01-07,38,14.0,,0.14,5.32
2020-01-08,19,14.0,,0.14,2.66
2020-01-09,38,14.0,,0.14,5.32
2020-01-10,21,14.0,,0.14,2.9400000000000004
2020-01-11,48,14.0,,0.14,6.720000000000001
2020-01-12,0,57.0,False,0.57,0.0
2020-01-13,35,57.0,,0.57,19.95
2020-01-14,16,57.0,,0.57,9.12
2020-01-15,17,57.0,,0.57,9.69
2020-01-16,38,57.0,,0.57,21.659999999999997
2020-01-17,21,57.0,,0.57,11.969999999999999
2020-01-18,23,57.0,,0.57,13.11
2020-01-19,0,28.0,False,0.28,0.0
2020-01-20,0,28.0,,0.28,0.0
2020-01-21,37,28.0,,0.28,10.360000000000001
2020-01-22,0,28.0,,0.28,0.0
2020-01-23,57,28.0,,0.28,15.96
2020-01-24,22,28.0,,0.28,6.16
2020-01-25,0,28.0,,0.28,0.0
2020-01-26,22,36.0,False,0.36,7.92
2020-01-27,19,36.0,,0.36,6.84
2020-01-28,18,36.0,,0.36,6.4799999999999995
2020-01-29,17,36.0,,0.36,6.12
2020-01-30,19,36.0,,0.36,6.84
2020-01-31,60,36.0,,0.36,21.599999999999998
2020-02-01,0,36.0,,0.36,0.0
2020-02-02,0,40.0,False,0.4,0.0
2020-02-03,60,40.0,,0.4,24.0
2020-02-04,30,40.0,,0.4,12.0
2020-02-05,0,40.0,,0.4,0.0
2020-02-06,0,40.0,,0.4,0.0
2020-02-07,0,40.0,,0.4,0.0
2020-02-08,38,40.0,,0.4,15.200000000000001
2020-02-09,34,43.0,False,0.43,14.62
2020-02-10,0,43.0,,0.43,0.0
2020-02-11,30,43.0,,0.43,12.9
2020-02-12,60,43.0,,0.43,25.8
2020-02-13,91,43.0,,0.43,39.13
2020-02-14,0,43.0,,0.43,0.0
2020-02-15,37,43.0,,0.43,15.91
2020-02-16,33,38.0,False,0.38,12.540000000000001
2020-02-17,30,38.0,,0.38,11.4
2020-02-18,60,38.0,,0.38,22.8
2020-02-19,60,38.0,,0.38,22.8
2020-02-20,62,38.0,,0.38,23.56
2020-02-21,100,38.0,,0.38,38.0
2020-02-22,0,38.0,,0.38,0.0
2020-02-23,0,30.0,False,0.3,0.0
2020-02-24,90,30.0,,0.3,27.0
2020-02-25,89,30.0,,0.3,26.7
2020-02-26,29,30.0,,0.3,8.7
2020-02-27,30,30.0,,0.3,9.0
2020-02-28,0,30.0,,0.3,0.0
2020-02-29,72,30.0,,0.3,21.599999999999998
2020-03-01,27,30.0,False,0.3,8.1
2020-03-02,0,30.0,,0.3,0.0
2020-03-03,0,30.0,,0.3,0.0
2020-03-04,12,30.0,,0.3,3.5999999999999996
2020-03-05,0,30.0,,0.3,0.0
2020-03-06,31,30.0,,0.3,9.299999999999999
2020-03-07,0,30.0,,0.3,0.0
2020-03-08,69,42.0,False,0.42,28.98
2020-03-09,12,42.0,,0.42,5.04
2020-03-10,12,42.0,,0.42,5.04
2020-03-11,12,42.0,,0.42,5.04
2020-03-12,13,42.0,,0.42,5.46
2020-03-13,29,42.0,,0.42,12.18
2020-03-14,16,42.0,,0.42,6.72
2020-03-15,54,100.0,False,1.0,54.0
2020-03-16,35,100.0,,1.0,35.0
2020-03-17,24,100.0,,1.0,24.0
2020-03-18,24,100.0,,1.0,24.0
2020-03-19,24,100.0,,1.0,24.0
2020-03-20,27,100.0,,1.0,27.0
2020-03-21,100,100.0,,1.0,100.0
2020-03-22,24,61.0,False,0.61,14.64
2020-03-23,21,61.0,,0.61,12.81
2020-03-24,69,61.0,,0.61,42.089999999999996
2020-03-25,24,61.0,,0.61,14.64
2020-03-26,37,61.0,,0.61,22.57
2020-03-27,13,61.0,,0.61,7.93
2020-03-28,14,61.0,,0.61,8.54
2020-03-29,27,48.0,False,0.48,12.959999999999999
2020-03-30,12,48.0,,0.48,5.76
2020-03-31,36,48.0,,0.48,17.28
2020-04-01,18,48.0,,0.48,8.64
2020-04-02,0,48.0,,0.48,0.0
2020-04-03,100,48.0,,0.48,48.0
2020-04-04,63,48.0,,0.48,30.24
2020-04-05,0,51.0,False,0.51,0.0
2020-04-06,35,51.0,,0.51,17.85
2020-04-07,18,51.0,,0.51,9.18
2020-04-08,35,51.0,,0.51,17.85
2020-04-09,19,51.0,,0.51,9.69
2020-04-10,0,51.0,,0.51,0.0
2020-04-11,61,51.0,,0.51,31.11
2020-04-12,20,15.0,False,0.15,3.0
2020-04-13,37,15.0,,0.15,5.55
2020-04-14,0,15.0,,0.15,0.0
2020-04-15,49,15.0,,0.15,7.35
2020-04-16,66,15.0,,0.15,9.9
2020-04-17,0,15.0,,0.15,0.0
2020-04-18,38,15.0,,0.15,5.7
2020-04-19,18,22.0,False,0.22,3.96
2020-04-20,32,22.0,,0.22,7.04
2020-04-21,33,22.0,,0.22,7.26
2020-04-22,34,22.0,,0.22,7.48
2020-04-23,0,22.0,,0.22,0.0
2020-04-24,0,22.0,,0.22,0.0
2020-04-25,20,22.0,,0.22,4.4
2020-04-26,0,36.0,False,0.36,0.0
2020-04-27,34,36.0,,0.36,12.24
2020-04-28,16,36.0,,0.36,5.76
2020-04-29,16,36.0,,0.36,5.76
2020-04-30,31,36.0,,0.36,11.16
2020-05-01,0,36.0,,0.36,0.0
2020-05-02,0,36.0,,0.36,0.0
2020-05-03,35,14.0,False,0.14,4.9
2020-05-04,0,14.0,,0.14,0.0
2020-05-05,0,14.0,,0.14,0.0
2020-05-06,32,14.0,,0.14,4.48
2020-05-07,0,14.0,,0.14,0.0
2020-05-08,37,14.0,,0.14,5.180000000000001
2020-05-09,41,14.0,,0.14,5.74
2020-05-10,0,22.0,False,0.22,0.0
2020-05-11,0,22.0,,0.22,0.0
2020-05-12,32,22.0,,0.22,7.04
2020-05-13,0,22.0,,0.22,0.0
2020-05-14,0,22.0,,0.22,0.0
2020-05-15,0,22.0,,0.22,0.0
2020-05-16,0,22.0,,0.22,0.0
2020-05-17,39,31.0,False,0.31,12.09
2020-05-18,71,31.0,,0.31,22.01
2020-05-19,35,31.0,,0.31,10.85
2020-05-20,69,31.0,,0.31,21.39
2020-05-21,36,31.0,,0.31,11.16
2020-05-22,39,31.0,,0.31,12.09
2020-05-23,0,31.0,,0.31,0.0
2020-05-24,73,26.0,False,0.26,18.98
2020-05-25,66,26.0,,0.26,17.16
2020-05-26,67,26.0,,0.26,17.42
2020-05-27,100,26.0,,0.26,26.0
2020-05-28,35,26.0,,0.26,9.1
2020-05-29,78,26.0,,0.26,20.28
2020-05-30,44,26.0,,0.26,11.440000000000001
2020-05-31,42,38.0,False,0.38,15.96
2020-06-01,0,38.0,,0.38,0.0
2020-06-02,40,38.0,,0.38,15.2
2020-06-03,0,38.0,,0.38,0.0
2020-06-04,38,38.0,,0.38,14.44
2020-06-05,22,38.0,,0.38,8.36
2020-06-06,25,38.0,,0.38,9.5
2020-06-07,0,11.0,False,0.11,0.0
2020-06-08,19,11.0,,0.11,2.09
2020-06-09,19,11.0,,0.11,2.09
2020-06-10,0,11.0,,0.11,0.0
2020-06-11,20,11.0,,0.11,2.2
2020-06-12,0,11.0,,0.11,0.0
2020-06-13,26,11.0,,0.11,2.86
2020-06-14,0,12.0,False,0.12,0.0
2020-06-15,0,12.0,,0.12,0.0
2020-06-16,0,12.0,,0.12,0.0
2020-06-17,40,12.0,,0.12,4.8
2020-06-18,20,12.0,,0.12,2.4
2020-06-19,0,12.0,,0.12,0.0
2020-06-20,0,12.0,,0.12,0.0
2020-06-21,91,77.0,False,0.77,70.07000000000001
2020-06-22,61,77.0,,0.77,46.97
2020-06-23,40,77.0,,0.77,30.8
2020-06-24,20,77.0,,0.77,15.4
2020-06-25,41,77.0,,0.77,31.57
2020-06-26,69,77.0,,0.77,53.13
2020-06-27,26,77.0,,0.77,20.02
2020-06-28,23,33.0,False,0.33,7.590000000000001
2020-06-29,100,33.0,,0.33,33.0
2020-06-30,0,33.0,,0.33,0.0
2020-07-01,49,33.0,,0.33,16.17
2020-07-02,0,33.0,,0.33,0.0
2020-07-03,0,33.0,,0.33,0.0
2020-07-04,32,33.0,,0.33,10.56
2020-07-05,81,39.0,False,0.39,31.59
2020-07-06,0,39.0,,0.39,0.0
2020-07-07,50,39.0,,0.39,19.5
2020-07-08,26,39.0,,0.39,10.14
2020-07-09,28,39.0,,0.39,10.92
2020-07-10,60,39.0,,0.39,23.400000000000002
2020-07-11,33,39.0,,0.39,12.870000000000001
2020-07-12,29,30.0,False,0.3,8.7
2020-07-13,51,30.0,,0.3,15.299999999999999
2020-07-14,99,30.0,,0.3,29.7
2020-07-15,100,30.0,,0.3,30.0
2020-07-16,0,30.0,,0.3,0.0
2020-07-17,0,30.0,,0.3,0.0
2020-07-18,32,30.0,,0.3,9.6
2020-07-19,28,16.0,False,0.16,4.48
2020-07-20,100,16.0,,0.16,16.0
2020-07-21,24,16.0,,0.16,3.84
2020-07-22,24,16.0,,0.16,3.84
2020-07-23,24,16.0,,0.16,3.84
2020-07-24,0,16.0,,0.16,0.0
2020-07-25,0,16.0,,0.16,0.0
2020-07-26,0,20.0,False,0.2,0.0
2020-07-27,0,20.0,,0.2,0.0
2020-07-28,48,20.0,,0.2,9.600000000000001
2020-07-29,24,20.0,,0.2,4.800000000000001
2020-07-30,49,20.0,,0.2,9.8
2020-07-31,0,20.0,,0.2,0.0
2020-08-01,26,20.0,,0.2,5.2
2020-08-02,0,36.0,False,0.36,0.0
2020-08-03,0,36.0,,0.36,0.0
2020-08-04,20,36.0,,0.36,7.199999999999999
2020-08-05,20,36.0,,0.36,7.199999999999999
2020-08-06,82,36.0,,0.36,29.52
2020-08-07,22,36.0,,0.36,7.92
2020-08-08,0,36.0,,0.36,0.0
2020-08-09,69,53.0,False,0.53,36.57
2020-08-10,20,53.0,,0.53,10.600000000000001
2020-08-11,0,53.0,,0.53,0.0
2020-08-12,100,53.0,,0.53,53.0
2020-08-13,57,53.0,,0.53,30.21
2020-08-14,0,53.0,,0.53,0.0
2020-08-15,45,53.0,,0.53,23.85
2020-08-16,0,54.0,False,0.54,0.0
2020-08-17,94,54.0,,0.54,50.760000000000005
2020-08-18,18,54.0,,0.54,9.72
2020-08-19,18,54.0,,0.54,9.72
2020-08-20,36,54.0,,0.54,19.44
2020-08-21,80,54.0,,0.54,43.2
2020-08-22,44,54.0,,0.54,23.76
2020-08-23,77,50.0,False,0.5,38.5
2020-08-24,18,50.0,,0.5,9.0
2020-08-25,74,50.0,,0.5,37.0
2020-08-26,0,50.0,,0.5,0.0
2020-08-27,56,50.0,,0.5,28.0
2020-08-28,63,50.0,,0.5,31.5
2020-08-29,67,50.0,,0.5,33.5
2020-08-30,21,42.0,False,0.42,8.82
2020-08-31,38,42.0,,0.42,15.959999999999999
2020-09-01,0,42.0,,0.42,0.0
2020-09-02,50,42.0,,0.42,21.0
2020-09-03,100,42.0,,0.42,42.0
2020-09-04,29,42.0,,0.42,12.18
2020-09-05,30,42.0,,0.42,12.6
2020-09-06,0,44.0,False,0.44,0.0
2020-09-07,25,44.0,,0.44,11.0
2020-09-08,52,44.0,,0.44,22.88
2020-09-09,0,44.0,,0.44,0.0
2020-09-10,51,44.0,,0.44,22.44
2020-09-11,87,44.0,,0.44,38.28
2020-09-12,0,44.0,,0.44,0.0
2020-09-13,0,31.0,False,0.31,0.0
2020-09-14,25,31.0,,0.31,7.75
2020-09-15,75,31.0,,0.31,23.25
2020-09-16,25,31.0,,0.31,7.75
2020-09-17,0,31.0,,0.31,0.0
2020-09-18,57,31.0,,0.31,17.669999999999998
2020-09-19,0,31.0,,0.31,0.0
2020-09-20,29,36.0,False,0.36,10.44
2020-09-21,0,36.0,,0.36,0.0
2020-09-22,25,36.0,,0.36,9.0
2020-09-23,25,36.0,,0.36,9.0
2020-09-24,24,36.0,,0.36,8.64
2020-09-25,32,36.0,,0.36,11.52
2020-09-26,96,36.0,,0.36,34.56
2020-09-27,29,23.0,False,0.23,6.67
2020-09-28,57,23.0,,0.23,13.110000000000001
2020-09-29,58,23.0,,0.23,13.34
2020-09-30,30,23.0,,0.23,6.9
2020-10-01,45,23.0,,0.23,10.35
2020-10-02,0,23.0,,0.23,0.0
2020-10-03,0,23.0,,0.23,0.0
2020-10-04,0,61.0,False,0.61,0.0
2020-10-05,66,61.0,,0.61,40.26
2020-10-06,67,61.0,,0.61,40.87
2020-10-07,44,61.0,,0.61,26.84
2020-10-08,22,61.0,,0.61,13.42
2020-10-09,27,61.0,,0.61,16.47
2020-10-10,29,61.0,,0.61,17.69
2020-10-11,0,45.0,False,0.45,0.0
2020-10-12,46,45.0,,0.45,20.7
2020-10-13,0,45.0,,0.45,0.0
2020-10-14,100,45.0,,0.45,45.0
2020-10-15,48,45.0,,0.45,21.6
2020-10-16,29,45.0,,0.45,13.05
2020-10-17,56,45.0,,0.45,25.2
2020-10-18,52,41.0,False,0.41,21.32
2020-10-19,0,41.0,,0.41,0.0
2020-10-20,0,41.0,,0.41,0.0
2020-10-21,0,41.0,,0.41,0.0
2020-10-22,24,41.0,,0.41,9.84
2020-10-23,28,41.0,,0.41,11.479999999999999
2020-10-24,0,41.0,,0.41,0.0
2020-10-25,58,66.0,False,0.66,38.28
2020-10-26,79,66.0,,0.66,52.14
2020-10-27,24,66.0,,0.66,15.84
2020-10-28,0,66.0,,0.66,0.0
2020-10-29,24,66.0,,0.66,15.84
2020-10-30,52,66.0,,0.66,34.32
2020-10-31,55,66.0,,0.66,36.300000000000004
2020-11-01,30,50.0,False,0.5,15.0
2020-11-02,27,50.0,,0.5,13.5
2020-11-03,54,50.0,,0.5,27.0
2020-11-04,45,50.0,,0.5,22.5
2020-11-05,68,50.0,,0.5,34.0
2020-11-06,57,50.0,,0.5,28.5
2020-11-07,30,50.0,,0.5,15.0
2020-11-08,0,25.0,False,0.25,0.0
2020-11-09,0,25.0,,0.25,0.0
2020-11-10,55,25.0,,0.25,13.75
2020-11-11,0,25.0,,0.25,0.0
2020-11-12,28,25.0,,0.25,7.0
2020-11-13,31,25.0,,0.25,7.75
2020-11-14,36,25.0,,0.25,9.0
2020-11-15,31,35.0,False,0.35,10.85
2020-11-16,28,35.0,,0.35,9.799999999999999
2020-11-17,82,35.0,,0.35,28.7
2020-11-18,0,35.0,,0.35,0.0
2020-11-19,0,35.0,,0.35,0.0
2020-11-20,0,35.0,,0.35,0.0
2020-11-21,100,35.0,,0.35,35.0
2020-11-22,60,49.0,False,0.49,29.4
2020-11-23,28,49.0,,0.49,13.719999999999999
2020-11-24,82,49.0,,0.49,40.18
2020-11-25,53,49.0,,0.49,25.97
2020-11-26,54,49.0,,0.49,26.46
2020-11-27,91,49.0,,0.49,44.589999999999996
2020-11-28,34,49.0,,0.49,16.66
2020-11-29,84,60.0,False,0.6,50.4
2020-11-30,27,60.0,,0.6,16.2
2020-12-01,37,60.0,,0.6,22.2
2020-12-02,19,60.0,,0.6,11.4
2020-12-03,57,60.0,,0.6,34.199999999999996
2020-12-04,0,60.0,,0.6,0.0
2020-12-05,46,60.0,,0.6,27.599999999999998
2020-12-06,0,36.0,False,0.36,0.0
2020-12-07,37,36.0,,0.36,13.32
2020-12-08,0,36.0,,0.36,0.0
2020-12-09,37,36.0,,0.36,13.32
2020-12-10,39,36.0,,0.36,14.04
2020-12-11,22,36.0,,0.36,7.92
2020-12-12,23,36.0,,0.36,8.28
2020-12-13,100,57.0,False,0.57,56.99999999999999
2020-12-14,57,57.0,,0.57,32.489999999999995
2020-12-15,19,57.0,,0.57,10.829999999999998
2020-12-16,58,57.0,,0.57,33.059999999999995
2020-12-17,19,57.0,,0.57,10.829999999999998
2020-12-18,22,57.0,,0.57,12.54
2020-12-19,23,57.0,,0.57,13.11
2020-12-20,21,49.0,False,0.49,10.29
2020-12-21,57,49.0,,0.49,27.93
2020-12-22,19,49.0,,0.49,9.31
2020-12-23,0,49.0,,0.49,0.0
2020-12-24,24,49.0,,0.49,11.76
2020-12-25,26,49.0,,0.49,12.74
2020-12-26,0,49.0,,0.49,0.0
2020-12-27,23,69.0,False,0.69,15.87
2020-12-28,22,69.0,,0.69,15.18
2020-12-29,21,69.0,,0.69,14.489999999999998
2020-12-30,0,69.0,,0.69,0.0
2020-12-31,0,69.0,,0.69,0.0
2021-01-01,82,69.0,,0.69,56.58
2021-01-02,100,69.0,,0.69,69.0
2021-01-03,0,26.0,False,0.26,0.0
2021-01-04,24,26.0,,0.26,6.24
2021-01-05,0,26.0,,0.26,0.0
2021-01-06,22,26.0,,0.26,5.720000000000001
2021-01-07,21,26.0,,0.26,5.46
2021-01-08,0,26.0,,0.26,0.0
2021-01-09,25,26.0,,0.26,6.5
2021-01-10,0,29.0,False,0.29,0.0
2021-01-11,41,29.0,,0.29,11.889999999999999
2021-01-12,42,29.0,,0.29,12.18
2021-01-13,21,29.0,,0.29,6.09
2021-01-14,21,29.0,,0.29,6.09
2021-01-15,23,29.0,,0.29,6.67
2021-01-16,0,29.0,,0.29,0.0
2021-01-17,21,24.0,False,0.24,5.04
2021-01-18,21,24.0,,0.24,5.04
2021-01-19,20,24.0,,0.24,4.8
2021-01-20,20,24.0,,0.24,4.8
2021-01-21,21,24.0,,0.24,5.04
2021-01-22,0,24.0,,0.24,0.0
2021-01-23,25,24.0,,0.24,6.0
2021-01-24,0,5.0,False,0.05,0.0
2021-01-25,41,5.0,,0.05,2.0500000000000003
2021-01-26,0,5.0,,0.05,0.0
2021-01-27,20,5.0,,0.05,1.0
2021-01-28,0,5.0,,0.05,0.0
2021-01-29,0,5.0,,0.05,0.0
2021-01-30,0,5.0,,0.05,0.0
2021-01-31,0,51.0,False,0.51,0.0
