Date,damp_unscaled,damp_monthly,isPartial,scale,damp
2018-01-01,0,,,,
2018-01-02,0,,,,
2018-01-03,0,,,,
2018-01-04,0,,,,
2018-01-05,100,,,,
2018-01-06,0,,,,
2018-01-07,0,0.0,False,0.0,0.0
2018-01-08,0,0.0,,0.0,0.0
2018-01-09,96,0.0,,0.0,0.0
2018-01-10,0,0.0,,0.0,0.0
2018-01-11,97,0.0,,0.0,0.0
2018-01-12,0,0.0,,0.0,0.0
2018-01-13,0,0.0,,0.0,0.0
2018-01-14,0,0.0,False,0.0,0.0
2018-01-15,0,0.0,,0.0,0.0
2018-01-16,0,0.0,,0.0,0.0
2018-01-17,0,0.0,,0.0,0.0
2018-01-18,0,0.0,,0.0,0.0
2018-01-19,0,0.0,,0.0,0.0
2018-01-20,0,0.0,,0.0,0.0
2018-01-21,0,65.0,False,0.65,0.0
2018-01-22,85,65.0,,0.65,55.25
2018-01-23,0,65.0,,0.65,0.0
2018-01-24,0,65.0,,0.65,0.0
2018-01-25,0,65.0,,0.65,0.0
2018-01-26,0,65.0,,0.65,0.0
2018-01-27,0,65.0,,0.65,0.0
2018-01-28,0,65.0,False,0.65,0.0
2018-01-29,0,65.0,,0.65,0.0
2018-01-30,0,65.0,,0.65,0.0
2018-01-31,0,65.0,,0.65,0.0
2018-02-01,0,65.0,,0.65,0.0
2018-02-02,0,65.0,,0.65,0.0
2018-02-03,100,65.0,,0.65,65.0
2018-02-04,0,63.0,False,0.63,0.0
2018-02-05,0,63.0,,0.63,0.0
2018-02-06,0,63.0,,0.63,0.0
2018-02-07,0,63.0,,0.63,0.0
2018-02-08,0,63.0,,0.63,0.0
2018-02-09,86,63.0,,0.63,54.18
2018-02-10,0,63.0,,0.63,0.0
2018-02-11,0,0.0,False,0.0,0.0
2018-02-12,0,0.0,,0.0,0.0
2018-02-13,0,0.0,,0.0,0.0
2018-02-14,0,0.0,,0.0,0.0
2018-02-15,0,0.0,,0.0,0.0
2018-02-16,0,0.0,,0.0,0.0
2018-02-17,0,0.0,,0.0,0.0
2018-02-18,0,20.0,False,0.2,0.0
2018-02-19,0,20.0,,0.2,0.0
2018-02-20,0,20.0,,0.2,0.0
2018-02-21,0,20.0,,0.2,0.0
2018-02-22,81,20.0,,0.2,16.2
2018-02-23,94,20.0,,0.2,18.8
2018-02-24,0,20.0,,0.2,0.0
2018-02-25,85,40.0,False,0.4,34.0
2018-02-26,0,40.0,,0.4,0.0
2018-02-27,0,40.0,,0.4,0.0
2018-02-28,0,40.0,,0.4,0.0
2018-03-01,0,40.0,,0.4,0.0
2018-03-02,100,40.0,,0.4,40.0
2018-03-03,0,40.0,,0.4,0.0
2018-03-04,46,100.0,False,1.0,46.0
2018-03-05,41,100.0,,1.0,41.0
2018-03-06,0,100.0,,1.0,0.0
2018-03-07,0,100.0,,1.0,0.0
2018-03-08,0,100.0,,1.0,0.0
2018-03-09,0,100.0,,1.0,0.0
2018-03-10,0,100.0,,1.0,0.0
2018-03-11,0,20.0,False,0.2,0.0
2018-03-12,0,20.0,,0.2,0.0
2018-03-13,42,20.0,,0.2,8.4
2018-03-14,0,20.0,,0.2,0.0
2018-03-15,0,20.0,,0.2,0.0
2018-03-16,51,20.0,,0.2,10.200000000000001
2018-03-17,0,20.0,,0.2,0.0
2018-03-18,0,99.0,False,0.99,0.0
2018-03-19,0,99.0,,0.99,0.0
2018-03-20,84,99.0,,0.99,83.16
2018-03-21,0,99.0,,0.99,0.0
2018-03-22,0,99.0,,0.99,0.0
2018-03-23,0,99.0,,0.99,0.0
2018-03-24,0,99.0,,0.99,0.0
2018-03-25,0,0.0,False,0.0,0.0
2018-03-26,0,0.0,,0.0,0.0
2018-03-27,0,0.0,,0.0,0.0
2018-03-28,0,0.0,,0.0,0.0
2018-03-29,0,0.0,,0.0,0.0
2018-03-30,0,0.0,,0.0,0.0
2018-03-31,0,0.0,,0.0,0.0
2018-04-01,0,42.0,False,0.42,0.0
2018-04-02,0,42.0,,0.42,0.0
2018-04-03,0,42.0,,0.42,0.0
2018-04-04,86,42.0,,0.42,36.12
2018-04-05,0,42.0,,0.42,0.0
2018-04-06,0,42.0,,0.42,0.0
2018-04-07,0,42.0,,0.42,0.0
2018-04-08,0,59.0,False,0.59,0.0
2018-04-09,85,59.0,,0.59,50.15
2018-04-10,87,59.0,,0.59,51.33
2018-04-11,0,59.0,,0.59,0.0
2018-04-12,0,59.0,,0.59,0.0
2018-04-13,0,59.0,,0.59,0.0
2018-04-14,0,59.0,,0.59,0.0
2018-04-15,0,64.0,False,0.64,0.0
2018-04-16,92,64.0,,0.64,58.88
2018-04-17,0,64.0,,0.64,0.0
2018-04-18,0,64.0,,0.64,0.0
2018-04-19,100,64.0,,0.64,64.0
2018-04-20,0,64.0,,0.64,0.0
2018-04-21,0,64.0,,0.64,0.0
2018-04-22,0,0.0,False,0.0,0.0
2018-04-23,0,0.0,,0.0,0.0
2018-04-24,0,0.0,,0.0,0.0
2018-04-25,0,0.0,,0.0,0.0
2018-04-26,0,0.0,,0.0,0.0
2018-04-27,0,0.0,,0.0,0.0
2018-04-28,0,0.0,,0.0,0.0
2018-04-29,0,0.0,False,0.0,0.0
2018-04-30,0,0.0,,0.0,0.0
2018-05-01,0,0.0,,0.0,0.0
2018-05-02,0,0.0,,0.0,0.0
2018-05-03,0,0.0,,0.0,0.0
2018-05-04,0,0.0,,0.0,0.0
2018-05-05,0,0.0,,0.0,0.0
2018-05-06,0,40.0,False,0.4,0.0
2018-05-07,0,40.0,,0.4,0.0
2018-05-08,0,40.0,,0.4,0.0
2018-05-09,0,40.0,,0.4,0.0
2018-05-10,0,40.0,,0.4,0.0
2018-05-11,0,40.0,,0.4,0.0
2018-05-12,0,40.0,,0.4,0.0
2018-05-13,67,79.0,False,0.79,52.93
2018-05-14,30,79.0,,0.79,23.700000000000003
2018-05-15,0,79.0,,0.79,0.0
2018-05-16,0,79.0,,0.79,0.0
2018-05-17,0,79.0,,0.79,0.0
2018-05-18,0,79.0,,0.79,0.0
2018-05-19,37,79.0,,0.79,29.23
2018-05-20,34,20.0,False,0.2,6.800000000000001
2018-05-21,0,20.0,,0.2,0.0
2018-05-22,0,20.0,,0.2,0.0
2018-05-23,0,20.0,,0.2,0.0
2018-05-24,30,20.0,,0.2,6.0
2018-05-25,0,20.0,,0.2,0.0
2018-05-26,38,20.0,,0.2,7.6000000000000005
2018-05-27,100,21.0,False,0.21,21.0
2018-05-28,0,21.0,,0.21,0.0
2018-05-29,0,21.0,,0.21,0.0
2018-05-30,0,21.0,,0.21,0.0
2018-05-31,0,21.0,,0.21,0.0
2018-06-01,0,21.0,,0.21,0.0
2018-06-02,0,21.0,,0.21,0.0
2018-06-03,0,41.0,False,0.41,0.0
2018-06-04,0,41.0,,0.41,0.0
2018-06-05,0,41.0,,0.41,0.0
2018-06-06,0,41.0,,0.41,0.0
2018-06-07,0,41.0,,0.41,0.0
2018-06-08,100,41.0,,0.41,41.0
2018-06-09,0,41.0,,0.41,0.0
2018-06-10,0,19.0,False,0.19,0.0
2018-06-11,80,19.0,,0.19,15.2
2018-06-12,0,19.0,,0.19,0.0
2018-06-13,0,19.0,,0.19,0.0
2018-06-14,0,19.0,,0.19,0.0
2018-06-15,0,19.0,,0.19,0.0
2018-06-16,0,19.0,,0.19,0.0
2018-06-17,0,20.0,False,0.2,0.0
2018-06-18,0,20.0,,0.2,0.0
2018-06-19,0,20.0,,0.2,0.0
2018-06-20,0,20.0,,0.2,0.0
2018-06-21,83,20.0,,0.2,16.6
2018-06-22,0,20.0,,0.2,0.0
2018-06-23,0,20.0,,0.2,0.0
2018-06-24,0,21.0,False,0.21,0.0
2018-06-25,0,21.0,,0.21,0.0
2018-06-26,0,21.0,,0.21,0.0
2018-06-27,0,21.0,,0.21,0.0
2018-06-28,0,21.0,,0.21,0.0
2018-06-29,0,21.0,,0.21,0.0
2018-06-30,0,21.0,,0.21,0.0
2018-07-01,0,41.0,False,0.41,0.0
2018-07-02,0,41.0,,0.41,0.0
2018-07-03,0,41.0,,0.41,0.0
2018-07-04,0,41.0,,0.41,0.0
2018-07-05,0,41.0,,0.41,0.0
2018-07-06,0,41.0,,0.41,0.0
2018-07-07,0,41.0,,0.41,0.0
2018-07-08,0,22.0,False,0.22,0.0
2018-07-09,0,22.0,,0.22,0.0
2018-07-10,0,22.0,,0.22,0.0
2018-07-11,0,22.0,,0.22,0.0
2018-07-12,0,22.0,,0.22,0.0
2018-07-13,0,22.0,,0.22,0.0
2018-07-14,100,22.0,,0.22,22.0
2018-07-15,0,66.0,False,0.66,0.0
2018-07-16,0,66.0,,0.66,0.0
2018-07-17,0,66.0,,0.66,0.0
2018-07-18,0,66.0,,0.66,0.0
2018-07-19,0,66.0,,0.66,0.0
2018-07-20,0,66.0,,0.66,0.0
2018-07-21,0,66.0,,0.66,0.0
2018-07-22,0,61.0,False,0.61,0.0
2018-07-23,0,61.0,,0.61,0.0
2018-07-24,77,61.0,,0.61,46.97
2018-07-25,0,61.0,,0.61,0.0
2018-07-26,0,61.0,,0.61,0.0
2018-07-27,0,61.0,,0.61,0.0
2018-07-28,0,61.0,,0.61,0.0
2018-07-29,0,20.0,False,0.2,0.0
2018-07-30,73,20.0,,0.2,14.600000000000001
2018-07-31,0,20.0,,0.2,0.0
2018-08-01,0,20.0,,0.2,0.0
2018-08-02,0,20.0,,0.2,0.0
2018-08-03,84,20.0,,0.2,16.8
2018-08-04,0,20.0,,0.2,0.0
2018-08-05,0,0.0,False,0.0,0.0
2018-08-06,0,0.0,,0.0,0.0
2018-08-07,0,0.0,,0.0,0.0
2018-08-08,0,0.0,,0.0,0.0
2018-08-09,0,0.0,,0.0,0.0
2018-08-10,0,0.0,,0.0,0.0
2018-08-11,0,0.0,,0.0,0.0
2018-08-12,82,61.0,False,0.61,50.019999999999996
2018-08-13,0,61.0,,0.61,0.0
2018-08-14,71,61.0,,0.61,43.31
2018-08-15,0,61.0,,0.61,0.0
2018-08-16,71,61.0,,0.61,43.31
2018-08-17,0,61.0,,0.61,0.0
2018-08-18,100,61.0,,0.61,61.0
2018-08-19,0,0.0,False,0.0,0.0
2018-08-20,0,0.0,,0.0,0.0
2018-08-21,0,0.0,,0.0,0.0
2018-08-22,72,0.0,,0.0,0.0
2018-08-23,0,0.0,,0.0,0.0
2018-08-24,0,0.0,,0.0,0.0
2018-08-25,0,0.0,,0.0,0.0
2018-08-26,0,21.0,False,0.21,0.0
2018-08-27,0,21.0,,0.21,0.0
2018-08-28,0,21.0,,0.21,0.0
2018-08-29,0,21.0,,0.21,0.0
2018-08-30,0,21.0,,0.21,0.0
2018-08-31,0,21.0,,0.21,0.0
2018-09-01,0,21.0,,0.21,0.0
2018-09-02,0,42.0,False,0.42,0.0
2018-09-03,84,42.0,,0.42,35.28
2018-09-04,0,42.0,,0.42,0.0
2018-09-05,0,42.0,,0.42,0.0
2018-09-06,0,42.0,,0.42,0.0
2018-09-07,100,42.0,,0.42,42.0
2018-09-08,0,42.0,,0.42,0.0
2018-09-09,0,0.0,False,0.0,0.0
2018-09-10,0,0.0,,0.0,0.0
2018-09-11,0,0.0,,0.0,0.0
2018-09-12,0,0.0,,0.0,0.0
2018-09-13,0,0.0,,0.0,0.0
2018-09-14,0,0.0,,0.0,0.0
2018-09-15,0,0.0,,0.0,0.0
2018-09-16,0,21.0,False,0.21,0.0
2018-09-17,0,21.0,,0.21,0.0
2018-09-18,0,21.0,,0.21,0.0
2018-09-19,0,21.0,,0.21,0.0
2018-09-20,0,21.0,,0.21,0.0
2018-09-21,98,21.0,,0.21,20.58
2018-09-22,0,21.0,,0.21,0.0
2018-09-23,0,0.0,False,0.0,0.0
2018-09-24,0,0.0,,0.0,0.0
2018-09-25,0,0.0,,0.0,0.0
2018-09-26,0,0.0,,0.0,0.0
2018-09-27,0,0.0,,0.0,0.0
2018-09-28,0,0.0,,0.0,0.0
2018-09-29,0,0.0,,0.0,0.0
2018-09-30,0,0.0,False,0.0,0.0
2018-10-01,0,0.0,,0.0,0.0
2018-10-02,0,0.0,,0.0,0.0
2018-10-03,0,0.0,,0.0,0.0
2018-10-04,0,0.0,,0.0,0.0
2018-10-05,0,0.0,,0.0,0.0
2018-10-06,0,0.0,,0.0,0.0
2018-10-07,0,0.0,False,0.0,0.0
2018-10-08,0,0.0,,0.0,0.0
2018-10-09,0,0.0,,0.0,0.0
2018-10-10,0,0.0,,0.0,0.0
2018-10-11,98,0.0,,0.0,0.0
2018-10-12,0,0.0,,0.0,0.0
2018-10-13,0,0.0,,0.0,0.0
2018-10-14,0,0.0,False,0.0,0.0
2018-10-15,0,0.0,,0.0,0.0
2018-10-16,0,0.0,,0.0,0.0
2018-10-17,0,0.0,,0.0,0.0
2018-10-18,0,0.0,,0.0,0.0
2018-10-19,0,0.0,,0.0,0.0
2018-10-20,0,0.0,,0.0,0.0
2018-10-21,0,86.0,False,0.86,0.0
2018-10-22,100,86.0,,0.86,86.0
2018-10-23,0,86.0,,0.86,0.0
2018-10-24,0,86.0,,0.86,0.0
2018-10-25,0,86.0,,0.86,0.0
2018-10-26,0,86.0,,0.86,0.0
2018-10-27,100,86.0,,0.86,86.0
2018-10-28,0,0.0,False,0.0,0.0
2018-10-29,78,0.0,,0.0,0.0
2018-10-30,0,0.0,,0.0,0.0
2018-10-31,0,0.0,,0.0,0.0
2018-11-01,0,0.0,,0.0,0.0
2018-11-02,0,0.0,,0.0,0.0
2018-11-03,0,0.0,,0.0,0.0
2018-11-04,0,0.0,False,0.0,0.0
2018-11-05,0,0.0,,0.0,0.0
2018-11-06,0,0.0,,0.0,0.0
2018-11-07,0,0.0,,0.0,0.0
2018-11-08,73,0.0,,0.0,0.0
2018-11-09,0,0.0,,0.0,0.0
2018-11-10,100,0.0,,0.0,0.0
2018-11-11,83,22.0,False,0.22,18.26
2018-11-12,0,22.0,,0.22,0.0
2018-11-13,0,22.0,,0.22,0.0
2018-11-14,0,22.0,,0.22,0.0
2018-11-15,0,22.0,,0.22,0.0
2018-11-16,0,22.0,,0.22,0.0
2018-11-17,0,22.0,,0.22,0.0
2018-11-18,0,21.0,False,0.21,0.0
2018-11-19,0,21.0,,0.21,0.0
2018-11-20,0,21.0,,0.21,0.0
2018-11-21,0,21.0,,0.21,0.0
2018-11-22,0,21.0,,0.21,0.0
2018-11-23,0,21.0,,0.21,0.0
2018-11-24,92,21.0,,0.21,19.32
2018-11-25,0,21.0,False,0.21,0.0
2018-11-26,0,21.0,,0.21,0.0
2018-11-27,0,21.0,,0.21,0.0
2018-11-28,0,21.0,,0.21,0.0
2018-11-29,0,21.0,,0.21,0.0
2018-11-30,0,21.0,,0.21,0.0
2018-12-01,0,21.0,,0.21,0.0
2018-12-02,80,23.0,False,0.23,18.400000000000002
2018-12-03,0,23.0,,0.23,0.0
2018-12-04,0,23.0,,0.23,0.0
2018-12-05,0,23.0,,0.23,0.0
2018-12-06,80,23.0,,0.23,18.400000000000002
2018-12-07,0,23.0,,0.23,0.0
2018-12-08,0,23.0,,0.23,0.0
2018-12-09,0,0.0,False,0.0,0.0
2018-12-10,0,0.0,,0.0,0.0
2018-12-11,77,0.0,,0.0,0.0
2018-12-12,0,0.0,,0.0,0.0
2018-12-13,84,0.0,,0.0,0.0
2018-12-14,0,0.0,,0.0,0.0
2018-12-15,0,0.0,,0.0,0.0
2018-12-16,0,0.0,False,0.0,0.0
2018-12-17,0,0.0,,0.0,0.0
2018-12-18,0,0.0,,0.0,0.0
2018-12-19,0,0.0,,0.0,0.0
2018-12-20,0,0.0,,0.0,0.0
2018-12-21,0,0.0,,0.0,0.0
2018-12-22,0,0.0,,0.0,0.0
2018-12-23,0,28.0,False,0.28,0.0
2018-12-24,0,28.0,,0.28,0.0
2018-12-25,0,28.0,,0.28,0.0
2018-12-26,0,28.0,,0.28,0.0
2018-12-27,100,28.0,,0.28,28.000000000000004
2018-12-28,0,28.0,,0.28,0.0
2018-12-29,0,28.0,,0.28,0.0
2018-12-30,0,0.0,False,0.0,0.0
2018-12-31,0,0.0,,0.0,0.0
2019-02-01,0,0.0,,0.0,0.0
2019-02-02,0,0.0,,0.0,0.0
2019-02-03,0,0.0,False,0.0,0.0
2019-02-04,0,0.0,,0.0,0.0
2019-02-05,0,0.0,,0.0,0.0
2019-02-06,0,0.0,,0.0,0.0
2019-02-07,0,0.0,,0.0,0.0
2019-02-08,0,0.0,,0.0,0.0
2019-02-09,0,0.0,,0.0,0.0
2019-02-10,0,21.0,False,0.21,0.0
2019-02-11,0,21.0,,0.21,0.0
2019-02-12,0,21.0,,0.21,0.0
2019-02-13,0,21.0,,0.21,0.0
2019-02-14,0,21.0,,0.21,0.0
2019-02-15,0,21.0,,0.21,0.0
2019-02-16,0,21.0,,0.21,0.0
2019-02-17,0,0.0,False,0.0,0.0
2019-02-18,0,0.0,,0.0,0.0
2019-02-19,44,0.0,,0.0,0.0
2019-02-20,0,0.0,,0.0,0.0
2019-02-21,0,0.0,,0.0,0.0
2019-02-22,0,0.0,,0.0,0.0
2019-02-23,55,0.0,,0.0,0.0
2019-02-24,100,44.0,False,0.44,44.0
2019-02-25,0,44.0,,0.44,0.0
2019-02-26,0,44.0,,0.44,0.0
2019-02-27,0,44.0,,0.44,0.0
2019-02-28,46,44.0,,0.44,20.24
2019-03-01,0,44.0,,0.44,0.0
2019-03-02,0,44.0,,0.44,0.0
2019-03-03,0,0.0,False,0.0,0.0
2019-03-04,0,0.0,,0.0,0.0
2019-03-05,0,0.0,,0.0,0.0
2019-03-06,75,0.0,,0.0,0.0
2019-03-07,0,0.0,,0.0,0.0
2019-03-08,0,0.0,,0.0,0.0
2019-03-09,0,0.0,,0.0,0.0
2019-03-10,0,22.0,False,0.22,0.0
2019-03-11,0,22.0,,0.22,0.0
2019-03-12,0,22.0,,0.22,0.0
2019-03-13,0,22.0,,0.22,0.0
2019-03-14,0,22.0,,0.22,0.0
2019-03-15,0,22.0,,0.22,0.0
2019-03-16,0,22.0,,0.22,0.0
2019-03-17,0,45.0,False,0.45,0.0
2019-03-18,0,45.0,,0.45,0.0
2019-03-19,0,45.0,,0.45,0.0
2019-03-20,0,45.0,,0.45,0.0
2019-03-21,0,45.0,,0.45,0.0
2019-03-22,0,45.0,,0.45,0.0
2019-03-23,0,45.0,,0.45,0.0
2019-03-24,0,22.0,False,0.22,0.0
2019-03-25,0,22.0,,0.22,0.0
2019-03-26,0,22.0,,0.22,0.0
2019-03-27,0,22.0,,0.22,0.0
2019-03-28,0,22.0,,0.22,0.0
2019-03-29,0,22.0,,0.22,0.0
2019-03-30,100,22.0,,0.22,22.0
2019-03-31,81,65.0,False,0.65,52.65
2019-04-01,0,65.0,,0.65,0.0
2019-04-02,0,65.0,,0.65,0.0
2019-04-03,92,65.0,,0.65,59.800000000000004
2019-04-04,0,65.0,,0.65,0.0
2019-04-05,0,65.0,,0.65,0.0
2019-04-06,0,65.0,,0.65,0.0
2019-04-07,0,45.0,False,0.45,0.0
2019-04-08,0,45.0,,0.45,0.0
2019-04-09,0,45.0,,0.45,0.0
2019-04-10,88,45.0,,0.45,39.6
2019-04-11,0,45.0,,0.45,0.0
2019-04-12,0,45.0,,0.45,0.0
2019-04-13,0,45.0,,0.45,0.0
2019-04-14,0,0.0,False,0.0,0.0
2019-04-15,100,0.0,,0.0,0.0
2019-04-16,0,0.0,,0.0,0.0
2019-04-17,0,0.0,,0.0,0.0
2019-04-18,0,0.0,,0.0,0.0
2019-04-19,0,0.0,,0.0,0.0
2019-04-20,0,0.0,,0.0,0.0
2019-04-21,0,0.0,False,0.0,0.0
2019-04-22,0,0.0,,0.0,0.0
2019-04-23,0,0.0,,0.0,0.0
2019-04-24,0,0.0,,0.0,0.0
2019-04-25,0,0.0,,0.0,0.0
2019-04-26,0,0.0,,0.0,0.0
2019-04-27,0,0.0,,0.0,0.0
2019-04-28,0,21.0,False,0.21,0.0
2019-04-29,0,21.0,,0.21,0.0
2019-04-30,0,21.0,,0.21,0.0
2019-05-01,0,21.0,,0.21,0.0
2019-05-02,0,21.0,,0.21,0.0
2019-05-03,0,21.0,,0.21,0.0
2019-05-04,0,21.0,,0.21,0.0
2019-05-05,0,21.0,False,0.21,0.0
2019-05-06,0,21.0,,0.21,0.0
2019-05-07,0,21.0,,0.21,0.0
2019-05-08,0,21.0,,0.21,0.0
2019-05-09,0,21.0,,0.21,0.0
2019-05-10,0,21.0,,0.21,0.0
2019-05-11,0,21.0,,0.21,0.0
2019-05-12,78,43.0,False,0.43,33.54
2019-05-13,0,43.0,,0.43,0.0
2019-05-14,0,43.0,,0.43,0.0
2019-05-15,0,43.0,,0.43,0.0
2019-05-16,75,43.0,,0.43,32.25
2019-05-17,0,43.0,,0.43,0.0
2019-05-18,100,43.0,,0.43,43.0
2019-05-19,0,21.0,False,0.21,0.0
2019-05-20,0,21.0,,0.21,0.0
2019-05-21,0,21.0,,0.21,0.0
2019-05-22,0,21.0,,0.21,0.0
2019-05-23,0,21.0,,0.21,0.0
2019-05-24,0,21.0,,0.21,0.0
2019-05-25,0,21.0,,0.21,0.0
2019-05-26,0,20.0,False,0.2,0.0
2019-05-27,0,20.0,,0.2,0.0
2019-05-28,0,20.0,,0.2,0.0
2019-05-29,0,20.0,,0.2,0.0
2019-05-30,0,20.0,,0.2,0.0
2019-05-31,0,20.0,,0.2,0.0
2019-06-01,0,20.0,,0.2,0.0
2019-06-02,0,20.0,False,0.2,0.0
2019-06-03,0,20.0,,0.2,0.0
2019-06-04,0,20.0,,0.2,0.0
2019-06-05,0,20.0,,0.2,0.0
2019-06-06,0,20.0,,0.2,0.0
2019-06-07,0,20.0,,0.2,0.0
2019-06-08,0,20.0,,0.2,0.0
2019-06-09,0,40.0,False,0.4,0.0
2019-06-10,0,40.0,,0.4,0.0
2019-06-11,95,40.0,,0.4,38.0
2019-06-12,95,40.0,,0.4,38.0
2019-06-13,0,40.0,,0.4,0.0
2019-06-14,0,40.0,,0.4,0.0
2019-06-15,0,40.0,,0.4,0.0
2019-06-16,0,80.0,False,0.8,0.0
2019-06-17,0,80.0,,0.8,0.0
2019-06-18,0,80.0,,0.8,0.0
2019-06-19,100,80.0,,0.8,80.0
2019-06-20,0,80.0,,0.8,0.0
2019-06-21,0,80.0,,0.8,0.0
2019-06-22,0,80.0,,0.8,0.0
2019-06-23,0,21.0,False,0.21,0.0
2019-06-24,94,21.0,,0.21,19.74
2019-06-25,0,21.0,,0.21,0.0
2019-06-26,0,21.0,,0.21,0.0
2019-06-27,0,21.0,,0.21,0.0
2019-06-28,0,21.0,,0.21,0.0
2019-06-29,0,21.0,,0.21,0.0
2019-06-30,0,21.0,False,0.21,0.0
2019-07-01,76,21.0,,0.21,15.959999999999999
2019-07-02,0,21.0,,0.21,0.0
2019-07-03,0,21.0,,0.21,0.0
2019-07-04,0,21.0,,0.21,0.0
2019-07-05,0,21.0,,0.21,0.0
2019-07-06,0,21.0,,0.21,0.0
2019-07-07,0,65.0,False,0.65,0.0
2019-07-08,82,65.0,,0.65,53.300000000000004
2019-07-09,0,65.0,,0.65,0.0
2019-07-10,82,65.0,,0.65,53.300000000000004
2019-07-11,0,65.0,,0.65,0.0
2019-07-12,0,65.0,,0.65,0.0
2019-07-13,100,65.0,,0.65,65.0
2019-07-14,0,0.0,False,0.0,0.0
2019-07-15,0,0.0,,0.0,0.0
2019-07-16,78,0.0,,0.0,0.0
2019-07-17,0,0.0,,0.0,0.0
2019-07-18,84,0.0,,0.0,0.0
2019-07-19,92,0.0,,0.0,0.0
2019-07-20,0,0.0,,0.0,0.0
2019-07-21,0,22.0,False,0.22,0.0
2019-07-22,79,22.0,,0.22,17.38
2019-07-23,82,22.0,,0.22,18.04
2019-07-24,0,22.0,,0.22,0.0
2019-07-25,0,22.0,,0.22,0.0
2019-07-26,0,22.0,,0.22,0.0
2019-07-27,0,22.0,,0.22,0.0
2019-07-28,0,21.0,False,0.21,0.0
2019-07-29,0,21.0,,0.21,0.0
2019-07-30,0,21.0,,0.21,0.0
2019-07-31,0,21.0,,0.21,0.0
2019-09-01,0,0.0,False,0.0,0.0
2019-09-02,0,0.0,,0.0,0.0
2019-09-03,0,0.0,,0.0,0.0
2019-09-04,0,0.0,,0.0,0.0
2019-09-05,0,0.0,,0.0,0.0
2019-09-06,0,0.0,,0.0,0.0
2019-09-07,0,0.0,,0.0,0.0
2019-09-08,100,19.0,False,0.19,19.0
2019-09-09,0,19.0,,0.19,0.0
2019-09-10,88,19.0,,0.19,16.72
2019-09-11,0,19.0,,0.19,0.0
2019-09-12,0,19.0,,0.19,0.0
2019-09-13,0,19.0,,0.19,0.0
2019-09-14,0,19.0,,0.19,0.0
2019-09-15,0,18.0,False,0.18,0.0
2019-09-16,0,18.0,,0.18,0.0
2019-09-17,0,18.0,,0.18,0.0
2019-09-18,0,18.0,,0.18,0.0
2019-09-19,0,18.0,,0.18,0.0
2019-09-20,0,18.0,,0.18,0.0
2019-09-21,0,18.0,,0.18,0.0
2019-09-22,0,0.0,False,0.0,0.0
2019-09-23,84,0.0,,0.0,0.0
2019-09-24,0,0.0,,0.0,0.0
2019-09-25,0,0.0,,0.0,0.0
2019-09-26,0,0.0,,0.0,0.0
2019-09-27,0,0.0,,0.0,0.0
2019-09-28,0,0.0,,0.0,0.0
2019-09-29,0,19.0,False,0.19,0.0
2019-09-30,0,19.0,,0.19,0.0
2019-10-01,0,19.0,,0.19,0.0
2019-10-02,0,19.0,,0.19,0.0
2019-10-03,0,19.0,,0.19,0.0
2019-10-04,0,19.0,,0.19,0.0
2019-10-05,0,19.0,,0.19,0.0
2019-10-06,0,19.0,False,0.19,0.0
2019-10-07,0,19.0,,0.19,0.0
2019-10-08,0,19.0,,0.19,0.0
2019-10-09,0,19.0,,0.19,0.0
2019-10-10,0,19.0,,0.19,0.0
2019-10-11,0,19.0,,0.19,0.0
2019-10-12,0,19.0,,0.19,0.0
2019-10-13,0,54.0,False,0.54,0.0
2019-10-14,0,54.0,,0.54,0.0
2019-10-15,0,54.0,,0.54,0.0
2019-10-16,0,54.0,,0.54,0.0
2019-10-17,0,54.0,,0.54,0.0
2019-10-18,89,54.0,,0.54,48.06
2019-10-19,0,54.0,,0.54,0.0
2019-10-20,0,18.0,False,0.18,0.0
2019-10-21,0,18.0,,0.18,0.0
2019-10-22,0,18.0,,0.18,0.0
2019-10-23,0,18.0,,0.18,0.0
2019-10-24,77,18.0,,0.18,13.86
2019-10-25,0,18.0,,0.18,0.0
2019-10-26,0,18.0,,0.18,0.0
2019-10-27,100,19.0,False,0.19,19.0
2019-10-28,0,19.0,,0.19,0.0
2019-10-29,0,19.0,,0.19,0.0
2019-10-30,0,19.0,,0.19,0.0
2019-10-31,0,19.0,,0.19,0.0
2019-11-01,0,19.0,,0.19,0.0
2019-11-02,0,19.0,,0.19,0.0
2019-11-03,0,18.0,False,0.18,0.0
2019-11-04,0,18.0,,0.18,0.0
2019-11-05,0,18.0,,0.18,0.0
2019-11-06,0,18.0,,0.18,0.0
2019-11-07,0,18.0,,0.18,0.0
2019-11-08,0,18.0,,0.18,0.0
2019-11-09,0,18.0,,0.18,0.0
2019-11-10,0,18.0,False,0.18,0.0
2019-11-11,96,18.0,,0.18,17.28
2019-11-12,0,18.0,,0.18,0.0
2019-11-13,0,18.0,,0.18,0.0
2019-11-14,0,18.0,,0.18,0.0
2019-11-15,0,18.0,,0.18,0.0
2019-11-16,0,18.0,,0.18,0.0
2019-11-17,0,0.0,False,0.0,0.0
2019-11-18,0,0.0,,0.0,0.0
2019-11-19,0,0.0,,0.0,0.0
2019-11-20,0,0.0,,0.0,0.0
2019-11-21,0,0.0,,0.0,0.0
2019-11-22,0,0.0,,0.0,0.0
2019-11-23,0,0.0,,0.0,0.0
2019-11-24,0,19.0,False,0.19,0.0
2019-11-25,100,19.0,,0.19,19.0
2019-11-26,100,19.0,,0.19,19.0
2019-11-27,0,19.0,,0.19,0.0
2019-11-28,0,19.0,,0.19,0.0
2019-11-29,0,19.0,,0.19,0.0
2019-11-30,0,19.0,,0.19,0.0
2019-12-01,0,0.0,False,0.0,0.0
2019-12-02,0,0.0,,0.0,0.0
2019-12-03,84,0.0,,0.0,0.0
2019-12-04,0,0.0,,0.0,0.0
2019-12-05,0,0.0,,0.0,0.0
2019-12-06,0,0.0,,0.0,0.0
2019-12-07,0,0.0,,0.0,0.0
2019-12-08,0,20.0,False,0.2,0.0
2019-12-09,0,20.0,,0.2,0.0
2019-12-10,0,20.0,,0.2,0.0
2019-12-11,0,20.0,,0.2,0.0
2019-12-12,0,20.0,,0.2,0.0
2019-12-13,100,20.0,,0.2,20.0
2019-12-14,0,20.0,,0.2,0.0
2019-12-15,0,0.0,False,0.0,0.0
2019-12-16,0,0.0,,0.0,0.0
2019-12-17,0,0.0,,0.0,0.0
2019-12-18,0,0.0,,0.0,0.0
2019-12-19,0,0.0,,0.0,0.0
2019-12-20,0,0.0,,0.0,0.0
2019-12-21,0,0.0,,0.0,0.0
2019-12-22,0,0.0,False,0.0,0.0
2019-12-23,0,0.0,,0.0,0.0
2019-12-24,0,0.0,,0.0,0.0
2019-12-25,0,0.0,,0.0,0.0
2019-12-26,0,0.0,,0.0,0.0
2019-12-27,0,0.0,,0.0,0.0
2019-12-28,0,0.0,,0.0,0.0
2019-12-29,0,23.0,False,0.23,0.0
2019-12-30,0,23.0,,0.23,0.0
2019-12-31,0,23.0,,0.23,0.0
2020-01-01,0,23.0,,0.23,0.0
2020-01-02,0,23.0,,0.23,0.0
2020-01-03,0,23.0,,0.23,0.0
2020-01-04,0,23.0,,0.23,0.0
2020-01-05,99,39.0,False,0.39,38.61
2020-01-06,0,39.0,,0.39,0.0
2020-01-07,0,39.0,,0.39,0.0
2020-01-08,0,39.0,,0.39,0.0
2020-01-09,0,39.0,,0.39,0.0
2020-01-10,0,39.0,,0.39,0.0
2020-01-11,0,39.0,,0.39,0.0
2020-01-12,0,18.0,False,0.18,0.0
2020-01-13,89,18.0,,0.18,16.02
2020-01-14,0,18.0,,0.18,0.0
2020-01-15,0,18.0,,0.18,0.0
2020-01-16,0,18.0,,0.18,0.0
2020-01-17,0,18.0,,0.18,0.0
2020-01-18,0,18.0,,0.18,0.0
2020-01-19,0,0.0,False,0.0,0.0
2020-01-20,0,0.0,,0.0,0.0
2020-01-21,0,0.0,,0.0,0.0
2020-01-22,0,0.0,,0.0,0.0
2020-01-23,0,0.0,,0.0,0.0
2020-01-24,0,0.0,,0.0,0.0
2020-01-25,0,0.0,,0.0,0.0
2020-01-26,0,19.0,False,0.19,0.0
2020-01-27,100,19.0,,0.19,19.0
2020-01-28,0,19.0,,0.19,0.0
2020-01-29,0,19.0,,0.19,0.0
2020-01-30,0,19.0,,0.19,0.0
2020-01-31,0,19.0,,0.19,0.0
2020-02-01,100,19.0,,0.19,19.0
2020-02-02,0,0.0,False,0.0,0.0
2020-02-03,0,0.0,,0.0,0.0
2020-02-04,0,0.0,,0.0,0.0
2020-02-05,0,0.0,,0.0,0.0
2020-02-06,0,0.0,,0.0,0.0
2020-02-07,0,0.0,,0.0,0.0
2020-02-08,0,0.0,,0.0,0.0
2020-02-09,0,0.0,False,0.0,0.0
2020-02-10,0,0.0,,0.0,0.0
2020-02-11,0,0.0,,0.0,0.0
2020-02-12,0,0.0,,0.0,0.0
2020-02-13,80,0.0,,0.0,0.0
2020-02-14,0,0.0,,0.0,0.0
2020-02-15,0,0.0,,0.0,0.0
2020-02-16,0,18.0,False,0.18,0.0
2020-02-17,0,18.0,,0.18,0.0
2020-02-18,0,18.0,,0.18,0.0
2020-02-19,75,18.0,,0.18,13.5
2020-02-20,80,18.0,,0.18,14.399999999999999
2020-02-21,0,18.0,,0.18,0.0
2020-02-22,0,18.0,,0.18,0.0
2020-02-23,0,18.0,False,0.18,0.0
2020-02-24,0,18.0,,0.18,0.0
2020-02-25,78,18.0,,0.18,14.04
2020-02-26,0,18.0,,0.18,0.0
2020-02-27,0,18.0,,0.18,0.0
2020-02-28,0,18.0,,0.18,0.0
2020-02-29,0,18.0,,0.18,0.0
2020-03-01,0,18.0,False,0.18,0.0
2020-03-02,0,18.0,,0.18,0.0
2020-03-03,0,18.0,,0.18,0.0
2020-03-04,0,18.0,,0.18,0.0
2020-03-05,0,18.0,,0.18,0.0
2020-03-06,100,18.0,,0.18,18.0
2020-03-07,0,18.0,,0.18,0.0
2020-03-08,88,35.0,False,0.35,30.799999999999997
2020-03-09,0,35.0,,0.35,0.0
2020-03-10,0,35.0,,0.35,0.0
2020-03-11,0,35.0,,0.35,0.0
2020-03-12,0,35.0,,0.35,0.0
2020-03-13,0,35.0,,0.35,0.0
2020-03-14,0,35.0,,0.35,0.0
2020-03-15,0,33.0,False,0.33,0.0
2020-03-16,0,33.0,,0.33,0.0
2020-03-17,0,33.0,,0.33,0.0
2020-03-18,0,33.0,,0.33,0.0
2020-03-19,0,33.0,,0.33,0.0
2020-03-20,86,33.0,,0.33,28.380000000000003
2020-03-21,0,33.0,,0.33,0.0
2020-03-22,0,16.0,False,0.16,0.0
2020-03-23,0,16.0,,0.16,0.0
2020-03-24,0,16.0,,0.16,0.0
2020-03-25,0,16.0,,0.16,0.0
2020-03-26,0,16.0,,0.16,0.0
2020-03-27,0,16.0,,0.16,0.0
2020-03-28,0,16.0,,0.16,0.0
2020-03-29,0,17.0,False,0.17,0.0
2020-03-30,0,17.0,,0.17,0.0
2020-03-31,0,17.0,,0.17,0.0
2020-04-01,0,17.0,,0.17,0.0
2020-04-02,0,17.0,,0.17,0.0
2020-04-03,0,17.0,,0.17,0.0
2020-04-04,0,17.0,,0.17,0.0
2020-04-05,0,0.0,False,0.0,0.0
2020-04-06,0,0.0,,0.0,0.0
2020-04-07,0,0.0,,0.0,0.0
2020-04-08,0,0.0,,0.0,0.0
2020-04-09,0,0.0,,0.0,0.0
2020-04-10,0,0.0,,0.0,0.0
2020-04-11,0,0.0,,0.0,0.0
2020-04-12,0,16.0,False,0.16,0.0
2020-04-13,0,16.0,,0.16,0.0
2020-04-14,0,16.0,,0.16,0.0
2020-04-15,0,16.0,,0.16,0.0
2020-04-16,0,16.0,,0.16,0.0
2020-04-17,0,16.0,,0.16,0.0
2020-04-18,0,16.0,,0.16,0.0
2020-04-19,100,15.0,False,0.15,15.0
2020-04-20,0,15.0,,0.15,0.0
2020-04-21,0,15.0,,0.15,0.0
2020-04-22,0,15.0,,0.15,0.0
2020-04-23,0,15.0,,0.15,0.0
2020-04-24,0,15.0,,0.15,0.0
2020-04-25,0,15.0,,0.15,0.0
2020-04-26,0,15.0,False,0.15,0.0
2020-04-27,0,15.0,,0.15,0.0
2020-04-28,89,15.0,,0.15,13.35
2020-04-29,0,15.0,,0.15,0.0
2020-04-30,0,15.0,,0.15,0.0
2020-05-01,58,15.0,,0.15,8.7
2020-05-02,0,15.0,,0.15,0.0
2020-05-03,0,59.0,False,0.59,0.0
2020-05-04,50,59.0,,0.59,29.5
2020-05-05,0,59.0,,0.59,0.0
2020-05-06,100,59.0,,0.59,59.0
2020-05-07,0,59.0,,0.59,0.0
2020-05-08,0,59.0,,0.59,0.0
2020-05-09,0,59.0,,0.59,0.0
2020-05-10,0,46.0,False,0.46,0.0
2020-05-11,0,46.0,,0.46,0.0
2020-05-12,50,46.0,,0.46,23.0
2020-05-13,0,46.0,,0.46,0.0
2020-05-14,0,46.0,,0.46,0.0
2020-05-15,0,46.0,,0.46,0.0
2020-05-16,0,46.0,,0.46,0.0
2020-05-17,0,16.0,False,0.16,0.0
2020-05-18,0,16.0,,0.16,0.0
2020-05-19,0,16.0,,0.16,0.0
2020-05-20,0,16.0,,0.16,0.0
2020-05-21,0,16.0,,0.16,0.0
2020-05-22,0,16.0,,0.16,0.0
2020-05-23,0,16.0,,0.16,0.0
2020-05-24,56,62.0,False,0.62,34.72
2020-05-25,51,62.0,,0.62,31.62
2020-05-26,0,62.0,,0.62,0.0
2020-05-27,0,62.0,,0.62,0.0
2020-05-28,0,62.0,,0.62,0.0
2020-05-29,0,62.0,,0.62,0.0
2020-05-30,0,62.0,,0.62,0.0
2020-05-31,0,0.0,False,0.0,0.0
2020-06-01,83,0.0,,0.0,0.0
2020-06-02,0,0.0,,0.0,0.0
2020-06-03,74,0.0,,0.0,0.0
2020-06-04,0,0.0,,0.0,0.0
2020-06-05,0,0.0,,0.0,0.0
2020-06-06,0,0.0,,0.0,0.0
2020-06-07,86,32.0,False,0.32,27.52
2020-06-08,0,32.0,,0.32,0.0
2020-06-09,0,32.0,,0.32,0.0
2020-06-10,0,32.0,,0.32,0.0
2020-06-11,79,32.0,,0.32,25.28
2020-06-12,0,32.0,,0.32,0.0
2020-06-13,0,32.0,,0.32,0.0
2020-06-14,0,32.0,False,0.32,0.0
2020-06-15,0,32.0,,0.32,0.0
2020-06-16,0,32.0,,0.32,0.0
2020-06-17,0,32.0,,0.32,0.0
2020-06-18,0,32.0,,0.32,0.0
2020-06-19,0,32.0,,0.32,0.0
2020-06-20,0,32.0,,0.32,0.0
2020-06-21,0,65.0,False,0.65,0.0
2020-06-22,0,65.0,,0.65,0.0
2020-06-23,78,65.0,,0.65,50.7
2020-06-24,0,65.0,,0.65,0.0
2020-06-25,80,65.0,,0.65,52.0
2020-06-26,0,65.0,,0.65,0.0
2020-06-27,100,65.0,,0.65,65.0
2020-06-28,0,17.0,False,0.17,0.0
2020-06-29,0,17.0,,0.17,0.0
2020-06-30,0,17.0,,0.17,0.0
2020-07-01,0,17.0,,0.17,0.0
2020-07-02,0,17.0,,0.17,0.0
2020-07-03,0,17.0,,0.17,0.0
2020-07-04,0,17.0,,0.17,0.0
2020-07-05,0,18.0,False,0.18,0.0
2020-07-06,0,18.0,,0.18,0.0
2020-07-07,0,18.0,,0.18,0.0
2020-07-08,82,18.0,,0.18,14.76
2020-07-09,0,18.0,,0.18,0.0
2020-07-10,0,18.0,,0.18,0.0
2020-07-11,0,18.0,,0.18,0.0
2020-07-12,0,18.0,False,0.18,0.0
2020-07-13,0,18.0,,0.18,0.0
2020-07-14,0,18.0,,0.18,0.0
2020-07-15,0,18.0,,0.18,0.0
2020-07-16,0,18.0,,0.18,0.0
2020-07-17,91,18.0,,0.18,16.38
2020-07-18,0,18.0,,0.18,0.0
2020-07-19,0,34.0,False,0.34,0.0
2020-07-20,0,34.0,,0.34,0.0
2020-07-21,76,34.0,,0.34,25.840000000000003
2020-07-22,0,34.0,,0.34,0.0
2020-07-23,0,34.0,,0.34,0.0
2020-07-24,91,34.0,,0.34,30.94
2020-07-25,100,34.0,,0.34,34.0
2020-07-26,0,0.0,False,0.0,0.0
2020-07-27,0,0.0,,0.0,0.0
2020-07-28,0,0.0,,0.0,0.0
2020-07-29,0,0.0,,0.0,0.0
2020-07-30,0,0.0,,0.0,0.0
2020-07-31,0,0.0,,0.0,0.0
2020-08-01,0,0.0,,0.0,0.0
2020-08-02,0,33.0,False,0.33,0.0
2020-08-03,0,33.0,,0.33,0.0
2020-08-04,0,33.0,,0.33,0.0
2020-08-05,90,33.0,,0.33,29.700000000000003
2020-08-06,89,33.0,,0.33,29.37
2020-08-07,0,33.0,,0.33,0.0
2020-08-08,0,33.0,,0.33,0.0
2020-08-09,100,31.0,False,0.31,31.0
2020-08-10,0,31.0,,0.31,0.0
2020-08-11,80,31.0,,0.31,24.8
2020-08-12,0,31.0,,0.31,0.0
2020-08-13,84,31.0,,0.31,26.04
2020-08-14,0,31.0,,0.31,0.0
2020-08-15,0,31.0,,0.31,0.0
2020-08-16,0,30.0,False,0.3,0.0
2020-08-17,0,30.0,,0.3,0.0
2020-08-18,81,30.0,,0.3,24.3
2020-08-19,0,30.0,,0.3,0.0
2020-08-20,80,30.0,,0.3,24.0
2020-08-21,0,30.0,,0.3,0.0
2020-08-22,0,30.0,,0.3,0.0
2020-08-23,0,15.0,False,0.15,0.0
2020-08-24,0,15.0,,0.15,0.0
2020-08-25,0,15.0,,0.15,0.0
2020-08-26,82,15.0,,0.15,12.299999999999999
2020-08-27,82,15.0,,0.15,12.299999999999999
2020-08-28,0,15.0,,0.15,0.0
2020-08-29,0,15.0,,0.15,0.0
2020-08-30,0,16.0,False,0.16,0.0
2020-08-31,0,16.0,,0.16,0.0
2020-09-01,0,16.0,,0.16,0.0
2020-09-02,0,16.0,,0.16,0.0
2020-09-03,0,16.0,,0.16,0.0
2020-09-04,57,16.0,,0.16,9.120000000000001
2020-09-05,0,16.0,,0.16,0.0
2020-09-06,0,17.0,False,0.17,0.0
2020-09-07,0,17.0,,0.17,0.0
2020-09-08,0,17.0,,0.17,0.0
2020-09-09,0,17.0,,0.17,0.0
2020-09-10,50,17.0,,0.17,8.5
2020-09-11,0,17.0,,0.17,0.0
2020-09-12,0,17.0,,0.17,0.0
2020-09-13,0,16.0,False,0.16,0.0
2020-09-14,0,16.0,,0.16,0.0
2020-09-15,0,16.0,,0.16,0.0
2020-09-16,100,16.0,,0.16,16.0
2020-09-17,0,16.0,,0.16,0.0
2020-09-18,0,16.0,,0.16,0.0
2020-09-19,0,16.0,,0.16,0.0
2020-09-20,0,17.0,False,0.17,0.0
2020-09-21,0,17.0,,0.17,0.0
2020-09-22,0,17.0,,0.17,0.0
2020-09-23,0,17.0,,0.17,0.0
2020-09-24,0,17.0,,0.17,0.0
2020-09-25,62,17.0,,0.17,10.540000000000001
2020-09-26,0,17.0,,0.17,0.0
2020-09-27,0,19.0,False,0.19,0.0
2020-09-28,0,19.0,,0.19,0.0
2020-09-29,0,19.0,,0.19,0.0
2020-09-30,0,19.0,,0.19,0.0
2020-10-01,0,19.0,,0.19,0.0
2020-10-02,0,19.0,,0.19,0.0
2020-10-03,0,19.0,,0.19,0.0
2020-10-04,0,0.0,False,0.0,0.0
2020-10-05,0,0.0,,0.0,0.0
2020-10-06,0,0.0,,0.0,0.0
2020-10-07,0,0.0,,0.0,0.0
2020-10-08,0,0.0,,0.0,0.0
2020-10-09,0,0.0,,0.0,0.0
2020-10-10,0,0.0,,0.0,0.0
2020-10-11,0,0.0,False,0.0,0.0
2020-10-12,95,0.0,,0.0,0.0
2020-10-13,0,0.0,,0.0,0.0
2020-10-14,0,0.0,,0.0,0.0
2020-10-15,0,0.0,,0.0,0.0
2020-10-16,0,0.0,,0.0,0.0
2020-10-17,0,0.0,,0.0,0.0
2020-10-18,0,43.0,False,0.43,0.0
2020-10-19,0,43.0,,0.43,0.0
2020-10-20,100,43.0,,0.43,43.0
2020-10-21,0,43.0,,0.43,0.0
2020-10-22,0,43.0,,0.43,0.0
2020-10-23,0,43.0,,0.43,0.0
2020-10-24,0,43.0,,0.43,0.0
2020-10-25,0,0.0,False,0.0,0.0
2020-10-26,0,0.0,,0.0,0.0
2020-10-27,0,0.0,,0.0,0.0
2020-10-28,0,0.0,,0.0,0.0
2020-10-29,0,0.0,,0.0,0.0
2020-10-30,0,0.0,,0.0,0.0
2020-10-31,0,0.0,,0.0,0.0
2020-12-01,0,0.0,,0.0,0.0
2020-12-02,82,0.0,,0.0,0.0
2020-12-03,0,0.0,,0.0,0.0
2020-12-04,0,0.0,,0.0,0.0
2020-12-05,0,0.0,,0.0,0.0
2020-12-06,94,0.0,False,0.0,0.0
2020-12-07,0,0.0,,0.0,0.0
2020-12-08,0,0.0,,0.0,0.0
2020-12-09,0,0.0,,0.0,0.0
2020-12-10,0,0.0,,0.0,0.0
2020-12-11,0,0.0,,0.0,0.0
2020-12-12,0,0.0,,0.0,0.0
2020-12-13,0,43.0,False,0.43,0.0
2020-12-14,0,43.0,,0.43,0.0
2020-12-15,0,43.0,,0.43,0.0
2020-12-16,0,43.0,,0.43,0.0
2020-12-17,0,43.0,,0.43,0.0
2020-12-18,0,43.0,,0.43,0.0
2020-12-19,0,43.0,,0.43,0.0
2020-12-20,0,0.0,False,0.0,0.0
2020-12-21,0,0.0,,0.0,0.0
2020-12-22,0,0.0,,0.0,0.0
2020-12-23,0,0.0,,0.0,0.0
2020-12-24,0,0.0,,0.0,0.0
2020-12-25,0,0.0,,0.0,0.0
2020-12-26,0,0.0,,0.0,0.0
2020-12-27,0,0.0,False,0.0,0.0
2020-12-28,100,0.0,,0.0,0.0
2020-12-29,0,0.0,,0.0,0.0
2020-12-30,0,0.0,,0.0,0.0
2020-12-31,0,0.0,,0.0,0.0
2021-01-01,0,0.0,,0.0,0.0
2021-01-02,0,0.0,,0.0,0.0
2021-01-03,0,0.0,False,0.0,0.0
2021-01-04,0,0.0,,0.0,0.0
2021-01-05,0,0.0,,0.0,0.0
2021-01-06,0,0.0,,0.0,0.0
2021-01-07,0,0.0,,0.0,0.0
2021-01-08,0,0.0,,0.0,0.0
2021-01-09,0,0.0,,0.0,0.0
2021-01-10,0,0.0,False,0.0,0.0
2021-01-11,0,0.0,,0.0,0.0
2021-01-12,0,0.0,,0.0,0.0
2021-01-13,100,0.0,,0.0,0.0
2021-01-14,98,0.0,,0.0,0.0
2021-01-15,0,0.0,,0.0,0.0
2021-01-16,0,0.0,,0.0,0.0
2021-01-17,0,20.0,False,0.2,0.0
2021-01-18,0,20.0,,0.2,0.0
2021-01-19,94,20.0,,0.2,18.8
2021-01-20,0,20.0,,0.2,0.0
2021-01-21,0,20.0,,0.2,0.0
2021-01-22,0,20.0,,0.2,0.0
2021-01-23,0,20.0,,0.2,0.0
2021-01-24,0,0.0,False,0.0,0.0
2021-01-25,0,0.0,,0.0,0.0
2021-01-26,0,0.0,,0.0,0.0
2021-01-27,0,0.0,,0.0,0.0
2021-01-28,0,0.0,,0.0,0.0
2021-01-29,0,0.0,,0.0,0.0
2021-01-30,0,0.0,,0.0,0.0
2021-01-31,0,21.0,False,0.21,0.0
