Date,AQI,Temp,WS
2017-01-01,34.88,23,3.4
2017-01-02,24.8,24,3.8
2017-01-03,17.52,24,5.2
2017-01-04,24.18,19,7.3
2017-01-05,46.94,19,5.5
2017-01-06,47.14,20,5.3
2017-01-07,35.92,20,5.5
2017-01-08,23.24,20,6.3
2017-01-09,27.36,21,5.9
2017-01-10,28.38,22,4.8
2017-01-11,23.8,23,4.7
2017-01-12,16.24,24,3.7
2017-01-13,30.08,22,5.6
2017-01-14,39.64,23,3.6
2017-01-15,36.16,26,4.5
2017-01-16,62.14,21,6.3
2017-01-17,59.66,21,6.8
2017-01-18,47.86,23,5.7
2017-01-19,40.22,20,6.1
2017-01-20,40.66,19,6.5
2017-01-21,38.34,21,8.8
2017-01-22,51.96,21,7.7
2017-01-23,56.8,20,7.4
2017-01-24,56.84,21,4.8
2017-01-25,36.94,21,5.6
2017-01-26,62.62,20,6.0
2017-01-27,60.22,21,5.4
2017-01-28,40.72,22,4.8
2017-01-29,40.42,23,4.9
2017-01-30,37.14,23,5.4
2017-01-31,26.16,24,4.7
2017-02-01,25.56,24,2.9
2017-02-02,25.8,24,4.3
2017-02-03,25.02,23,5.0
2017-02-04,35.14,21,5.6
2017-02-05,36.72,23,5.0
2017-02-06,39.06,26,5.7
2017-02-07,30.1,27,5.3
2017-02-08,33.22,21,4.9
2017-02-09,31.44,22,3.5
2017-02-10,24.6,21,3.6
2017-02-11,25.76,21,5.5
2017-02-12,0.0,24,3.8
2017-02-13,7.83,26,4.7
2017-02-14,35.16,19,3.4
2017-02-15,47.72,22,5.0
2017-02-16,46.88,20,4.7
2017-02-17,22.72,23,3.2
2017-02-18,28.4,25,3.8
2017-02-19,21.44,25,4.0
2017-02-20,48.76,24,4.0
2017-02-21,51.38,24,3.7
2017-02-22,36.24,24,5.2
2017-02-23,42.8,25,3.5
2017-02-24,42.42,24,3.1
2017-02-25,34.12,25,4.4
2017-02-26,26.3,24,4.1
2017-02-27,32.3,25,3.5
2017-02-28,34.72,25,3.3
2017-03-01,24.86,23,2.9
2017-03-02,32.66,23,4.7
2017-03-03,32.58,22,4.6
2017-03-04,24.76,23,5.5
2017-03-05,26.06,22,4.9
2017-03-06,33.54,22,4.7
2017-03-07,26.38,21,3.2
2017-03-08,21.04,21,4.4
2017-03-09,20.56,22,4.6
2017-03-10,127.42,23,4.5
2017-03-11,127.62,23,5.0
2017-03-12,40.62,22,4.6
2017-03-13,32.38,22,5.5
2017-03-14,39.76,20,5.0
2017-03-15,28.16,22,4.9
2017-03-16,31.72,22,2.5
2017-03-17,32.42,22,2.9
2017-03-18,32.24,22,5.6
2017-03-19,28.52,24,4.1
2017-03-20,27.4,22,5.7
2017-03-21,31.22,21,6.0
2017-03-22,32.74,23,5.4
2017-03-23,31.4,22,4.0
2017-03-24,33.68,23,2.6
2017-03-25,30.52,22,3.1
2017-03-26,14.4,23,5.6
2017-03-27,17.32,22,3.5
2017-03-28,22.4,24,2.9
2017-03-29,22.94,21,3.4
2017-03-30,23.44,22,4.6
2017-03-31,25.92,22,3.7
2017-04-01,29.78,23,2.6
2017-04-02,28.38,23,3.3
2017-04-03,20.08,26,2.5
2017-04-04,20.6,23,4.5
2017-04-05,23.56,23,6.8
2017-04-06,31.0,20,3.8
2017-04-07,31.14,20,4.7
2017-04-08,41.66,21,2.7
2017-04-09,35.32,20,3.3
2017-04-10,10.48,22,3.2
2017-04-11,31.16,23,4.6
2017-04-12,34.46,21,5.4
2017-04-13,23.7,20,3.9
2017-04-14,23.7,22,3.5
2017-04-15,28.52,20,3.5
2017-04-16,26.52,21,3.4
2017-04-17,0.0,19,5.1
2017-04-18,23.72,20,3.6
2017-04-19,36.42,19,4.7
2017-04-20,33.7,19,5.1
2017-04-21,35.4,18,1.8
2017-04-22,38.12,20,1.7
2017-04-23,36.92,20,3.0
2017-04-24,18.95,20,5.6
2017-04-25,32.64,21,1.9
2017-04-26,41.0,21,2.4
2017-04-27,48.54,20,2.6
2017-04-28,132.24,21,4.0
2017-04-29,149.04,19,5.5
2017-04-30,22.68,19,6.4
2017-05-01,31.56,16,6.3
2017-05-02,32.92,16,2.7
2017-05-03,37.96,17,2.5
2017-05-04,30.0,17,6.2
2017-05-05,54.04,18,4.9
2017-05-06,55.3,18,2.7
2017-05-07,55.64,18,2.7
2017-05-08,42.56,19,2.5
2017-05-09,44.08,20,2.8
2017-05-10,31.12,19,3.8
2017-05-11,34.26,20,5.8
2017-05-12,38.26,19,5.3
2017-05-13,30.44,15,3.8
2017-05-14,33.12,16,4.7
2017-05-15,30.77,17,2.4
2017-05-16,35.16,17,4.5
2017-05-17,29.94,20,7.0
2017-05-18,42.94,18,9.2
2017-05-19,56.84,16,6.2
2017-05-20,45.54,17,7.9
2017-05-21,36.32,14,3.7
2017-05-22,74.68,15,2.4
2017-05-23,88.56,16,2.5
2017-05-24,45.96,19,3.1
2017-05-25,43.28,17,2.2
2017-05-26,39.08,19,4.4
2017-05-27,24.16,18,2.6
2017-05-28,23.68,18,2.7
2017-05-29,27.48,18,3.1
2017-05-30,30.85,17,3.1
2017-05-31,24.93,17,3.2
2017-06-01,42.52,17,2.2
2017-06-02,36.04,16,3.2
2017-06-03,24.56,16,3.3
2017-06-04,36.68,15,2.9
2017-06-05,43.6,16,2.2
2017-06-06,49.28,15,2.4
2017-06-07,44.3,15,3.6
2017-06-08,38.96,14,3.9
2017-06-09,48.52,15,2.9
2017-06-10,49.08,16,5.9
2017-06-11,57.92,15,4.1
2017-06-12,61.76,16,3.5
2017-06-13,32.88,17,4.3
2017-06-14,56.42,15,8.2
2017-06-15,62.14,15,4.6
2017-06-16,51.34,17,4.5
2017-06-17,55.24,15,2.2
2017-06-18,61.32,16,2.6
2017-06-19,34.26,16,2.5
2017-06-20,46.1,17,3.8
2017-06-21,48.28,16,4.6
2017-06-22,53.1,17,4.4
2017-06-23,29.6,17,1.6
2017-06-24,35.72,15,6.3
2017-06-25,31.88,17,3.1
2017-06-26,34.14,14,4.6
2017-06-27,35.76,14,3.7
2017-06-28,55.2,14,2.5
2017-06-29,65.8,15,2.5
2017-06-30,78.4,15,3.6
2017-07-01,48.96,16,6.4
2017-07-02,27.84,15,3.5
2017-07-03,27.54,15,3.1
2017-07-04,36.4,16,4.6
2017-07-05,36.44,15,2.3
2017-07-06,38.36,15,2.9
2017-07-07,32.18,16,2.9
2017-07-08,27.56,16,2.5
2017-07-09,27.04,15,4.5
2017-07-10,33.5,15,5.3
2017-07-11,39.39,15,4.0
2017-07-12,33.16,12,5.2
2017-07-13,41.35,10,8.6
2017-07-14,34.75,11,7.8
2017-07-15,35.08,14,4.0
2017-07-16,64.32,15,3.2
2017-07-17,56.32,15,3.1
2017-07-18,37.32,16,2.4
2017-07-19,53.88,16,3.1
2017-07-20,56.52,17,6.1
2017-07-21,28.02,14,4.6
2017-07-22,35.46,15,4.2
2017-07-23,34.82,16,3.6
2017-07-24,29.56,15,4.2
2017-07-25,33.44,16,4.5
2017-07-26,38.04,15,5.2
2017-07-27,44.76,14,4.7
2017-07-28,28.0,14,4.4
2017-07-29,38.8,11,6.5
2017-07-30,37.96,12,2.2
2017-07-31,53.8,13,3.2
2017-08-01,57.64,16,3.7
2017-08-02,41.04,15,3.2
2017-08-03,28.88,14,3.0
2017-08-04,39.88,13,2.1
2017-08-05,50.24,14,3.0
2017-08-06,36.52,16,5.3
2017-08-07,23.96,18,3.3
2017-08-08,26.64,17,5.6
2017-08-09,32.9,16,6.3
2017-08-10,25.4,16,3.2
2017-08-11,29.9,16,6.0
2017-08-12,48.46,18,4.2
2017-08-13,53.98,17,2.9
2017-08-14,37.68,15,4.6
2017-08-15,28.82,15,3.9
2017-08-16,30.6,16,4.1
2017-08-17,29.16,16,3.5
2017-08-18,36.16,15,3.1
2017-08-19,36.16,16,4.9
2017-08-20,23.29,16,3.9
2017-08-21,29.16,15,4.3
2017-08-22,44.92,15,3.0
2017-08-23,51.14,15,2.4
2017-08-24,54.08,16,3.0
2017-08-25,33.8,16,3.7
2017-08-26,33.06,16,4.2
2017-08-27,31.76,16,5.9
2017-08-28,44.02,17,6.8
2017-08-29,37.64,18,2.5
2017-08-30,31.26,16,3.1
2017-08-31,31.02,17,3.3
2017-09-01,35.6,17,3.6
2017-09-02,25.05,16,3.3
2017-09-03,13.36,16,4.9
2017-09-04,34.83,16,4.4
2017-09-05,31.3,17,2.9
2017-09-06,19.5,16,3.9
2017-09-07,39.54,16,4.8
2017-09-08,41.6,16,4.0
2017-09-09,38.08,14,5.7
2017-09-10,23.04,13,5.4
2017-09-11,29.34,12,6.5
2017-09-12,40.5,14,6.7
2017-09-13,37.18,16,4.4
2017-09-14,44.86,18,5.0
2017-09-15,45.42,18,6.5
2017-09-16,34.64,16,6.2
2017-09-17,39.12,18,4.6
2017-09-18,30.8,13,4.0
2017-09-19,30.82,15,5.2
2017-09-20,29.44,18,3.7
2017-09-21,26.68,17,3.2
2017-09-22,29.21,16,6.3
2017-09-23,25.04,17,5.8
2017-09-24,24.5,18,3.7
2017-09-25,29.78,18,4.3
2017-09-26,32.42,20,5.3
2017-09-27,39.88,18,4.0
2017-09-28,50.54,18,6.1
2017-09-29,40.82,17,2.5
2017-09-30,23.68,17,6.0
2017-10-01,30.7,14,5.9
2017-10-02,43.1,17,8.4
2017-10-03,41.86,17,6.4
2017-10-04,28.54,17,5.4
2017-10-05,32.76,17,5.6
2017-10-06,39.58,18,2.5
2017-10-07,34.88,17,5.5
2017-10-08,33.86,19,5.6
2017-10-09,26.4,17,3.5
2017-10-10,6.27,19,3.3
2017-10-11,31.76,17,6.9
2017-10-12,41.64,17,5.7
2017-10-13,40.24,17,4.6
2017-10-14,32.92,20,4.4
2017-10-15,30.24,17,6.3
2017-10-16,34.12,17,6.2
2017-10-17,34.08,16,6.6
2017-10-18,28.64,0,6.2
2017-10-19,36.68,0,5.3
2017-10-20,32.44,0,5.2
2017-10-21,28.14,0,6.0
2017-10-22,27.76,0,4.6
2017-10-23,30.16,0,3.8
2017-10-24,22.34,0,5.8
2017-10-25,25.82,0,5.8
2017-10-26,24.92,0,4.6
2017-10-27,28.84,0,3.3
2017-10-28,23.56,0,2.7
2017-10-29,22.52,0,4.8
2017-10-30,31.08,0,4.4
2017-10-31,38.0,0,4.0
2017-11-01,37.54,0,5.1
2017-11-02,34.0,0,5.7
2017-11-03,48.28,0,6.2
2017-11-04,48.54,0,3.3
2017-11-05,23.92,0,4.2
2017-11-06,41.54,0,6.0
2017-11-07,43.06,0,6.2
2017-11-08,45.48,0,6.3
2017-11-09,50.58,0,4.8
2017-11-10,50.48,0,5.1
2017-11-11,42.34,0,4.5
2017-11-12,33.64,0,5.7
2017-11-13,33.68,0,3.5
2017-11-14,27.94,0,3.9
2017-11-15,23.29,0,4.2
2017-11-16,23.71,0,4.7
2017-11-17,29.02,0,4.9
2017-11-18,29.74,0,4.4
2017-11-19,24.32,0,4.4
2017-11-20,33.28,0,3.2
2017-11-21,24.68,0,4.7
2017-11-22,34.48,0,4.0
2017-11-23,26.86,0,4.4
2017-11-24,35.56,0,4.4
2017-11-25,31.02,0,3.2
2017-11-26,23.76,0,3.6
2017-11-27,23.46,0,3.8
2017-11-28,20.92,0,3.5
2017-11-29,20.06,0,3.7
2017-11-30,41.52,0,1.8
2017-12-01,38.32,0,4.9
2017-12-02,21.2,0,4.3
2017-12-03,23.6,0,3.5
2017-12-04,35.16,0,4.7
2017-12-05,34.32,0,3.8
2017-12-06,24.66,0,4.7
2017-12-07,36.28,0,4.5
2017-12-08,34.24,0,4.3
2017-12-09,24.8,0,4.6
2017-12-10,46.88,0,3.6
2017-12-11,43.76,0,4.5
2017-12-12,38.48,0,5.8
2017-12-13,36.28,0,6.2
2017-12-14,32.92,0,4.6
2017-12-15,31.08,0,4.8
2017-12-16,34.08,0,5.5
2017-12-17,37.56,0,2.7
2017-12-18,35.92,0,5.5
2017-12-19,48.4,0,6.4
2017-12-20,50.38,0,7.2
2017-12-21,55.32,0,6.2
2017-12-22,56.52,0,4.8
2017-12-23,57.44,0,4.9
2017-12-24,32.72,0,4.2
2017-12-25,21.96,0,4.2
2017-12-26,25.92,0,5.2
2017-12-27,33.48,0,6.0
2017-12-28,33.96,0,7.3
2017-12-29,40.18,0,6.5
2017-12-30,40.82,0,5.3
2017-12-31,26.92,0,3.5
2018-01-01,34.72,0,4.1
2018-01-02,35.16,0,4.1
2018-01-03,28.46,0,4.7
2018-01-04,66.32,0,7.2
2018-01-05,79.96,0,9.1
2018-01-06,98.64,0,6.6
2018-01-07,99.72,0,6.4
2018-01-08,70.52,0,6.3
2018-01-09,56.4,0,5.0
2018-01-10,37.4,0,4.9
2018-01-11,56.52,0,3.5
2018-01-12,44.04,0,3.8
2018-01-13,32.42,0,4.5
2018-01-14,29.1,0,5.1
2018-01-15,22.12,0,5.2
2018-01-16,35.0,0,6.1
2018-01-17,49.5,0,7.4
2018-01-18,49.96,0,5.9
2018-01-19,66.62,0,5.3
2018-01-20,70.48,0,4.2
2018-01-21,33.44,0,4.0
2018-01-22,29.18,0,3.4
2018-01-23,16.12,0,4.2
2018-01-24,26.2,0,5.6
2018-01-25,28.08,23,4.7
2018-01-26,34.86,28,2.9
2018-01-27,42.0,27,2.5
2018-01-28,38.72,28,4.0
2018-01-29,24.52,27,4.5
2018-01-30,32.88,25,5.2
2018-01-31,41.76,25,6.3
2018-02-01,52.1,23,6.5
2018-02-02,46.5,23,6.9
2018-02-03,44.88,21,4.8
2018-02-04,25.84,22,2.9
2018-02-05,24.6,23,4.6
2018-02-06,23.26,23,6.1
2018-02-07,41.74,24,4.6
2018-02-08,43.78,22,3.5
2018-02-09,26.24,21,3.1
2018-02-10,25.52,23,3.7
2018-02-11,24.08,23,5.6
2018-02-12,21.4,26,4.0
2018-02-13,19.54,23,4.4
2018-02-14,29.72,25,3.9
2018-02-15,31.0,25,4.5
2018-02-16,36.06,28,3.6
2018-02-17,31.9,26,4.4
2018-02-18,34.06,26,2.9
2018-02-19,35.18,26,4.0
2018-02-20,46.42,26,7.9
2018-02-21,52.5,23,4.9
2018-02-22,32.88,22,4.7
2018-02-23,28.22,22,6.0
2018-02-24,29.2,24,4.3
2018-02-25,27.7,24,4.1
2018-02-26,20.52,24,4.9
2018-02-27,25.44,23,4.2
2018-02-28,32.76,23,6.0
2018-03-01,36.38,23,4.5
2018-03-02,42.06,24,4.1
2018-03-03,55.32,25,4.5
2018-03-04,54.68,25,3.6
2018-03-05,36.62,26,4.0
2018-03-06,38.68,27,3.1
2018-03-07,33.04,25,3.7
2018-03-08,26.04,22,3.0
2018-03-09,30.84,25,4.2
2018-03-10,25.96,23,2.7
2018-03-11,19.7,22,3.0
2018-03-12,31.2,19,6.2
2018-03-13,33.22,23,6.8
2018-03-14,37.3,22,5.6
2018-03-15,41.64,22,2.6
2018-03-16,40.98,22,3.4
2018-03-17,31.44,22,3.5
2018-03-18,34.24,22,4.0
2018-03-19,33.26,23,4.0
2018-03-20,38.28,24,4.2
2018-03-21,41.08,24,3.4
2018-03-22,40.64,23,3.5
2018-03-23,34.12,22,4.6
2018-03-24,27.56,22,5.2
2018-03-25,20.67,23,3.6
2018-03-26,28.58,23,4.4
2018-03-27,27.76,23,4.1
2018-03-28,23.39,23,3.2
2018-03-29,23.64,25,3.5
2018-03-30,24.56,22,4.3
2018-03-31,19.48,23,4.5
2018-04-01,35.02,22,4.9
2018-04-02,35.4,21,3.5
2018-04-03,26.52,23,3.8
2018-04-04,30.46,23,4.4
2018-04-05,45.18,22,5.7
2018-04-06,49.98,23,4.0
2018-04-07,43.18,22,6.3
2018-04-08,37.1,21,5.5
2018-04-09,33.58,21,3.6
2018-04-10,41.12,21,10.5
2018-04-11,43.08,13,9.0
2018-04-12,33.28,0,0.0
2018-04-13,62.12,0,0.0
2018-04-14,57.32,0,0.0
2018-04-15,53.82,0,0.0
2018-04-16,41.08,0,0.0
2018-04-17,61.1,23,3.7
2018-04-18,54.82,18,7.8
2018-04-19,37.06,19,5.2
2018-04-20,33.68,19,4.9
2018-04-21,22.42,20,3.7
2018-04-22,30.66,19,5.6
2018-04-23,35.66,18,4.0
2018-04-24,30.46,18,4.0
2018-04-25,22.3,20,4.7
2018-04-26,31.37,20,2.7
2018-04-27,34.74,19,4.4
2018-04-28,34.84,19,6.3
2018-04-29,35.88,21,5.2
2018-04-30,30.52,20,4.1
2018-05-01,29.52,21,4.8
2018-05-02,33.06,21,3.7
2018-05-03,41.26,17,2.5
2018-05-04,58.42,19,2.0
2018-05-05,63.22,18,2.9
2018-05-06,39.16,19,4.6
2018-05-07,35.6,18,6.3
2018-05-08,40.16,19,5.5
2018-05-09,37.72,20,5.5
2018-05-10,46.68,19,3.2
2018-05-11,26.92,20,4.2
2018-05-12,33.96,19,3.4
2018-05-13,14.74,23,3.9
2018-05-14,22.83,21,2.9
2018-05-15,27.48,20,4.5
2018-05-16,25.22,21,4.6
2018-05-17,30.51,17,5.6
2018-05-18,31.86,17,4.1
2018-05-19,32.42,18,3.8
2018-05-20,23.0,19,2.9
2018-05-21,73.3,20,3.6
2018-05-22,75.32,19,3.6
2018-05-23,25.66,16,5.7
2018-05-24,34.94,17,5.3
2018-05-25,41.58,16,3.8
2018-05-26,37.28,15,5.8
2018-05-27,33.52,15,5.7
2018-05-28,36.63,12,3.7
2018-05-29,37.98,13,3.8
2018-05-30,48.36,13,4.5
2018-05-31,77.36,15,3.7
2018-06-01,96.92,16,2.8
2018-06-02,65.88,16,4.8
2018-06-03,28.2,16,4.0
2018-06-04,21.24,17,3.4
2018-06-05,28.88,17,7.1
2018-06-06,47.3,15,6.0
2018-06-07,36.46,13,6.1
2018-06-08,43.5,16,3.3
2018-06-09,70.92,16,2.3
2018-06-10,68.84,15,1.8
2018-06-11,52.44,13,6.4
2018-06-12,30.56,15,7.2
2018-06-13,30.44,16,3.2
2018-06-14,33.38,17,5.1
2018-06-15,34.0,17,2.7
2018-06-16,24.16,19,3.1
2018-06-17,42.72,17,3.5
2018-06-18,44.42,19,4.2
2018-06-19,45.86,17,2.5
2018-06-20,40.04,13,2.5
2018-06-21,30.65,13,3.5
2018-06-22,38.56,14,3.9
2018-06-23,41.36,15,3.5
2018-06-24,37.12,16,3.2
2018-06-25,28.72,13,5.6
2018-06-26,32.12,12,6.0
2018-06-27,76.2,13,3.5
2018-06-28,106.2,14,2.8
2018-06-29,72.16,12,3.0
2018-06-30,89.88,14,2.2
2018-07-01,91.64,14,3.8
2018-07-02,42.54,15,4.9
2018-07-03,42.9,14,5.0
2018-07-04,42.52,13,4.7
2018-07-05,40.08,13,3.6
2018-07-06,62.32,14,2.0
2018-07-07,69.92,15,4.2
2018-07-08,28.76,16,5.2
2018-07-09,31.86,16,5.3
2018-07-10,36.14,14,5.7
2018-07-11,42.49,14,4.5
2018-07-12,44.96,15,3.9
2018-07-13,77.12,14,2.2
2018-07-14,55.8,16,4.8
2018-07-15,33.54,15,5.3
2018-07-16,44.08,16,3.0
2018-07-17,38.24,16,4.1
2018-07-18,45.52,15,1.9
2018-07-19,48.08,17,3.1
2018-07-20,37.12,15,3.7
2018-07-21,49.2,16,2.9
2018-07-22,38.8,15,3.8
2018-07-23,199.08,14,3.4
2018-07-24,260.16,14,4.0
2018-07-25,136.36,0,0.0
2018-07-26,42.2,0,0.0
2018-07-27,32.41,15,3.9
2018-07-28,40.04,16,4.0
2018-07-29,39.28,17,4.5
2018-07-30,40.05,15,4.4
2018-07-31,38.66,15,3.1
2018-08-01,37.8,16,2.2
2018-08-02,40.16,15,2.8
2018-08-03,32.32,15,2.7
2018-08-04,71.64,15,4.0
2018-08-05,31.12,13,4.5
2018-08-06,29.76,16,2.7
2018-08-07,44.44,16,2.8
2018-08-08,35.84,15,5.0
2018-08-09,32.2,16,6.1
2018-08-10,38.0,16,4.2
2018-08-11,37.76,17,2.8
2018-08-12,41.0,17,2.4
2018-08-13,37.8,15,5.4
2018-08-14,32.52,15,5.5
2018-08-15,47.26,15,7.9
2018-08-16,60.68,17,4.8
2018-08-17,52.38,15,5.4
2018-08-18,36.72,15,6.3
2018-08-19,37.28,14,2.4
2018-08-20,34.68,16,3.9
2018-08-21,26.04,13,4.0
2018-08-22,29.6,15,3.7
2018-08-23,31.93,14,6.2
2018-08-24,37.96,14,5.9
2018-08-25,30.5,15,7.3
2018-08-26,34.64,15,4.5
2018-08-27,47.56,16,2.7
2018-08-28,50.32,16,4.1
2018-08-29,35.48,18,5.0
2018-08-30,33.52,15,4.8
2018-08-31,28.86,17,2.5
2018-09-01,37.52,17,2.8
2018-09-02,36.94,16,5.2
2018-09-03,42.94,13,2.6
2018-09-04,38.24,13,4.5
2018-09-05,27.54,16,4.4
2018-09-06,28.69,13,4.3
2018-09-07,35.72,15,6.9
2018-09-08,34.12,16,6.5
2018-09-09,27.42,14,6.8
2018-09-10,30.48,14,3.0
2018-09-11,33.08,17,4.2
2018-09-12,42.5,18,4.6
2018-09-13,42.18,15,5.0
2018-09-14,29.68,16,5.8
2018-09-15,30.36,19,3.3
2018-09-16,28.76,17,4.6
2018-09-17,22.66,18,5.4
2018-09-18,31.15,17,3.3
2018-09-19,32.8,18,3.9
2018-09-20,28.34,20,5.2
2018-09-21,30.89,17,3.4
2018-09-22,26.34,18,3.6
2018-09-23,26.98,16,5.5
2018-09-24,25.26,17,4.4
2018-09-25,37.72,13,7.9
2018-09-26,43.1,14,6.9
2018-09-27,35.46,15,5.7
2018-09-28,32.92,16,5.4
2018-09-29,27.04,16,4.8
2018-09-30,26.2,18,3.3
2018-10-01,21.94,17,4.4
2018-10-02,28.92,17,3.8
2018-10-03,25.23,18,3.5
2018-10-04,25.7,17,3.2
2018-10-05,36.44,19,4.7
2018-10-06,32.08,19,4.4
2018-10-07,29.94,18,4.5
2018-10-08,33.34,17,4.1
2018-10-09,33.76,16,4.3
2018-10-10,31.83,17,3.4
2018-10-11,61.32,17,4.5
2018-10-12,68.96,17,6.0
2018-10-13,32.12,14,6.6
2018-10-14,28.92,16,6.4
2018-10-15,36.88,19,4.7
2018-10-16,38.48,16,5.3
2018-10-17,37.68,15,6.9
2018-10-18,30.42,17,6.4
2018-10-19,46.96,19,4.4
2018-10-20,48.12,20,4.3
2018-10-21,44.36,20,4.5
2018-10-22,31.4,20,4.4
2018-10-23,21.4,20,4.9
2018-10-24,27.06,19,3.7
2018-10-25,21.3,19,4.3
2018-10-26,35.14,18,5.0
2018-10-27,58.68,20,5.6
2018-10-28,50.32,19,3.6
2018-10-29,15.98,18,4.2
2018-10-30,28.2,15,6.2
2018-10-31,35.26,19,6.0
2018-11-01,43.08,15,12.8
2018-11-02,43.8,17,6.6
2018-11-03,56.44,18,5.0
2018-11-04,57.28,18,7.2
2018-11-05,57.34,18,7.1
2018-11-06,49.82,20,3.7
2018-11-07,51.2,21,3.3
2018-11-08,37.42,20,2.9
2018-11-09,25.92,21,6.2
2018-11-10,34.9,17,6.3
2018-11-11,40.16,18,3.4
2018-11-12,30.96,19,5.4
2018-11-13,33.78,20,5.1
2018-11-14,41.2,20,4.8
2018-11-15,32.72,21,4.2
2018-11-16,24.84,21,3.9
2018-11-17,28.26,21,3.3
2018-11-18,29.96,21,4.3
2018-11-19,23.9,17,6.0
2018-11-20,23.06,15,3.4
2018-11-21,20.1,16,4.8
2018-11-22,19.36,18,5.7
2018-11-23,20.49,21,4.3
2018-11-24,20.62,18,4.6
2018-11-25,34.16,20,4.5
2018-11-26,69.0,21,2.6
2018-11-27,56.42,22,2.9
2018-11-28,34.72,21,6.7
2018-11-29,40.6,23,3.6
2018-11-30,32.94,21,5.8
2018-12-01,38.12,20,5.4
2018-12-02,50.44,22,5.1
2018-12-03,45.16,20,5.3
2018-12-04,38.86,22,5.5
2018-12-05,47.7,21,5.2
2018-12-06,48.3,18,6.3
2018-12-07,40.08,19,6.6
2018-12-08,50.5,20,6.1
2018-12-09,51.4,20,6.6
2018-12-10,56.3,20,6.4
2018-12-11,60.92,23,3.9
2018-12-12,44.76,22,2.9
2018-12-13,24.58,23,3.5
2018-12-14,24.4,22,4.5
2018-12-15,19.84,23,4.0
2018-12-16,20.0,24,2.1
2018-12-17,17.0,25,3.2
2018-12-18,23.5,24,5.5
2018-12-19,23.5,24,3.8
2018-12-20,23.72,21,5.3
2018-12-21,21.34,20,4.9
2018-12-22,23.02,22,4.2
2018-12-23,17.4,20,3.5
2018-12-24,12.92,20,4.0
2018-12-25,15.8,20,6.4
2018-12-26,53.38,21,6.8
2018-12-27,62.58,21,6.0
2018-12-28,53.38,22,5.3
2018-12-29,37.64,23,4.2
2018-12-30,30.82,24,4.4
2018-12-31,28.78,22,5.9
2019-01-01,37.58,23,5.4
2019-01-02,28.76,23,5.7
2019-01-03,30.34,24,6.9
2019-01-04,45.4,22,7.9
2019-01-05,61.78,24,5.6
2019-01-06,56.06,23,6.8
2019-01-07,31.68,25,5.9
2019-01-08,34.56,24,5.8
2019-01-09,36.86,25,4.1
2019-01-10,35.56,26,3.6
2019-01-11,33.28,27,5.2
2019-01-12,34.54,26,4.2
2019-01-13,41.94,25,3.7
2019-01-14,38.98,21,6.2
2019-01-15,23.6,21,5.4
2019-01-16,37.36,22,6.8
2019-01-17,46.68,22,7.2
2019-01-18,44.56,24,5.8
2019-01-19,36.52,25,4.4
2019-01-20,40.14,23,6.6
2019-01-21,49.96,23,7.2
2019-01-22,54.82,22,7.6
2019-01-23,53.26,23,5.8
2019-01-24,48.24,21,5.7
2019-01-25,61.52,22,4.8
2019-01-26,53.84,23,5.2
2019-01-27,24.82,23,5.8
2019-01-28,23.32,24,6.3
2019-01-29,35.2,28,4.6
2019-01-30,43.54,27,4.0
2019-01-31,45.32,25,3.9
2019-02-01,44.88,26,3.6
2019-02-02,46.02,25,4.3
2019-02-03,41.32,24,4.6
2019-02-04,51.52,26,4.5
2019-02-05,44.8,26,5.1
2019-02-06,46.24,26,5.8
2019-02-07,30.84,21,2.9
2019-02-08,30.94,23,4.2
2019-02-09,41.84,24,4.2
2019-02-10,42.38,26,4.8
2019-02-11,41.6,26,6.2
2019-02-12,37.62,26,5.7
2019-02-13,31.36,25,5.4
2019-02-14,32.9,27,3.5
2019-02-15,35.34,26,6.5
2019-02-16,45.2,23,7.0
2019-02-17,50.4,24,4.7
2019-02-18,48.22,23,4.7
2019-02-19,30.74,25,4.6
2019-02-20,35.6,25,3.7
2019-02-21,30.22,25,5.2
2019-02-22,33.62,23,4.2
2019-02-23,26.34,21,5.5
2019-02-24,46.18,21,6.4
2019-02-25,41.32,22,4.7
2019-02-26,26.38,23,5.1
2019-02-27,35.46,22,5.7
2019-02-28,39.54,22,6.5
2019-03-01,42.52,22,4.0
2019-03-02,40.96,23,3.0
2019-03-03,29.4,25,5.0
2019-03-04,46.3,22,5.6
2019-03-05,43.06,22,5.7
2019-03-06,38.68,24,3.6
2019-03-07,37.44,24,4.9
2019-03-08,29.26,23,5.0
2019-03-09,38.0,20,3.9
2019-03-10,38.5,22,5.7
2019-03-11,38.48,24,3.6
2019-03-12,30.5,24,3.1
2019-03-13,26.22,25,3.4
2019-03-14,33.36,25,4.4
2019-03-15,32.18,24,4.4
2019-03-16,23.72,26,3.4
2019-03-17,31.54,25,4.1
2019-03-18,43.18,23,3.2
2019-03-19,33.14,20,2.5
2019-03-20,45.02,23,2.2
2019-03-21,45.96,25,3.5
2019-03-22,30.7,24,4.2
2019-03-23,30.76,24,4.4
2019-03-24,32.56,23,3.1
2019-03-25,20.25,23,4.2
2019-03-26,20.26,23,5.3
2019-03-27,26.74,23,5.0
2019-03-28,27.42,23,3.2
2019-03-29,27.02,24,4.3
2019-03-30,28.5,23,4.2
2019-03-31,28.86,24,5.9
2019-04-01,41.72,22,5.2
2019-04-02,37.86,21,5.6
2019-04-03,40.9,19,2.3
2019-04-04,32.16,22,3.9
2019-04-05,33.08,21,4.4
2019-04-06,29.94,17,1.4
2019-04-07,22.56,15,1.9
2019-04-08,29.5,0,0.5
2019-04-09,32.88,20,4.8
2019-04-10,22.98,21,2.4
2019-04-11,19.24,21,4.4
2019-04-12,34.78,20,6.5
2019-04-13,34.26,17,4.8
2019-04-14,26.16,19,5.6
2019-04-15,30.96,20,3.7
2019-04-16,39.62,20,2.6
2019-04-17,46.44,20,1.9
2019-04-18,38.58,20,2.2
2019-04-19,38.08,20,2.1
2019-04-20,53.4,21,2.8
2019-04-21,53.76,20,4.6
2019-04-22,25.96,18,3.8
2019-04-23,26.64,19,2.7
2019-04-24,28.24,20,5.7
2019-04-25,31.76,20,5.2
2019-04-26,27.96,20,6.2
2019-04-27,28.04,22,2.8
2019-04-28,22.42,19,3.1
2019-04-29,34.76,19,4.9
2019-04-30,38.34,18,5.2
2019-05-01,41.2,17,4.2
2019-05-02,39.12,18,5.2
2019-05-03,42.8,20,4.1
2019-05-04,44.14,20,2.7
2019-05-05,31.16,20,2.7
2019-05-06,37.64,19,2.4
2019-05-07,42.64,20,3.0
2019-05-08,41.0,20,3.3
2019-05-09,33.96,20,4.4
2019-05-10,26.33,21,3.7
2019-05-11,33.92,19,2.5
2019-05-12,33.86,20,7.4
2019-05-13,60.86,18,7.3
2019-05-14,64.12,17,3.3
2019-05-15,45.72,20,5.0
2019-05-16,35.26,18,6.5
2019-05-17,45.22,17,6.4
2019-05-18,43.76,17,3.9
2019-05-19,30.4,18,6.5
2019-05-20,37.98,17,5.8
2019-05-21,41.06,17,3.8
2019-05-22,30.86,18,4.2
2019-05-23,26.23,18,3.4
2019-05-24,36.4,18,2.2
2019-05-25,52.8,19,2.0
2019-05-26,53.6,19,2.3
2019-05-27,43.48,19,3.4
2019-05-28,32.72,20,6.6
2019-05-29,46.72,19,4.7
2019-05-30,48.84,20,4.6
2019-05-31,29.34,17,4.1
2019-06-01,27.88,15,4.7
2019-06-02,25.8,14,5.7
2019-06-03,58.32,14,2.7
2019-06-04,61.12,16,3.1
2019-06-05,25.0,16,6.0
2019-06-06,29.4,15,6.7
2019-06-07,28.44,14,5.4
2019-06-08,62.76,16,9.3
2019-06-09,64.88,16,4.7
2019-06-10,58.36,16,2.7
2019-06-11,31.4,16,3.1
2019-06-12,31.76,16,2.6
2019-06-13,50.0,15,1.7
2019-06-14,67.64,17,3.9
2019-06-15,50.08,17,4.5
2019-06-16,27.62,17,5.1
2019-06-17,26.52,15,5.6
2019-06-18,48.64,15,2.5
2019-06-19,63.08,15,2.4
2019-06-20,49.64,15,5.1
2019-06-21,31.92,16,4.2
2019-06-22,54.48,14,1.7
2019-06-23,65.2,16,3.8
2019-06-24,31.36,15,3.9
2019-06-25,28.0,15,2.7
2019-06-26,45.94,15,3.1
2019-06-27,54.76,15,2.3
2019-06-28,78.2,16,2.1
2019-06-29,87.52,16,3.0
2019-06-30,77.44,15,2.9
2019-07-01,57.04,17,3.6
2019-07-02,35.96,17,4.7
2019-07-03,42.12,18,5.2
2019-07-04,42.84,17,6.0
2019-07-05,40.01,12,3.1
2019-07-06,49.0,14,5.5
2019-07-07,61.92,13,2.7
2019-07-08,41.96,15,5.7
2019-07-09,30.36,14,4.2
2019-07-10,29.48,16,2.8
2019-07-11,30.48,17,2.8
2019-07-12,39.2,14,3.8
2019-07-17,35.88,0,0.0
2019-07-18,34.88,16,2.6
2019-07-19,35.8,15,5.4
2019-07-22,28.82,16,3.1
2019-07-23,79.16,15,3.7
2019-07-24,50.38,15,2.7
2019-07-25,53.26,15,1.9
2019-07-26,37.34,16,3.3
2019-07-27,29.13,17,3.3
2019-07-28,30.84,16,3.5
2019-07-29,32.48,17,3.0
2019-07-30,27.0,16,4.7
2019-07-31,29.42,13,3.6
2019-08-01,33.81,12,5.4
2019-08-02,37.48,15,6.9
2019-08-03,40.74,14,7.9
2019-08-04,35.94,15,6.6
2019-08-05,33.08,12,6.9
2019-08-06,36.62,14,5.4
2019-08-07,36.92,16,3.8
2019-08-08,30.67,16,3.1
2019-08-09,27.1,15,3.3
2019-08-10,41.86,18,4.3
2019-08-11,54.76,19,4.9
2019-08-12,42.12,16,5.6
2019-08-13,40.7,15,7.1
2019-08-14,31.78,15,6.8
2019-08-15,43.7,14,5.2
2019-08-16,37.0,14,5.0
2019-08-17,21.56,16,3.9
2019-08-18,26.04,12,2.3
2019-08-19,34.39,13,4.1
2019-08-20,29.56,14,6.2
2019-08-21,27.42,15,7.1
2019-08-22,31.2,15,5.6
2019-08-23,29.88,14,3.9
2019-08-24,36.16,15,7.5
2019-08-25,38.88,16,7.0
2019-08-26,49.88,16,6.9
2019-08-27,47.56,15,6.2
2019-08-28,45.8,15,5.0
2019-08-29,32.16,16,4.6
2019-08-30,30.18,16,3.0
2019-08-31,23.5,15,5.7
2019-09-01,27.04,15,2.5
2019-09-02,44.36,17,2.4
2019-09-03,41.24,16,4.6
2019-09-04,31.04,18,5.0
2019-09-05,33.84,17,7.4
2019-09-06,39.82,14,7.5
2019-09-07,40.26,16,6.9
2019-09-08,50.5,18,4.3
2019-09-09,49.06,17,4.4
2019-09-10,34.0,15,4.5
2019-09-11,26.92,15,6.9
2019-09-12,33.18,15,6.8
2019-09-13,37.72,16,3.8
2019-09-14,27.98,16,5.9
2019-09-15,24.76,16,3.1
2019-09-16,28.96,16,5.9
2019-09-17,26.56,18,4.8
2019-09-18,48.52,16,4.4
2019-09-19,48.8,16,2.9
2019-09-20,47.96,16,3.8
2019-09-21,50.62,17,5.1
2019-09-22,37.9,16,5.1
2019-09-23,26.62,17,4.8
2019-09-24,24.76,16,7.8
2019-09-25,31.36,15,7.6
2019-09-26,41.26,14,10.1
2019-09-27,40.98,16,6.0
2019-09-28,32.28,16,5.7
2019-09-29,23.22,19,3.3
2019-09-30,28.86,18,6.1
2019-10-01,32.7,16,5.5
2019-10-02,35.62,14,7.8
2019-10-03,45.6,14,6.3
2019-10-04,36.98,15,6.2
2019-10-05,29.16,17,3.6
2019-10-06,27.1,17,3.8
2019-10-07,24.38,17,4.2
2019-10-08,21.84,18,4.0
2019-10-09,22.2,20,4.6
2019-10-10,29.56,18,6.1
2019-10-11,30.44,17,4.4
2019-10-12,29.2,19,4.9
2019-10-13,27.62,19,4.1
2019-10-14,33.82,16,4.7
2019-10-15,30.5,18,4.2
2019-10-16,34.62,17,8.5
2019-10-17,43.36,17,6.3
2019-10-18,37.96,20,3.5
2019-10-19,37.46,18,4.5
2019-10-20,42.44,18,4.7
2019-10-21,39.1,19,6.5
2019-10-22,34.4,17,7.0
2019-10-23,36.32,15,8.6
2019-10-24,45.04,17,7.0
2019-10-25,54.5,15,7.8
2019-10-26,56.34,17,7.1
2019-10-27,50.26,22,4.5
2019-10-28,24.24,21,3.8
2019-10-29,96.6,17,5.7
2019-10-30,101.68,17,7.0
2019-10-31,57.04,17,6.1
2019-11-01,57.88,16,6.8
2019-11-02,47.16,17,6.6
2019-11-03,41.24,20,5.7
2019-11-04,37.92,21,4.8
2019-11-05,49.4,26,3.7
2019-11-06,70.24,26,3.1
2019-11-07,53.8,24,5.1
2019-11-08,36.98,22,5.9
2019-11-09,37.78,20,5.9
2019-11-10,33.6,21,6.8
2019-11-11,36.84,18,5.9
2019-11-12,37.1,16,6.4
2019-11-13,34.6,19,3.7
2019-11-14,38.1,20,5.2
2019-11-15,50.16,18,6.5
2019-11-16,49.62,22,4.1
2019-11-17,42.96,21,5.4
2019-11-18,49.0,21,6.4
2019-11-19,46.08,18,4.3
2019-11-20,34.2,20,6.2
2019-11-21,41.5,18,6.6
2019-11-22,48.32,18,6.8
2019-11-23,45.76,20,6.9
2019-11-24,50.12,19,6.3
2019-11-25,44.72,20,5.9
2019-11-26,51.5,23,3.7
2019-11-27,55.58,23,3.8
2019-11-28,63.68,22,3.7
2019-11-29,49.88,23,4.5
2019-11-30,36.38,23,4.6
2019-12-01,27.0,22,6.2
2019-12-02,24.0,22,6.4
2019-12-03,39.78,23,6.0
2019-12-04,62.14,24,3.4
2019-12-05,78.44,26,2.9
2019-12-06,115.78,24,4.0
2019-12-07,102.98,25,3.6
2019-12-08,48.96,24,5.5
2019-12-09,38.6,21,6.1
2019-12-10,37.48,22,5.8
2019-12-11,35.58,22,6.1
2019-12-12,52.2,26,4.1
2019-12-13,51.56,22,5.5
2019-12-14,28.94,22,5.5
2019-12-15,25.22,22,4.5
2019-12-16,26.7,22,6.0
2019-12-17,27.4,21,6.7
2019-12-18,45.3,19,8.0
2019-12-19,61.76,20,5.3
2019-12-20,49.82,22,5.9
2019-12-21,37.1,20,6.3
2019-12-22,29.88,21,7.3
2019-12-23,41.64,20,6.4
2019-12-24,56.52,21,6.3
2019-12-25,54.88,21,5.4
2019-12-26,49.68,22,4.6
2019-12-27,44.92,21,5.4
2019-12-28,34.08,20,7.4
2019-12-29,44.32,19,6.8
2019-12-30,50.04,21,6.0
2019-12-31,41.08,24,4.6
2020-01-01,43.16,21,5.2
2020-01-02,24.48,21,6.4
2020-01-03,39.0,22,7.1
2020-01-04,55.28,20,8.8
2020-01-05,56.54,20,6.0
2020-01-06,65.72,20,8.5
2020-01-07,67.4,19,6.9
2020-01-08,58.12,19,5.8
2020-01-09,55.48,20,6.4
2020-01-10,46.52,20,6.7
2020-01-11,44.28,22,4.2
2020-01-12,54.56,25,4.6
2020-01-13,69.64,25,4.6
2020-01-14,37.38,20,3.4
2020-01-15,42.16,22,3.5
2020-01-16,45.84,22,3.4
2020-01-17,19.2,23,5.0
2020-01-18,60.36,23,5.8
2020-01-19,46.48,26,5.9
2020-01-20,40.84,27,4.8
2020-01-21,34.84,24,4.4
2020-01-22,26.48,22,5.5
2020-01-23,43.64,24,5.6
2020-01-24,38.64,26,5.3
2020-01-25,36.16,24,6.2
2020-01-26,32.2,24,6.5
2020-01-27,32.2,25,5.6
2020-01-28,26.84,25,4.3
2020-01-29,26.02,26,5.4
2020-01-30,32.52,26,5.1
2020-01-31,35.88,24,6.2
2020-02-01,49.6,24,6.8
2020-02-02,53.72,25,6.7
2020-02-03,23.56,27,5.1
2020-02-04,29.2,28,3.7
2020-02-05,56.8,22,5.7
2020-02-06,54.0,22,6.4
2020-02-07,49.28,24,4.7
2020-02-08,48.64,24,6.3
2020-02-09,36.16,21,5.4
2020-02-10,47.36,22,5.7
2020-02-11,46.82,23,5.5
2020-02-12,36.58,26,4.1
2020-02-13,42.48,24,4.9
2020-02-14,40.36,27,4.2
2020-02-15,45.06,23,5.2
2020-02-16,46.5,21,4.0
2020-02-18,5.82,27,3.2
2020-02-19,67.66,27,5.7
2020-02-20,34.74,26,5.7
2020-02-21,25.56,27,3.8
2020-02-22,25.22,23,4.6
2020-02-23,25.8,22,7.5
2020-02-24,25.12,25,5.4
2020-02-25,38.5,24,5.3
2020-02-26,41.38,26,5.0
2020-02-27,39.0,26,3.6
2020-02-28,39.8,27,3.4
2020-02-29,35.42,26,4.7
2020-03-01,42.84,25,4.1
2020-03-02,52.22,23,4.0
2020-03-03,46.92,25,4.5
2020-03-04,40.46,24,6.2
2020-03-05,48.9,23,3.2
2020-03-06,28.32,23,3.8
2020-03-07,22.34,23,3.4
2020-03-08,23.28,23,3.8
2020-03-09,22.68,23,6.0
2020-03-10,21.78,22,6.1
2020-03-11,23.32,21,4.3
2020-03-12,21.46,23,4.0
2020-03-13,26.08,22,2.9
2020-03-14,24.24,24,2.3
2020-03-15,30.52,23,5.7
2020-03-16,35.48,21,4.0
2020-03-17,55.34,23,5.4
2020-03-18,53.24,21,4.3
2020-03-19,27.26,21,5.3
2020-03-20,26.1,22,4.8
2020-03-21,26.68,23,3.7
2020-03-22,31.38,25,4.0
2020-03-23,24.74,22,4.2
2020-03-24,38.42,18,6.8
2020-03-25,37.58,20,5.6
2020-03-26,31.58,20,4.5
2020-03-27,22.24,19,4.3
2020-03-28,22.96,18,6.6
2020-03-29,20.7,20,3.4
2020-03-30,18.58,22,2.9
2020-03-31,21.34,23,4.4
2020-04-01,23.98,24,4.0
2020-04-02,23.46,22,5.4
2020-04-03,24.58,22,3.3
2020-04-04,19.22,22,3.9
2020-04-05,14.56,21,3.7
2020-04-06,20.44,20,2.4
2020-04-07,20.12,21,3.2
2020-04-08,17.84,21,5.7
2020-04-09,31.38,18,6.5
2020-04-10,31.64,19,5.4
2020-04-11,23.8,21,3.1
2020-04-12,16.86,22,5.9
2020-04-13,33.22,20,5.8
2020-04-14,42.64,17,8.5
2020-04-15,42.96,17,5.9
2020-04-16,31.0,19,5.3
2020-04-17,36.86,22,4.5
2020-04-18,36.66,22,3.8
2020-04-19,44.96,21,3.1
2020-04-20,35.24,20,2.4
2020-04-21,36.6,18,3.1
2020-04-22,32.78,19,2.8
2020-04-23,27.6,20,4.5
2020-04-24,26.48,21,5.2
2020-04-25,25.94,19,5.0
2020-04-26,27.3,20,3.7
2020-04-27,30.62,20,3.0
2020-04-28,44.08,19,6.1
2020-04-29,49.56,20,3.6
2020-04-30,39.56,19,2.6
2020-05-01,26.33,19,2.0
2020-05-02,25.4,20,5.0
2020-05-03,45.44,20,6.5
2020-05-04,44.72,20,4.1
2020-05-05,31.36,17,4.7
2020-05-06,26.28,15,6.5
2020-05-07,30.64,18,5.5
2020-05-08,32.34,19,5.0
2020-05-09,40.88,19,3.1
2020-05-10,44.08,20,4.2
2020-05-11,34.18,18,2.8
2020-05-12,28.0,18,3.3
2020-05-13,30.24,17,2.8
2020-05-14,33.2,18,2.7
2020-05-15,47.68,18,3.1
2020-05-16,48.72,20,2.7
2020-05-17,41.12,19,2.5
2020-05-18,34.44,18,3.1
2020-05-19,39.68,17,2.7
2020-05-20,46.08,16,2.0
2020-05-21,59.0,17,3.4
2020-05-22,45.68,17,3.1
2020-05-23,49.08,14,2.3
2020-05-24,52.32,17,5.7
2020-05-25,28.1,19,6.0
2020-05-26,28.81,18,2.4
2020-05-27,19.62,15,3.0
2020-05-28,37.64,17,2.8
2020-05-29,31.14,16,3.4
2020-05-30,21.08,17,2.2
2020-05-31,22.32,16,3.4
2020-06-01,14.68,17,4.7
2020-06-02,34.9,18,6.6
2020-06-03,34.68,17,6.1
2020-06-04,39.1,19,4.4
2020-06-05,37.86,16,4.1
2020-06-06,25.6,16,5.4
2020-06-07,26.52,14,5.6
2020-06-08,33.35,15,4.6
2020-06-09,31.19,16,5.5
2020-06-10,40.14,16,2.7
2020-06-11,37.98,16,3.6
2020-06-12,27.13,16,3.8
2020-06-13,36.32,16,2.3
2020-06-14,28.96,15,2.9
2020-06-15,24.65,16,3.9
2020-06-16,17.6,16,3.4
2020-06-17,23.71,17,4.0
2020-06-18,14.6,16,4.1
2020-06-19,23.66,15,3.9
2020-06-20,26.62,17,2.3
2020-06-21,21.88,16,3.1
2020-06-22,30.83,19,3.5
2020-06-23,43.98,18,3.5
2020-06-24,40.7,16,4.1
2020-06-25,31.65,16,3.6
2020-06-26,39.01,17,3.9
2020-06-27,31.92,18,4.9
2020-06-28,25.18,15,3.8
2020-06-29,26.58,14,5.0
2020-06-30,25.56,14,3.3
2020-07-01,36.39,12,3.8
2020-07-02,34.74,14,6.3
2020-07-03,38.56,14,3.3
2020-07-04,44.6,15,3.1
2020-07-05,29.36,16,6.4
2020-07-06,33.54,14,3.5
2020-07-07,30.06,15,5.0
2020-07-08,31.56,12,5.3
2020-07-09,32.52,13,4.7
2020-07-10,61.84,14,2.6
2020-07-11,57.28,14,3.9
2020-07-12,24.4,15,3.0
2020-07-13,20.5,18,3.2
2020-07-14,22.96,15,2.3
2020-07-15,22.92,15,5.0
2020-07-16,18.64,16,5.0
2020-07-17,34.73,17,3.2
2020-07-18,27.05,17,2.4
2020-07-19,19.96,17,3.9
2020-07-20,30.74,17,2.5
2020-07-21,27.25,15,3.2
2020-07-22,32.48,14,9.6
2020-07-23,38.84,16,7.3
2020-07-24,34.06,15,6.0
2020-07-25,28.94,14,5.1
2020-07-26,25.5,15,4.9
2020-07-27,46.06,15,2.6
2020-07-28,43.18,16,4.3
2020-07-29,31.8,15,3.4
2020-07-30,28.67,15,3.2
2020-07-31,21.26,15,4.7
2020-08-01,26.34,15,5.3
2020-08-02,35.7,15,4.4
2020-08-03,34.92,16,3.1
2020-08-04,36.76,17,3.1
2020-08-05,46.08,17,2.5
2020-08-06,42.56,16,4.7
2020-08-07,22.04,17,4.0
2020-08-08,25.12,15,4.9
2020-08-09,30.9,15,5.5
2020-08-10,31.58,15,3.1
2020-08-11,33.08,16,5.1
2020-08-12,31.64,18,5.5
2020-08-13,34.27,16,4.0
2020-08-14,31.72,14,2.7
2020-08-15,24.94,15,3.6
2020-08-16,38.56,14,3.3
2020-08-17,34.1,14,3.8
2020-08-18,34.22,15,5.6
2020-08-19,42.3,15,6.2
2020-08-20,33.32,19,5.5
2020-08-21,41.06,18,4.8
2020-08-22,35.36,18,2.8
2020-08-23,33.1,17,4.2
2020-08-24,28.34,15,4.5
2020-08-25,25.74,15,6.4
2020-08-26,32.0,14,6.2
2020-08-27,32.8,15,4.2
2020-08-28,34.3,16,4.1
2020-08-29,35.08,19,3.3
2020-08-30,28.32,17,6.0
2020-08-31,37.06,15,5.5
2020-09-01,35.74,18,3.8
2020-09-02,30.7,14,6.5
2020-09-03,31.32,13,6.1
2020-09-04,35.32,15,4.3
2020-09-05,27.36,15,4.9
2020-09-06,21.74,16,5.3
2020-09-07,26.72,15,3.5
2020-09-08,39.86,16,4.0
2020-09-09,33.18,15,4.6
2020-09-10,27.56,16,4.7
2020-09-11,29.96,15,5.4
2020-09-12,28.42,14,6.0
2020-09-13,21.76,16,6.4
2020-09-14,20.48,15,5.4
2020-09-15,27.06,17,5.9
2020-09-16,55.36,16,6.6
2020-09-17,58.7,17,4.7
2020-09-18,47.1,16,7.2
2020-09-19,45.26,15,6.2
2020-09-20,39.48,16,3.5
2020-09-21,29.58,17,3.7
2020-09-22,20.6,17,3.7
2020-09-23,15.94,20,3.6
2020-09-24,20.32,19,5.1
2020-09-25,27.78,20,3.9
2020-09-26,29.66,19,4.8
2020-09-27,40.46,19,5.2
2020-09-28,49.86,16,5.3
2020-09-29,44.3,15,7.8
2020-09-30,41.06,15,6.2
2020-10-01,36.56,17,4.1
2020-10-02,40.37,17,3.8
2020-10-03,28.96,19,4.8
2020-10-04,22.56,18,5.1
2020-10-05,33.38,20,4.8
2020-10-06,31.92,17,4.9
2020-10-07,24.94,18,6.4
2020-10-08,33.06,18,5.3
2020-10-09,46.92,16,5.2
2020-10-10,39.7,18,5.8
2020-10-11,34.1,18,6.7
2020-10-12,53.26,17,6.3
2020-10-13,54.98,17,4.2
2020-10-14,32.21,18,4.7
2020-10-15,29.48,15,4.1
2020-10-16,24.22,17,5.8
2020-10-17,23.26,16,4.6
2020-10-18,23.96,18,2.9
2020-10-19,24.78,20,4.0
2020-10-20,28.66,20,4.0
2020-10-21,31.22,21,3.3
2020-10-22,29.5,21,4.3
2020-10-23,22.06,21,3.6
2020-10-24,11.28,21,3.9
2020-10-25,11.16,21,4.9
2020-10-26,12.44,22,3.4
2020-10-27,22.24,23,3.5
2020-10-28,25.4,19,4.4
2020-10-29,27.68,20,4.2
2020-10-30,26.7,21,5.5
2020-10-31,28.54,21,5.6
2020-11-01,35.24,21,5.7
2020-11-02,24.24,22,3.7
2020-11-03,22.46,21,5.6
2020-11-04,34.24,21,5.4
2020-11-05,37.48,19,6.8
2020-11-06,29.54,21,3.5
2020-11-07,26.76,21,6.5
2020-11-08,26.04,22,4.2
2020-11-09,22.38,19,4.3
2020-11-10,21.37,16,2.4
2020-11-11,24.96,18,6.9
2020-11-12,29.06,20,4.9
2020-11-13,27.54,21,3.6
2020-11-14,27.2,22,4.8
2020-11-15,29.0,22,4.6
2020-11-16,21.4,22,5.1
2020-11-17,32.7,21,5.9
2020-11-18,34.18,20,7.6
2020-11-19,37.64,19,6.8
2020-11-20,33.34,20,5.3
2020-11-21,31.2,20,5.1
2020-11-22,37.44,18,6.7
2020-11-23,38.68,19,3.9
2020-11-24,34.08,16,4.7
2020-11-25,38.38,22,5.0
2020-11-26,43.92,22,4.3
2020-11-27,32.42,20,7.0
2020-11-28,42.26,19,7.0
2020-11-29,46.54,20,7.0
2020-11-30,52.84,22,4.5
2020-12-01,41.1,19,6.6
2020-12-02,40.02,21,4.2
2020-12-03,47.72,19,7.0
2020-12-04,58.72,19,5.5
2020-12-05,47.64,20,3.9
2020-12-06,30.86,21,4.9
2020-12-07,35.68,25,4.1
2020-12-08,32.44,26,5.0
2020-12-09,26.3,25,5.6
2020-12-10,30.12,23,5.0
2020-12-11,35.52,22,5.9
2020-12-12,35.22,19,7.1
2020-12-13,38.6,19,7.1
2020-12-14,42.22,23,5.2
2020-12-15,47.52,23,5.9
2020-12-16,45.66,20,6.0
2020-12-17,28.02,20,5.7
2020-12-18,44.7,22,3.8
2020-12-19,46.16,24,4.1
2020-12-20,40.02,24,5.1
2020-12-21,35.24,24,4.0
2020-12-22,24.38,22,5.0
2020-12-23,24.16,23,4.7
2020-12-24,30.42,22,7.6
2020-12-25,41.64,20,6.0
2020-12-26,39.36,20,6.3
2020-12-27,25.38,19,6.5
2020-12-28,21.12,19,6.6
2020-12-29,26.4,20,7.3
2020-12-30,27.98,20,6.7
2020-12-31,28.38,23,3.5
2021-01-01,28.3,24,3.6
