Date,MaxTemp,MinTemp,RelHum,WindSpeed,Pressure
2018-01-01,23.8,19.9,,0.3208333333333334,1010.0
2018-01-02,25.0,20.0,,0.49930555555555567,1011.0
2018-01-03,24.9,19.7,,0.5729166666666665,1010.0
2018-01-04,22.2,20.1,,0.5763888888888885,1008.0
2018-01-05,22.0,19.1,,0.9395833333333337,996.0
2018-01-06,23.2,19.1,,0.348611111111111,1008.0
2018-01-07,25.7,19.2,,0.45755395683453237,1012.0
2018-01-08,25.6,18.4,,0.46319444444444446,1016.0
2018-01-09,27.6,18.3,,0.44166666666666665,1018.0
2018-01-10,28.9,19.5,,0.45625000000000004,1016.0
2018-01-11,28.1,20.4,,0.3534722222222222,1016.0
2018-01-12,26.3,20.6,,0.47361111111111115,1015.0
2018-01-13,26.5,21.4,,0.5347222222222221,1015.0
2018-01-14,26.9,20.9,,0.48611111111111094,1014.0
2018-01-15,24.8,21.5,,0.5131944444444445,1015.0
2018-01-16,24.3,20.5,,0.4798611111111112,1015.0
2018-01-17,23.8,20.3,,0.8638888888888889,1015.0
2018-01-18,21.7,19.5,,0.7819444444444444,1013.0
2018-01-19,25.0,20.0,,0.7222222222222222,1016.0
2018-01-20,27.6,21.3,,0.5847222222222225,1016.0
2018-01-21,26.2,22.0,,0.5798611111111112,1017.0
2018-01-22,24.8,20.0,,0.4145833333333333,1014.0
2018-01-23,26.9,21.7,,0.4041666666666666,1013.0
2018-01-24,28.3,21.4,,0.47430555555555554,1015.0
2018-01-25,28.6,21.4,,0.4486111111111113,1015.0
2018-01-26,26.9,22.4,,0.4138888888888889,1015.0
2018-01-27,27.4,22.3,,0.3562500000000002,1015.0
2018-01-28,28.3,21.9,,0.47569444444444425,1016.0
2018-01-29,28.3,22.2,,0.5472222222222225,1018.0
2018-01-30,27.2,21.9,,0.5347222222222219,1018.0
2018-01-31,26.7,21.7,,0.6236111111111112,1015.0
2018-02-01,23.6,20.5,,0.8868055555555556,1000.0
2018-02-02,25.5,19.2,,0.515277777777778,
2018-02-03,21.4,17.1,,0.5118055555555556,
2018-02-04,22.3,16.5,,0.41818181818181827,
2018-02-05,25.2,18.5,,0.4034722222222222,1009.0
2018-02-06,25.5,18.0,,0.44652777777777775,1011.0
2018-02-07,25.2,18.5,,0.5812499999999999,1017.0
2018-02-08,22.0,17.3,,0.6611111111111112,1018.0
2018-02-09,21.9,16.3,,0.6236111111111112,1015.0
2018-02-10,22.6,20.1,,0.3006944444444447,1007.0
2018-02-11,23.2,21.6,,0.4701388888888889,
2018-02-12,26.4,21.8,,0.4636363636363636,1009.0
2018-02-13,23.9,22.5,,0.44513888888888886,1011.0
2018-02-14,26.1,21.5,,0.3590277777777781,1011.0
2018-02-15,27.6,20.6,,0.42447552447552445,1013.0
2018-02-16,27.9,19.5,,0.4270833333333332,1015.0
2018-02-17,26.6,22.0,,0.44722222222222247,1014.0
2018-02-18,26.3,22.7,,0.4062499999999999,1015.0
2018-02-19,27.0,23.1,,0.39097222222222217,1014.0
2018-02-20,27.1,22.3,,0.7104166666666663,1007.0
2018-02-21,24.6,19.2,,0.4666666666666663,1005.0
2018-02-22,25.3,17.8,,0.48055555555555546,1007.0
2018-02-23,25.6,18.1,,0.5034722222222227,1012.0
2018-02-24,25.8,18.4,,0.40347222222222234,1015.0
2018-02-25,27.3,17.5,,0.38194444444444436,1015.0
2018-02-26,26.8,19.0,,0.44375000000000003,1013.0
2018-02-27,23.6,19.9,,0.4534722222222223,1015.0
2018-02-28,23.6,20.5,,0.36527777777777776,1015.0
2018-03-01,24.2,20.0,,0.6124999999999999,1013.0
2018-03-02,25.2,20.0,,0.5854166666666667,1009.0
2018-03-03,25.3,21.3,,0.5319444444444448,1009.0
2018-03-04,26.3,21.4,,0.5604166666666668,1009.0
2018-03-05,28.0,20.1,,0.4124999999999999,1009.0
2018-03-06,27.3,20.4,,0.4694444444444445,1008.0
2018-03-07,27.5,18.5,,0.4395833333333335,1002.0
2018-03-08,22.1,18.6,,0.4499999999999999,998.0
2018-03-09,26.2,18.6,,0.4527777777777775,1009.0
2018-03-10,23.3,16.8,,0.4694444444444445,1015.0
2018-03-11,22.0,17.1,,0.5020833333333333,1014.0
2018-03-12,19.0,16.8,,0.8284722222222225,1009.0
2018-03-13,24.9,18.8,,0.43958333333333344,1006.0
2018-03-14,24.0,17.0,,0.4416666666666666,1015.0
2018-03-15,23.0,16.6,,0.3472222222222224,1015.0
2018-03-16,24.4,17.7,,0.34861111111111126,1012.0
2018-03-17,22.8,18.3,,0.5506944444444445,1017.0
2018-03-18,22.3,17.2,,0.6576388888888893,1020.0
2018-03-19,22.7,17.2,,0.5548611111111109,1021.0
2018-03-20,23.6,17.5,,0.5243055555555552,1021.0
2018-03-21,23.8,17.6,,0.34652777777777805,1019.0
2018-03-22,23.8,18.3,,0.49166666666666703,1015.0
2018-03-23,22.4,18.0,,0.44583333333333325,1016.0
2018-03-24,23.7,17.9,,0.40625,1016.0
2018-03-25,23.9,17.7,,0.32569444444444445,1017.0
2018-03-26,24.2,18.1,,0.3722222222222221,1018.0
2018-03-27,23.9,19.9,,0.4758865248226951,1019.0
2018-03-28,23.0,19.0,,0.41388888888888886,1018.0
2018-03-29,26.1,19.3,,0.3312500000000002,1015.0
2018-03-30,23.5,18.6,,0.3277777777777779,1013.0
2018-03-31,25.1,17.7,,0.30625,1011.0
2018-04-01,23.6,17.7,,0.42916666666666675,1016.0
2018-04-02,23.2,17.5,,0.4062499999999999,1017.0
2018-04-03,23.6,17.1,,0.33055555555555555,1015.0
2018-04-04,26.1,17.9,,0.3402777777777777,1012.0
2018-04-05,23.6,17.3,,0.484722222222222,1012.0
2018-04-06,23.7,17.4,,0.36666666666666653,1012.0
2018-04-07,24.5,17.5,,0.3722222222222222,1011.0
2018-04-08,23.6,15.9,,0.3756944444444445,1012.0
2018-04-09,23.4,15.9,,0.25972222222222235,1009.0
2018-04-10,21.9,13.3,,0.6916666666666668,1000.0
2018-04-11,14.0,9.2,,0.7811594202898551,999.0
2018-04-12,18.5,11.7,,,
2018-04-13,21.4,15.4,,,
2018-04-14,21.1,16.1,,,
2018-04-15,19.9,17.6,,,
2018-04-16,22.9,18.4,,0.18125,1006.0
2018-04-17,24.9,17.4,,0.2826388888888891,1007.0
2018-04-18,20.2,15.5,,0.4868055555555555,1012.0
2018-04-19,20.8,14.5,,0.35069444444444453,1015.0
2018-04-20,22.4,15.5,,0.3069444444444445,1014.0
2018-04-21,21.7,15.7,,0.25555555555555576,1010.0
2018-04-22,20.8,15.9,,0.42657342657342656,1015.0
2018-04-23,19.1,16.1,,0.3819444444444442,1017.0
2018-04-24,19.3,14.5,,0.3423611111111111,1016.0
2018-04-25,20.7,14.4,,0.35347222222222197,1016.0
2018-04-26,20.1,13.4,,0.40555555555555567,1018.0
2018-04-27,19.6,15.9,,0.44791666666666685,1015.0
2018-04-28,19.4,17.5,,0.6381944444444447,1004.0
2018-04-29,21.2,18.6,,0.4708333333333335,996.0
2018-04-30,21.4,17.6,,0.44652777777777763,995.0
2018-05-01,21.0,16.5,,0.46180555555555586,996.0
2018-05-02,20.8,15.3,,0.5701388888888892,1011.0
2018-05-03,18.2,11.6,,0.34375000000000017,1015.0
2018-05-04,19.6,12.6,,0.35555555555555585,1020.0
2018-05-05,19.2,14.5,,0.28333333333333344,1021.0
2018-05-06,19.8,14.9,,0.2511111111111113,1018.0
2018-05-07,19.8,15.5,,0.4749999999999999,1018.0
2018-05-08,20.6,14.8,,0.34236111111111145,1018.0
2018-05-09,21.5,15.5,,0.3409722222222224,1021.0
2018-05-10,19.2,13.6,,0.4437499999999997,1021.0
2018-05-11,20.9,17.6,,0.46875,1016.0
2018-05-12,19.1,17.5,,0.3503496503496503,1011.0
2018-05-13,21.1,16.8,,0.45833333333333354,1009.0
2018-05-14,22.6,16.9,,0.3173611111111112,1008.0
2018-05-15,20.6,18.3,,0.5244755244755246,1008.0
2018-05-16,22.1,16.4,,0.32847222222222233,1002.0
2018-05-17,18.7,13.4,,0.3993055555555554,1008.0
2018-05-18,20.6,13.2,,0.30416666666666653,1012.0
2018-05-19,18.9,14.1,,0.41527777777777797,1011.0
2018-05-20,20.0,13.6,,0.28541666666666665,1007.0
2018-05-21,21.0,14.9,,0.288111888111888,1003.0
2018-05-22,20.5,14.7,,0.4888888888888887,1003.0
2018-05-23,16.5,10.4,,0.45833333333333354,989.0
2018-05-24,17.1,10.6,,0.3284722222222224,1000.0
2018-05-25,16.9,10.9,,0.42152777777777745,994.0
2018-05-26,15.4,9.6,,0.5368055555555551,1007.0
2018-05-27,16.6,12.2,,0.3527777777777777,1005.0
2018-05-28,12.5,9.8,,0.6251748251748251,
2018-05-29,14.1,8.2,,0.4027777777777777,
2018-05-30,15.0,8.4,,0.39027777777777783,1013.0
2018-05-31,14.8,8.9,,0.44583333333333347,
2018-06-01,15.4,8.9,,0.4854166666666667,1015.0
2018-06-02,16.5,13.7,,0.6270833333333332,
2018-06-03,16.4,13.3,,0.4893617021276594,1006.0
2018-06-04,16.7,14.3,,0.6333333333333333,
2018-06-05,17.4,14.5,,0.5638888888888888,
2018-06-06,14.8,9.2,,0.4597222222222224,1002.0
2018-06-07,13.3,7.9,,0.6743055555555555,
2018-06-08,16.0,11.4,,0.44825174825174813,1017.0
2018-06-09,15.5,9.8,,0.3750000000000002,1021.0
2018-06-10,15.4,12.0,,0.36041666666666644,1018.0
2018-06-11,13.4,11.1,,0.9237762237762237,
2018-06-12,15.7,12.5,,0.5377622377622382,998.0
2018-06-13,18.2,13.0,,0.17692307692307704,1010.0
2018-06-14,17.8,12.6,,0.27847222222222245,
2018-06-15,18.0,11.3,,0.3173611111111112,1020.0
2018-06-16,18.6,14.5,,0.22361111111111112,1018.0
2018-06-17,19.3,13.8,,0.25555555555555565,1015.0
2018-06-18,18.4,13.8,,0.4279720279720279,1011.0
2018-06-19,17.1,13.4,,0.3840277777777778,1013.0
2018-06-20,13.8,11.6,,0.2,1013.0
2018-06-21,13.2,10.1,,0.7308823529411764,1015.0
2018-06-22,14.5,9.0,,0.48055555555555546,1018.0
2018-06-23,15.3,9.7,,0.23472222222222244,1019.0
2018-06-24,16.0,11.3,,0.3041666666666667,1017.0
2018-06-25,14.0,9.6,,0.5319444444444446,1011.0
2018-06-26,12.9,8.3,,0.5312499999999997,1015.0
2018-06-27,13.7,6.8,,0.4694444444444444,1021.0
2018-06-28,14.1,8.7,,0.3458333333333337,1022.0
2018-06-29,12.4,8.8,,0.4152777777777779,1029.0
2018-06-30,15.0,5.0,,0.37013888888888924,1031.0
2018-07-01,14.4,10.7,,0.26293706293706304,1030.0
2018-07-02,17.6,11.5,,0.21736111111111125,1019.0
2018-07-03,13.6,9.9,,0.5583333333333333,1026.0
2018-07-04,13.7,7.4,,0.38333333333333325,1027.0
2018-07-05,13.7,11.8,,0.4097222222222221,1025.0
2018-07-06,14.4,10.3,,0.38819444444444484,1023.0
2018-07-07,15.8,10.4,,0.2645833333333334,1021.0
2018-07-08,16.3,12.2,,0.5666666666666665,1016.0
2018-07-09,16.3,12.6,,0.5878787878787877,1002.0
2018-07-10,15.3,10.2,,0.36993006993006994,1015.5
2018-07-11,16.1,10.5,,0.27361111111111125,1022.0
2018-07-12,17.1,10.8,,0.3527777777777779,1028.0
2018-07-13,13.7,9.8,,0.44999999999999996,1028.0
2018-07-14,15.9,11.9,,0.47872340425531934,1022.0
2018-07-15,15.2,12.2,,0.6381944444444437,1014.0
2018-07-16,17.5,11.9,,0.25000000000000017,1012.0
2018-07-17,17.0,11.6,,0.28260869565217417,1013.0
2018-07-18,16.5,10.6,,0.5014285714285718,1015.0
2018-07-19,16.5,12.3,,0.2791666666666668,1017.0
2018-07-20,16.5,11.0,,0.4500000000000002,1021.0
2018-07-21,16.1,11.1,,0.40138888888888896,1020.0
2018-07-22,15.8,12.0,,0.3169014084507046,1013.0
2018-07-23,15.7,10.5,,0.37013888888888896,1015.0
2018-07-24,14.0,9.1,,0.5562499999999998,1015.0
2018-07-25,16.0,8.4,,0.4635714285714287,1013.0
2018-07-26,18.4,12.2,,0.3305555555555555,1011.0
2018-07-27,15.3,10.5,,0.2671328671328673,1011.0
2018-07-28,17.9,12.7,,0.2174825174825176,1012.0
2018-07-29,18.5,12.0,,0.27647058823529413,1010.0
2018-07-30,16.1,10.8,,0.39999999999999997,1017.0
2018-07-31,15.5,10.8,,0.4374999999999999,1017.0
2018-08-01,17.6,12.2,,0.3319444444444448,1018.0
2018-08-02,15.5,8.6,,0.48741258741258725,1019.0
2018-08-03,15.4,11.4,,0.37253521126760575,1015.0
2018-08-04,16.5,8.2,,0.5583333333333338,1015.0
2018-08-05,14.7,11.6,,0.4944444444444441,1014.0
2018-08-06,15.6,10.9,,0.45833333333333315,1011.4
2018-08-07,17.3,11.7,,0.46083916083916066,1014.0
2018-08-08,15.9,12.2,,0.6159722222222221,1014.0
2018-08-09,16.9,11.9,,0.48750000000000004,1019.0
2018-08-10,17.8,11.6,,0.547183098591549,1021.0
2018-08-11,16.5,11.1,,0.511111111111111,1022.0
2018-08-12,16.3,11.1,,0.40277777777777796,1022.0
2018-08-13,15.1,11.3,,0.6557142857142856,1015.0
2018-08-14,16.3,11.4,,0.451388888888889,999.7
2018-08-15,16.4,11.3,,0.74375,1008.0
2018-08-16,18.5,12.9,,0.23636363636363675,1009.0
2018-08-17,15.7,12.7,,0.27259259259259283,1006.0
2018-08-18,16.1,11.1,,0.45763888888888893,1011.0
2018-08-19,15.7,8.9,,0.4875000000000002,1011.2
2018-08-20,17.2,12.6,,0.49444444444444446,1007.0
2018-08-21,14.8,10.8,,0.3437500000000003,998.2
2018-08-22,15.3,10.9,,0.3370629370629371,1004.0
2018-08-23,16.1,11.2,,0.4244755244755245,1003.0
2018-08-24,15.5,9.6,,0.5979166666666663,1009.0
2018-08-25,16.5,11.2,,0.6638888888888892,1016.0
2018-08-26,15.8,12.1,,0.5180555555555557,1021.0
2018-08-27,14.3,11.8,,0.343076923076923,1023.0
2018-08-28,,,,,0.0
2018-08-29,17.4,13.3,,0.2699999999999999,1012.0
2018-08-30,16.9,11.1,,0.5222222222222221,1011.0
2018-08-31,17.3,10.9,,0.34444444444444444,1003.0
2018-09-01,17.7,9.9,,0.3819444444444444,1004.0
2018-09-02,16.8,13.3,,0.518840579710145,1002.0
2018-09-03,14.1,9.7,,0.3552447552447553,1009.0
2018-09-04,13.8,8.0,,0.6986013986013984,1016.0
2018-09-05,15.7,9.5,,0.7021428571428572,1017.0
2018-09-06,13.5,10.4,,0.800694444444444,1016.0
2018-09-07,15.4,10.8,,0.7208333333333335,1015.0
2018-09-08,17.5,11.4,,0.8131944444444446,1015.0
2018-09-09,15.0,10.6,,0.7451388888888888,1012.0
2018-09-10,14.4,12.0,,0.6249999999999998,1007.0
2018-09-11,16.9,12.3,,0.49295774647887325,1015.0
2018-09-12,17.3,11.0,,0.5486111111111109,1025.0
2018-09-13,15.8,11.8,,0.684722222222222,1026.0
2018-09-14,16.6,13.5,,0.6583333333333334,1025.0
2018-09-15,18.1,13.4,,0.5763888888888888,1024.0
2018-09-16,17.2,14.5,,0.8034722222222223,1022.0
2018-09-17,18.6,14.5,,0.8763888888888889,1019.0
2018-09-18,17.6,15.1,,0.7145833333333336,1018.0
2018-09-19,18.1,14.9,,0.8347222222222223,1014.0
2018-09-20,21.0,14.1,,0.6798611111111116,1011.5
2018-09-21,18.6,14.0,,0.36527777777777776,1007.0
2018-09-22,17.8,13.2,,0.47569444444444436,1012.0
2018-09-23,17.9,11.2,,0.6701388888888888,1013.0
2018-09-24,19.0,12.3,,0.3631944444444445,1011.0
2018-09-25,15.5,10.3,,0.6020833333333333,1009.0
2018-09-26,17.5,11.0,,0.46180555555555564,1013.0
2018-09-27,17.4,11.2,,0.613194444444444,1019.0
2018-09-28,16.5,10.3,,0.6111111111111109,1025.0
2018-09-29,17.5,9.5,,0.4638888888888892,1027.0
2018-09-30,17.3,9.8,,0.46597222222222207,1027.0
2018-10-01,19.0,14.0,61.11249999999998,0.2319444444444446,1025.9
2018-10-02,17.5,12.8,67.23402777777783,0.2,1024.0
2018-10-03,17.6,12.0,67.10624999999999,,1024.0
2018-10-04,17.1,13.6,72.85833333333335,,1021.9
2018-10-05,20.3,12.8,62.21388888888888,,1022.0
2018-10-06,18.6,13.1,65.63680555555557,,1024.0
2018-10-07,18.1,14.3,68.45126050420167,,1024.0
2018-10-08,19.2,12.9,57.59861111111114,,1021.0
2018-10-09,18.4,10.8,53.791608391608406,,1020.0
2018-10-10,18.1,11.6,52.759027777777774,,1017.0
2018-10-11,17.7,12.4,74.42083333333329,,1015.0
2018-10-12,17.5,12.2,67.43472222222225,,1006.0
2018-10-13,15.1,8.8,52.05347222222222,,1023.0
2018-10-14,18.5,10.2,52.906293706293695,,1030.0
2018-10-15,20.0,10.6,57.47291666666667,,1032.0
2018-10-16,17.1,10.8,55.85804195804195,0.4986013986013984,1031.0
2018-10-17,16.9,12.7,54.212500000000006,0.5222222222222219,1026.0
2018-10-18,18.1,12.3,65.13333333333333,0.5263888888888889,1027.0
2018-10-19,20.4,12.7,61.55244755244754,0.5629370629370629,1029.0
2018-10-20,22.9,13.0,60.2222222222222,0.3458333333333333,1028.0
2018-10-21,21.0,15.3,64.8597222222222,0.3520833333333335,1026.0
2018-10-22,20.7,13.4,61.94444444444443,0.4159722222222222,1025.2
2018-10-23,20.9,13.4,62.29999999999999,0.47013888888888883,1025.0
2018-10-24,21.1,13.5,59.61944444444444,0.5201388888888886,1022.0
2018-10-25,20.7,14.4,60.88541666666669,0.3555555555555557,1019.0
2018-10-26,19.6,14.0,57.857638888888864,0.46319444444444446,1013.1
2018-10-27,19.8,13.4,70.6041958041958,0.5090909090909089,1012.0
2018-10-28,20.4,15.1,65.1493055555556,0.3180555555555556,1002.0
2018-10-29,20.3,13.3,67.55664335664333,0.4447552447552446,998.0
2018-10-30,16.0,13.2,70.46643356643357,0.341958041958042,1003.0
2018-10-31,21.5,12.9,57.574125874125876,0.3944055944055945,1010.0
2018-11-01,17.5,13.1,56.231944444444444,0.672222222222222,1017.0
2018-11-02,19.1,12.5,48.26944444444441,0.5472222222222223,1023.0
2018-11-03,18.6,13.8,64.97986111111112,0.5034722222222221,1021.0
2018-11-04,21.8,14.2,58.115328467153276,0.5613138686131388,1009.0
2018-11-05,19.6,13.6,57.06180555555554,0.49236111111111114,1016.0
2018-11-06,20.1,14.0,61.51111111111111,0.3749999999999999,1018.0
2018-11-07,20.9,13.6,70.0847222222222,0.4340277777777778,1018.0
2018-11-08,20.4,17.2,79.88333333333338,0.3333333333333337,1016.0
2018-11-09,21.0,14.6,72.72535211267605,0.38450704225352117,1014.9
2018-11-10,19.4,13.0,54.6013986013986,0.5916083916083916,1020.0
2018-11-11,18.2,12.9,72.24295774647888,0.434507042253521,1022.0
2018-11-12,20.5,13.9,66.11944444444447,0.4486111111111112,1022.0
2018-11-13,21.3,13.2,60.18819444444445,0.4895833333333333,1022.0
2018-11-14,20.9,15.3,65.686013986014,0.427972027972028,1026.0
2018-11-15,20.8,15.7,56.72569444444443,0.6062499999999998,1026.0
2018-11-16,22.1,14.9,59.008333333333354,0.43472222222222223,1023.0
2018-11-17,23.5,15.3,57.35140845070421,0.39580419580419585,1017.0
2018-11-18,23.1,15.6,57.84825174825174,0.35384615384615387,1013.0
2018-11-19,19.8,11.7,58.64615384615386,0.5153846153846156,1007.0
2018-11-20,18.5,10.7,59.9513888888889,0.44097222222222215,1005.0
2018-11-21,17.8,11.7,65.97291666666665,0.49236111111111136,1006.0
2018-11-22,19.4,12.0,62.14375000000003,0.4513888888888887,1007.0
2018-11-23,22.2,12.5,61.28680555555556,0.5520833333333335,1008.0
2018-11-24,17.8,15.7,79.62777777777781,0.5006944444444447,1006.0
2018-11-25,20.8,16.8,77.63611111111112,0.30833333333333374,1000.7
2018-11-26,21.4,15.9,67.92986111111111,0.3833333333333338,1000.0
2018-11-27,22.9,16.7,67.65000000000002,0.39791666666666664,1000.0
2018-11-28,24.4,17.6,63.92430555555555,0.4083333333333334,1004.0
2018-11-29,23.9,17.1,65.10347222222227,0.5229166666666667,1012.0
2018-11-30,20.7,17.9,69.06388888888888,0.5237762237762235,1011.0
2018-12-01,19.4,17.0,76.88263888888888,0.5631944444444443,1008.0
2018-12-02,23.1,18.4,73.93142857142854,0.580714285714286,1004.9
2018-12-03,20.2,16.9,80.06041666666667,0.47569444444444425,1003.0
2018-12-04,22.4,17.1,73.02551020408163,0.3010204081632653,1004.0
2018-12-05,23.2,15.5,,,
2018-12-06,20.7,13.7,,,
2018-12-07,21.6,13.9,47.63163265306121,0.6500000000000002,1022.0
2018-12-08,23.1,15.2,58.32083333333334,0.5083333333333336,1022.0
2018-12-09,22.9,16.9,58.74444444444446,0.5618055555555554,1019.5
2018-12-10,22.1,17.0,62.45416666666665,0.48888888888888904,1015.0
2018-12-11,24.4,17.1,64.25486111111114,0.46041666666666653,1013.0
2018-12-12,23.6,17.7,63.393750000000004,0.5381944444444445,1012.0
2018-12-13,24.9,18.5,60.49583333333333,0.4298611111111114,1015.0
2018-12-14,23.2,18.3,66.26013986013989,0.4153846153846156,1017.0
2018-12-15,22.5,17.0,67.85694444444441,0.5527777777777778,1021.0
2018-12-16,26.5,18.5,65.15902777777774,0.33263888888888915,1024.0
2018-12-17,25.3,19.2,63.28055555555555,0.38888888888888906,1025.0
2018-12-18,26.6,19.1,59.133333333333354,0.49375000000000024,1020.0
2018-12-19,27.1,19.1,59.66666666666664,0.4840277777777776,1011.0
2018-12-20,23.2,16.9,72.06388888888891,0.45624999999999993,1003.0
2018-12-21,23.4,17.2,64.61388888888888,0.35416666666666663,1004.0
2018-12-22,24.9,16.0,63.9680555555556,0.3548611111111113,1006.0
2018-12-23,20.6,17.3,80.74097222222218,0.4479166666666666,1008.0
2018-12-24,20.3,18.0,85.51805555555556,0.5076388888888889,1010.0
2018-12-25,21.6,17.3,78.41875,0.4826388888888888,1004.9
2018-12-26,23.0,17.7,62.964583333333344,0.6263888888888887,1013.0
2018-12-27,23.6,17.0,53.47083333333333,0.4979166666666667,1017.0
2018-12-28,23.8,16.2,53.29027777777781,0.40069444444444424,1022.0
2018-12-29,23.6,18.0,64.7472222222222,0.4374999999999998,1023.0
2018-12-30,26.4,17.5,58.22361111111112,0.4479166666666666,1022.0
2018-12-31,24.0,18.9,63.477083333333326,0.4173611111111113,1019.0
2019-01-01,23.9,19.6,65.25208333333332,0.4395833333333334,1014.0
2019-01-02,25.7,19.4,60.67905028700934,0.473832114973301,1023.6597178294
2019-01-03,25.9,19.0,61.72393328197103,0.4611514267848029,1024.64888446411
2019-01-04,25.4,19.1618118253594,59.47164060563685,0.5702908873387059,1025.63805109882
2019-01-05,27.7,18.2,59.82953311448773,0.48058775530001663,1026.62721773353
2019-01-06,27.0,16.3654671067505,63.54686320445966,0.522448415314921,1026.94320151962
2019-01-07,27.2,16.0173098616238,65.04572594950874,0.5010882511242373,1017.0
2019-01-08,26.5,15.6691526164971,64.22918617353008,0.512482701951444,1018.0
2019-01-09,25.5,15.3209953713704,66.57607232347735,0.5213308564823546,1019.0
2019-01-10,26.7,14.9728381262437,67.87643069564683,0.5028641961984504,1019.0
2019-01-11,28.1,14.624680881117,66.88813166040892,0.4837030914701018,1020.0
2019-01-12,26.3,14.2765236359903,65.36372151405988,0.5388475422973082,1020.0
2019-01-13,27.3,13.9283663908636,68.2413947010442,0.5324179190504413,1019.0
2019-01-14,23.2,13.5802091457369,69.225086406547,0.5377938513591298,1011.0
2019-01-15,21.9,13.2659005216642,70.12702139300063,0.5314327862695745,1007.0
2019-01-16,25.2,16.5854831436014,65.52327625479309,0.5443009241659266,1007.0
2019-02-16,25.6,19.6,53.69181818181817,0.5627272727272726,1012.7
2019-02-17,25.4,18.6,64.65624999999996,0.47708333333333375,1014.0
2019-02-18,25.0,18.6,59.48749999999999,0.4631944444444442,1015.0
2019-02-19,26.2,18.2,55.97500000000001,0.3756944444444446,1015.0
2019-02-20,25.6,19.1,67.07083333333333,0.4708333333333331,1016.0
2019-02-21,25.5,21.7,71.83194444444442,0.598611111111111,1016.7
2019-02-22,22.7,20.3,76.43958333333333,0.4687500000000001,1015.0
2019-02-23,21.9,19.6,70.80069444444445,0.35138888888888886,1008.0
2019-02-24,24.8,16.5,56.63124999999999,0.3833333333333331,1003.1
2019-02-25,22.0,14.6,44.96736111111113,0.9159722222222219,1019.0
2019-02-26,24.2,14.8,43.62569444444443,0.4680555555555553,1021.0
2019-02-27,23.9,16.2,53.53263888888887,0.4152777777777778,1020.0
2019-02-28,23.0,17.7,51.5972222222222,0.4979166666666667,1021.0
2019-03-01,22.0,16.6,51.54930555555555,0.43124999999999974,1024.0
2019-03-02,23.2,15.9,48.704861111111114,0.4673611111111111,1028.0
2019-03-03,26.6,15.9,53.76090225563912,0.40746268656716395,1029.0
2019-03-04,25.7,17.3,63.55972222222226,0.4527777777777778,1027.0
2019-03-05,23.9,18.1,55.41805555555555,0.39861111111111114,1025.0
2019-03-06,25.2,16.9,61.17605633802818,0.39577464788732386,1023.0
2019-03-07,23.7,18.7,69.64375000000001,0.4729166666666668,1021.0
2019-03-08,23.9,17.0,76.2416666666667,0.37777777777777777,1018.0
2019-03-09,19.7,15.5,70.51748251748255,0.43846153846153846,1018.0
2019-03-10,23.9,16.5,63.039583333333375,0.42291666666666666,1016.0
2019-03-11,25.7,16.9,62.31319444444445,0.3562500000000001,1018.0
2019-03-12,22.8,18.8,64.69225352112679,0.4605633802816901,1019.0
2019-03-13,27.6,19.1,63.22323943661972,0.3302816901408452,1019.0
2019-03-14,27.1,19.2,64.08943661971833,0.33661971830985965,1021.0
2019-03-15,25.9,20.5,66.16875000000002,0.5034722222222225,1023.0
2019-03-16,24.2,20.4,67.65277777777777,0.4097222222222221,1023.0
2019-03-17,25.5,20.3,65.84374999999993,0.398611111111111,1025.0
2019-03-18,23.1,19.2,69.35277777777779,0.45763888888888904,1024.0
2019-03-19,20.6,18.7,73.14861111111118,0.3888888888888889,1023.0
2019-03-20,22.9,19.3,62.178472222222204,0.34722222222222215,1023.0
2019-03-21,24.6,18.4,65.86944444444444,0.48819444444444404,1025.0
2019-03-22,25.6,20.1,66.90416666666668,0.3631944444444445,1025.2
2019-03-23,24.6,17.8,66.00833333333335,0.40069444444444463,1023.0
2019-03-24,22.8,18.5,66.50833333333337,0.461111111111111,1024.0
2019-03-25,24.9,20.3,59.78680555555556,0.45902777777777765,1026.0
2019-03-26,24.7,19.5,61.41805555555553,0.4506944444444447,1026.0
2019-03-27,24.4,19.1,63.16319444444446,0.38125000000000014,1021.0
2019-03-28,22.5,18.3,73.38958333333329,0.41388888888888886,1022.0
2019-03-29,24.0,18.8,64.90209790209786,0.7517482517482519,1024.0
2019-03-30,23.1,19.6,64.81944444444441,0.7756944444444449,1024.0
2019-03-31,24.0,19.1,71.0236111111111,0.49583333333333335,1022.0
2019-04-01,21.9,19.2,81.45486111111114,0.4722222222222223,1016.0
2019-04-02,22.3,16.9,58.71041666666664,0.49375000000000036,1019.0
2019-04-03,18.7,15.6,62.34166666666667,0.40486111111111084,1022.0
2019-04-04,21.5,15.6,57.968749999999986,0.32361111111111074,1021.6
2019-04-05,21.5,15.6,53.24861111111113,0.4395833333333334,1019.0
2019-04-06,17.7,14.3,74.95833333333331,0.28888888888888914,1018.0
2019-04-07,15.3,15.0,73.25714285714285,0.4875,1016.0
2019-04-08,,,,0.6,1015.0
2019-04-09,20.5,17.2,55.96666666666667,0.7,
2019-04-10,,,,,1014.0
2019-04-11,17.1,17.1,64.4,,1007.0
2019-04-12,16.6,15.6,67.8,0.75,1009.0
2019-04-13,,,,0.7,
2019-04-14,13.2,13.2,49.5,0.35,1016.0
2019-04-15,19.6,14.4,55.07884615384617,0.3547169811320754,1023.0
2019-04-16,20.0,13.6,57.94583333333331,0.36041666666666683,1028.0
2019-04-17,18.9,13.2,54.2361111111111,0.40486111111111106,1032.0
2019-04-18,19.9,13.0,55.02657342657345,0.4734265734265731,1033.0
2019-04-19,20.8,13.3,56.07152777777779,0.38125000000000026,1033.0
2019-04-20,22.0,14.0,60.12152777777779,0.3777777777777781,1030.0
2019-04-21,20.5,14.0,66.4763888888889,0.42430555555555566,1025.6
2019-04-22,18.6,13.7,74.45138888888894,0.3805555555555555,1021.0
2019-04-23,19.5,13.9,73.04166666666667,0.37569444444444433,1018.0
2019-04-24,20.7,14.1,70.40714285714286,0.5381294964028774,1016.0
2019-04-25,21.1,16.5,68.32198581560284,0.5468085106382984,1014.0
2019-04-26,21.0,16.4,64.16250000000001,0.3895833333333336,1016.0
2019-04-27,22.7,16.5,72.32569444444447,0.3090277777777777,1017.0
2019-04-28,19.4,15.6,75.32013888888892,0.2847222222222223,1013.0
2019-04-29,18.5,14.2,69.5986111111111,0.36250000000000027,1010.0
2019-04-30,18.0,13.0,53.745454545454535,0.6090909090909089,1021.7
2019-05-01,17.2,10.6,52.73125000000002,0.5277777777777781,1025.0
2019-05-02,18.6,11.3,62.02083333333334,0.4305555555555553,1024.0
2019-05-03,20.4,15.2,68.6236111111111,0.36111111111111094,1025.0
2019-05-04,19.3,13.2,72.5576388888889,0.3208333333333334,1026.0
2019-05-05,20.1,14.2,69.7711111111111,0.342962962962963,1026.0
2019-05-06,18.5,14.9,71.73819444444446,0.44583333333333336,1027.0
2019-05-07,19.5,15.4,67.63541666666667,0.45902777777777726,1027.0
2019-05-08,20.4,16.7,63.263194444444444,0.4312500000000001,1024.0
2019-05-09,21.4,15.8,65.83286713286715,0.4531468531468532,1023.0
2019-05-10,22.7,16.1,71.44583333333333,0.2979166666666668,1024.0
2019-05-11,19.4,13.1,75.82638888888886,0.42361111111111094,1025.0
2019-05-12,20.1,17.1,77.04444444444444,0.7791666666666666,1020.0
2019-05-13,19.6,14.9,62.31805555555556,0.5124999999999997,1022.0
2019-05-14,17.4,13.9,62.629861111111104,0.30972222222222223,1025.0
2019-05-15,20.6,14.3,66.5479166666667,0.2805555555555555,1021.1
2019-05-16,20.0,15.1,65.06249999999994,0.3659722222222222,1014.0
2019-05-17,17.7,13.8,58.73888888888889,0.49236111111111114,1022.0
2019-05-18,18.3,12.7,67.12291666666667,0.30555555555555586,1022.0
2019-05-19,20.4,14.0,70.04722222222223,0.2881944444444443,1018.0
2019-05-20,17.6,13.9,60.58472222222224,0.43055555555555564,1021.0
2019-05-21,17.5,14.1,59.42986111111114,0.3569444444444443,1024.0
2019-05-22,17.7,14.4,65.77708333333338,0.3729166666666666,1025.0
2019-05-23,18.0,13.5,69.88888888888887,0.3729166666666666,1025.0
2019-05-24,18.4,13.5,65.8901408450704,0.3307692307692311,1026.0
2019-05-25,19.2,13.1,66.17222222222225,0.2375000000000002,1025.0
2019-05-26,18.1,12.1,69.09930555555553,0.3548611111111113,1022.0
2019-05-27,19.1,15.3,75.38749999999997,0.34097222222222245,1018.0
2019-05-28,19.2,16.6,76.24166666666663,0.6173611111111112,1013.0
2019-05-29,20.8,14.5,62.0458333333333,0.28263888888888866,1015.0
2019-05-30,20.2,14.0,62.21527777777778,0.4388888888888889,1015.0
2019-05-31,17.3,11.9,74.03749999999997,0.3965277777777779,1007.0
2019-06-01,16.7,10.5,65.2181818181818,0.35804195804195793,998.3
2019-06-02,14.5,9.0,62.062499999999986,0.5340277777777778,1009.2
2019-06-03,14.4,9.3,55.30277777777778,0.32013888888888925,1014.0
2019-06-04,16.7,11.3,59.20138888888888,0.2902777777777778,1013.0
2019-06-05,16.6,13.3,75.57013888888892,0.4874999999999996,1008.0
2019-06-06,15.6,11.6,67.3270833333333,0.44374999999999987,1004.0
2019-06-07,13.7,10.8,69.48958333333331,0.4840277777777779,1008.0
2019-06-08,17.1,13.6,60.97013888888888,0.7951388888888886,1011.0
2019-06-09,16.9,12.8,54.397222222222204,0.384027777777778,1019.4
2019-06-10,16.6,12.8,67.78472222222223,0.22291666666666682,1020.8
2019-06-11,16.8,11.1,71.04861111111114,0.34583333333333344,1020.0
2019-06-12,16.7,12.2,74.32986111111111,0.3062500000000001,1013.8
2019-06-13,16.4,9.2,79.08124999999997,0.40486111111111156,1008.0
2019-06-14,17.5,9.3,75.50972222222225,0.46597222222222207,1007.0
2019-06-15,19.0,14.2,72.55277777777778,0.34166666666666673,1010.0
2019-06-16,18.5,12.9,66.20138888888887,0.31319444444444433,1015.0
2019-06-17,16.5,12.1,64.12152777777777,0.3368055555555556,1017.0
2019-06-18,15.3,10.4,59.99097222222221,0.44999999999999996,1022.0
2019-06-19,13.9,8.9,59.92430555555555,0.49444444444444446,1024.0
2019-06-20,15.7,12.0,66.22291666666663,0.8437500000000001,1024.0
2019-06-21,16.8,14.0,77.0638888888889,0.47638888888888886,1016.0
2019-06-22,14.6,11.7,70.03958333333337,0.39513888888888915,1012.2
2019-06-23,16.8,11.7,70.96249999999999,0.36805555555555564,1008.0
2019-06-24,15.5,11.0,71.31388888888888,0.47777777777777797,1020.0
2019-06-25,14.7,10.1,59.629166666666656,0.5041666666666664,1028.0
2019-06-26,14.4,9.5,65.45208333333333,0.5680555555555554,1032.0
2019-06-27,14.2,8.8,65.72013888888887,0.45763888888888893,1035.0
2019-06-28,16.1,10.6,62.351388888888856,0.3743055555555556,1036.7
2019-06-29,15.2,10.3,56.841666666666676,0.44166666666666676,1036.5
2019-06-30,15.1,8.9,62.58958333333336,0.5500000000000003,1033.0
2019-07-01,16.1,12.2,72.78888888888892,0.6124999999999998,1030.0
2019-07-02,16.6,13.4,74.17916666666663,0.5805555555555557,1029.0
2019-07-03,17.9,15.4,80.13541666666667,0.8680555555555558,1026.0
2019-07-04,16.8,12.3,83.03263888888888,0.8895833333333333,1023.0
2019-07-05,13.0,9.9,69.43194444444447,0.530555555555556,1020.0
2019-07-06,14.6,7.7,63.89583333333334,0.5812499999999999,1025.0
2019-07-07,13.2,7.6,62.7723404255319,0.4319148936170215,1025.0
2019-07-08,15.8,10.9,66.74097222222224,0.47430555555555554,1015.0
2019-07-09,15.1,10.2,75.31527777777775,0.3965277777777781,1014.0
2019-07-10,15.2,9.2,74.37777777777778,0.4076388888888887,1016.0
2019-07-11,16.5,11.9,76.96041666666667,0.2555555555555559,1018.0
2019-07-12,15.5,12.1,80.48680555555558,0.3611111111111114,1017.0
2019-07-13,18.5,12.5,71.65763888888888,0.2729166666666667,1017.0
2019-07-14,17.0,10.5,75.02083333333336,0.3888888888888889,1012.0
2019-07-15,17.2,10.6,63.925694444444424,0.3881944444444444,1007.0
2019-07-16,16.2,11.9,70.21527777777773,0.4680555555555556,1000.0
2019-07-17,17.3,11.7,66.23006993006996,0.4027972027972029,1003.0
2019-07-18,16.2,11.1,66.27499999999999,0.3333333333333333,1009.0
2019-07-19,15.6,12.2,78.45208333333329,0.6270833333333335,1007.0
2019-07-20,17.2,11.1,74.37916666666668,0.26805555555555594,1004.0
2019-07-21,16.1,9.7,68.64722222222225,0.340277777777778,1010.0
2019-07-22,15.8,9.9,72.96597222222218,0.5381944444444445,1014.0
2019-07-23,15.7,10.6,71.91805555555558,0.5340277777777777,1015.0
2019-07-24,15.3,9.4,70.41319444444441,0.5590277777777776,1015.5
2019-07-25,14.6,8.4,75.70347222222222,0.5298611111111112,1016.0
2019-07-26,15.9,12.8,76.6854166666667,0.6576388888888889,1022.0
2019-07-27,16.4,12.3,71.36666666666663,0.6375000000000004,1025.0
2019-07-28,15.6,12.0,68.71041666666663,0.5888888888888889,1025.0
2019-07-29,16.2,12.9,74.82916666666672,0.6055555555555555,1019.0
2019-07-30,17.2,12.2,71.52777777777783,0.2715277777777779,1008.0
2019-07-31,16.3,8.3,66.50486111111111,0.3777777777777776,1002.0
2019-08-01,12.9,8.4,65.25138888888885,0.5145833333333331,1008.0
2019-08-02,17.3,10.5,60.622222222222234,0.5666666666666668,1009.0
2019-08-03,14.8,9.5,66.29097222222225,0.7194444444444447,1010.0
2019-08-04,15.8,9.6,70.11134751773051,0.5014184397163122,1009.0
2019-08-05,12.3,8.7,62.15069444444446,0.7083333333333333,1016.0
2019-08-06,16.1,10.4,63.16874999999998,0.38263888888888914,1018.0
2019-08-07,16.5,10.0,68.26875000000004,0.2569444444444446,1018.0
2019-08-08,16.7,10.9,78.16875,0.30138888888888876,1014.0
2019-08-09,15.3,12.2,81.53819444444447,0.41666666666666685,1006.0
2019-08-10,18.3,13.2,71.0451388888889,0.33680555555555536,1001.0
2019-08-11,19.2,11.7,69.44236111111111,0.4076388888888888,1000.0
2019-08-12,16.8,11.0,71.8307692307692,0.39720279720279744,998.1
2019-08-13,16.6,11.1,68.1943661971831,0.5139860139860138,1007.0
2019-08-14,17.0,11.6,64.80833333333337,0.6013888888888888,1015.0
2019-08-15,14.8,10.2,67.57916666666671,0.6111111111111113,1018.0
2019-08-16,15.9,10.6,66.02569444444447,0.37291666666666695,1017.0
2019-08-17,16.5,11.2,72.06250000000001,0.24583333333333313,1014.0
2019-08-18,12.6,8.3,72.14444444444446,0.5173611111111109,1022.0
2019-08-19,13.4,6.4,55.02916666666666,0.7395833333333331,1024.0
2019-08-20,14.2,10.3,67.3291666666667,1.0270833333333331,1020.0
2019-08-21,16.5,11.4,67.64513888888885,0.4993055555555558,997.9
2019-08-22,16.1,11.3,72.2909090909091,0.4069930069930073,998.0
2019-08-23,14.0,10.5,77.46071428571426,0.3921428571428572,997.2
2019-08-24,16.0,10.4,60.65555555555558,0.86875,1009.0
2019-08-25,16.7,12.2,59.64930555555556,0.6500000000000001,1013.0
2019-08-26,17.0,13.1,63.913888888888906,0.5000000000000001,1014.0
2019-08-27,15.9,11.5,55.10416666666667,0.64375,1020.0
2019-08-28,17.2,11.0,59.56736111111107,0.5999999999999996,1022.0
2019-08-29,17.2,9.8,66.19999999999996,0.4256944444444447,1022.0
2019-08-30,16.7,11.1,66.75277777777778,0.274305555555556,1022.0
2019-08-31,16.4,11.8,61.827083333333334,0.678472222222222,1026.0
2019-09-01,16.8,9.7,65.06115107913668,0.5338129496402871,1028.0
2019-09-02,16.6,11.2,66.87777777777775,0.6152777777777778,1024.0
2019-09-03,15.6,13.1,76.85,1.1173611111111106,1016.0
2019-09-04,18.2,14.8,79.69930555555557,0.815972222222222,1002.0
2019-09-05,17.7,12.6,76.85069444444446,0.931944444444444,991.2
2019-09-06,16.6,10.8,62.98472222222223,0.7097222222222217,997.8
2019-09-07,18.0,10.1,59.3638888888889,0.5319444444444441,1007.0
2019-09-08,18.7,11.6,70.05486111111117,0.39097222222222255,1006.0
2019-09-09,16.8,12.5,76.07500000000002,0.7694444444444443,999.5
2019-09-10,14.1,11.7,68.65833333333333,0.8527777777777776,1002.0
2019-09-11,16.3,10.1,63.684027777777764,0.6708333333333332,1014.0
2019-09-12,16.5,10.8,59.42083333333331,0.6625000000000002,1017.0
2019-09-13,18.6,12.7,64.69791666666666,0.31111111111111134,1017.0
2019-09-14,17.6,12.4,67.44027777777777,0.6027777777777779,1015.0
2019-09-15,17.5,11.6,62.3263888888889,0.3187500000000001,1013.0
2019-09-16,17.8,11.8,61.34236111111113,0.5861111111111108,1018.0
2019-09-17,20.2,13.5,64.70486111111113,0.4375,1024.0
2019-09-18,16.8,12.3,50.65624999999999,0.5638888888888887,1030.0
2019-09-19,17.1,11.4,65.29861111111114,0.557638888888889,1032.0
2019-09-20,16.1,11.0,60.641666666666666,0.5249999999999997,1033.0
2019-09-21,18.9,11.4,54.40208333333333,0.5097222222222224,1035.0
2019-09-22,17.4,12.2,59.972916666666684,0.6409722222222222,1032.0
2019-09-23,18.6,13.4,53.655555555555544,0.32847222222222244,1027.0
2019-09-24,16.3,11.4,70.71944444444445,0.5395833333333334,1014.0
2019-09-25,15.9,10.1,66.08819444444444,0.5479166666666668,1008.0
2019-09-26,15.4,10.0,56.13333333333332,0.8868055555555554,1012.0
2019-09-27,17.6,11.8,61.2208333333333,0.5541666666666666,1017.0
2019-09-28,17.6,12.0,66.27152777777782,0.3506944444444447,1020.0
2019-09-29,19.5,12.2,64.05138888888888,0.23819444444444451,1019.2
2019-09-30,19.7,14.1,68.91180555555557,0.4305555555555555,1015.0
2019-10-01,16.6,9.8,63.41111111111114,0.3888888888888889,1009.0
2019-10-02,17.0,9.8,61.41736111111111,0.7277777777777776,1012.4
2019-10-03,15.9,9.7,62.696527777777796,0.5743055555555555,1015.0
2019-10-04,16.8,10.4,62.58541666666666,0.5416666666666664,1017.0
2019-10-05,19.0,12.0,68.90069444444445,0.21041666666666686,1017.0
2019-10-06,17.9,11.6,64.83405797101447,0.5108695652173914,1020.0
2019-10-07,16.8,13.8,74.0847222222222,0.7062500000000004,1022.0
2019-10-08,19.7,14.0,69.42916666666665,0.24861111111111128,1022.0
2019-10-09,19.5,13.7,72.78958333333334,0.7187499999999999,1022.0
2019-10-10,18.3,16.1,78.3701388888889,1.116666666666667,1018.9
2019-10-11,18.6,15.3,76.20138888888894,0.4861111111111107,1014.0
2019-10-12,18.7,14.1,61.320138888888856,0.5395833333333333,1017.0
2019-10-13,19.3,13.0,55.49097222222222,0.5430555555555555,1019.0
2019-10-14,15.6,13.0,70.43263888888889,1.1236111111111113,1016.0
2019-10-15,17.7,13.3,78.55624999999998,0.9986111111111116,995.1
2019-10-16,17.5,13.3,63.76597222222223,0.7902777777777775,1009.3
2019-10-17,18.6,13.1,63.35734265734262,0.39720279720279716,1017.0
2019-10-18,20.3,13.4,63.23263888888888,0.3611111111111111,1017.0
2019-10-19,20.1,15.0,65.43749999999997,0.4361111111111112,1016.0
2019-10-20,20.7,14.3,53.990277777777756,0.3111111111111111,1017.0
2019-10-21,20.4,13.5,60.131249999999994,0.3229166666666665,1015.0
2019-10-22,19.5,13.5,63.76180555555558,0.4041666666666664,1009.0
2019-10-23,15.7,10.9,58.40833333333334,0.6194444444444445,1010.9
2019-10-24,17.7,12.1,57.403472222222234,0.5034722222222223,1011.0
2019-10-25,17.3,12.5,51.32916666666663,0.7013888888888887,1012.8
2019-10-26,19.0,12.7,54.73472222222223,0.5527777777777778,1016.0
2019-10-27,22.0,13.8,55.872222222222234,0.37222222222222207,1017.0
2019-10-28,22.9,14.3,66.6826388888889,0.31458333333333344,1016.0
2019-10-29,19.2,13.0,60.206250000000054,0.5972222222222221,1013.0
2019-10-30,18.2,12.1,53.068750000000016,0.6194444444444444,1013.0
2019-10-31,20.0,13.3,57.451388888888886,0.615972222222222,1014.0
2019-11-01,17.6,13.2,50.53958333333334,0.7083333333333335,1017.0
2019-11-02,19.4,13.0,57.938194444444434,0.611111111111111,1023.0
2019-11-03,22.7,13.7,59.41478873239435,0.5246478873239436,1024.0
2019-11-04,23.5,14.5,59.72222222222222,0.518055555555556,1023.0
2019-11-05,26.5,14.3,54.511111111111106,0.3868055555555553,1018.0
2019-11-06,25.9,15.8,53.26041666666668,0.4694444444444445,1014.0
2019-11-07,22.6,17.5,69.38611111111119,0.6138888888888887,1015.0
2019-11-08,22.5,17.6,73.63541666666664,0.6041666666666665,1016.0
2019-11-09,20.1,17.8,75.75902777777776,1.0895833333333325,1015.0
2019-11-10,22.4,15.0,77.93680555555551,0.7819444444444448,1007.0
2019-11-11,19.5,14.3,56.40555555555556,0.49583333333333357,1002.0
2019-11-12,16.7,11.5,58.18819444444445,0.5048611111111111,1012.0
2019-11-13,21.8,13.4,54.09166666666667,0.3319444444444447,1013.0
2019-11-14,22.8,15.1,60.853472222222194,0.3444444444444443,1008.0
2019-11-15,22.6,14.3,49.35069444444443,0.3104166666666667,1016.0
2019-11-16,23.9,15.3,63.747222222222234,0.24236111111111125,1018.0
2019-11-17,21.5,16.3,68.36319444444446,0.41458333333333325,1018.0
2019-11-18,23.7,14.3,74.05277777777776,0.4701388888888889,1012.0
2019-11-19,19.3,13.3,53.1937062937063,0.3748251748251746,1012.9
2019-11-20,22.3,13.6,56.83333333333334,0.4430555555555557,1014.0
2019-11-21,20.8,14.1,48.96041666666666,0.5736111111111107,1020.0
2019-11-22,20.8,13.8,58.03680555555554,0.5638888888888892,1021.0
2019-11-23,22.3,15.5,62.40416666666663,0.5097222222222222,1019.0
2019-11-24,21.2,15.9,65.52916666666663,0.5027777777777778,1015.0
2019-11-25,22.3,16.3,64.01538461538463,0.5209790209790212,1016.0
2019-11-26,23.5,15.5,64.98750000000003,0.585416666666667,1018.0
2019-11-27,25.8,16.6,60.620833333333366,0.41041666666666643,1017.0
2019-11-28,22.2,18.6,62.51468531468528,0.4384615384615385,1016.5
2019-11-29,24.0,19.0,61.39444444444445,0.49374999999999986,1017.0
2019-11-30,24.0,18.4,65.6861111111111,0.5555555555555557,1017.0
2019-12-01,23.8,18.5,68.9274647887324,0.4556338028169014,1015.0
2019-12-02,23.2,18.9,70.2125,0.5291666666666669,1013.0
2019-12-03,24.3,18.0,66.9326388888889,0.46597222222222207,1010.0
2019-12-04,25.8,17.3,58.02222222222221,0.3944444444444446,1011.0
2019-12-05,26.2,17.9,59.48402777777778,0.38750000000000007,1012.0
2019-12-06,24.3,18.0,66.76805555555555,0.4861111111111113,1015.0
2019-12-07,25.4,19.7,67.8388888888889,0.33333333333333326,1017.0
2019-12-08,24.7,18.0,69.54236111111113,0.48749999999999993,1016.0
2019-12-09,23.1,16.2,53.92708333333334,0.49791666666666656,1014.0
2019-12-10,22.6,15.7,49.09230769230769,0.544055944055944,1013.7
2019-12-11,25.0,15.0,48.96126760563379,0.5274647887323946,1012.0
2019-12-12,27.6,16.8,57.788888888888906,0.3958333333333334,1009.0
2019-12-13,26.2,17.3,57.13055555555555,0.39513888888888854,1008.2
2019-12-14,23.5,18.1,60.43656716417909,0.3731343283582091,1012.0
2019-12-15,23.5,17.1,59.505555555555574,0.376388888888889,1013.0
2019-12-16,23.1,19.6,72.52708333333332,0.4868055555555557,1012.4
2019-12-17,21.4,15.3,79.23333333333339,0.6145833333333331,1007.0
2019-12-18,21.8,15.5,58.40979020979021,0.3895104895104893,1013.0
2019-12-19,23.9,15.7,47.609722222222224,0.36875000000000013,1017.0
2019-12-20,23.8,15.2,64.19454545454546,0.46181818181818185,1015.5
2019-12-21,21.8,13.4,52.04861111111113,0.5076388888888892,1012.0
2019-12-22,22.8,13.2,49.218749999999986,0.626388888888889,1012.0
2019-12-23,21.5,16.7,64.7597222222222,0.4493055555555557,1007.0
2019-12-24,23.1,17.6,65.19097222222223,0.4083333333333332,1009.0
2019-12-25,24.2,17.1,59.543055555555526,0.40763888888888866,1015.0
2019-12-26,23.9,16.3,59.71597222222223,0.33402777777777776,1018.0
2019-12-27,23.6,16.5,56.117361111111094,0.44375,1019.0
2019-12-28,22.3,16.4,51.37499999999999,0.5020833333333335,1018.0
2019-12-29,22.6,15.0,49.0451388888889,0.49097222222222214,1019.0
2019-12-30,23.1,16.3,62.92638888888887,0.31944444444444453,1017.0
2019-12-31,24.9,17.8,56.08263888888885,0.4340277777777776,1017.0
2020-01-01,24.8,17.5,63.17222222222222,0.4243055555555555,1018.0
