Date(NZST),Tmax(C),Tmin(C)
2017-01-01,22.8,12.3
2017-01-02,24.5,16.8
2017-01-03,24.4,19.1
2017-01-04,24.6,16.4
2017-01-05,20.7,13.4
2017-01-06,20.3,7.9
2017-01-07,22.5,12.9
2017-01-08,21.6,15.2
2017-01-09,20.8,15.2
2017-01-10,23.0,16.0
2017-01-11,22.4,18.4
2017-01-12,23.7,15.0
2017-01-13,24.7,18.6
2017-01-14,22.7,12.7
2017-01-15,25.6,18.1
2017-01-16,25.4,15.1
2017-01-17,22.4,14.8
2017-01-18,23.0,12.7
2017-01-19,24.4,17.0
2017-01-20,21.2,12.7
2017-01-21,21.4,8.9
2017-01-22,23.4,16.4
2017-01-23,22.3,14.6
2017-01-24,21.2,13.9
2017-01-25,22.8,14.0
2017-01-26,22.3,11.6
2017-01-27,21.7,12.6
2017-01-28,22.0,14.1
2017-01-29,24.2,11.8
2017-01-30,25.1,12.6
2017-01-31,24.2,17.5
2017-02-01,25.1,13.7
2017-02-02,24.3,17.4
2017-02-03,25.2,18.7
2017-02-04,24.8,10.8
2017-02-05,23.8,14.4
2017-02-06,25.1,12.2
2017-02-07,28.5,17.7
2017-02-08,28.5,18.7
2017-02-09,22.2,14.4
2017-02-10,23.6,12.5
2017-02-11,23.1,11.9
2017-02-12,22.8,10.4
2017-02-13,25.1,16.7
2017-02-14,26.6,17.7
2017-02-15,20.1,17.3
2017-02-16,23.6,14.0
2017-02-17,20.4,14.7
2017-02-18,23.8,18.1
2017-02-19,25.8,20.1
2017-02-20,26.2,19.0
2017-02-21,26.0,16.8
2017-02-22,24.7,14.2
2017-02-23,25.3,14.7
2017-02-24,26.5,17.1
2017-02-25,26.2,15.3
2017-02-26,25.2,12.7
2017-02-27,24.9,13.0
2017-02-28,26.3,16.1
2017-03-01,25.6,15.4
2017-03-02,24.7,14.7
2017-03-03,23.5,11.9
2017-03-04,24.4,13.5
2017-03-05,24.5,16.8
2017-03-06,24.0,12.2
2017-03-07,23.6,14.1
2017-03-08,22.7,15.5
2017-03-09,20.1,15.4
2017-03-10,22.3,19.8
2017-03-11,22.6,18.6
2017-03-12,23.3,20.0
2017-03-13,22.6,17.8
2017-03-14,22.8,12.9
2017-03-15,21.9,12.4
2017-03-16,22.6,9.4
2017-03-17,22.7,11.2
2017-03-18,24.3,14.6
2017-03-19,22.7,12.3
2017-03-20,24.5,10.4
2017-03-21,23.3,15.8
2017-03-22,21.8,18.1
2017-03-23,25.0,18.7
2017-03-24,23.4,13.5
2017-03-25,23.0,16.9
2017-03-26,23.4,18.3
2017-03-27,23.4,17.9
2017-03-28,24.5,17.0
2017-03-29,25.0,17.2
2017-03-30,20.8,17.0
2017-03-31,23.6,14.7
2017-04-01,23.0,11.8
2017-04-02,23.9,13.6
2017-04-03,24.4,19.0
2017-04-04,26.7,19.9
2017-04-05,22.6,17.1
2017-04-06,24.1,15.2
2017-04-07,21.0,14.7
2017-04-08,20.2,9.8
2017-04-09,22.1,12.1
2017-04-10,21.2,13.2
2017-04-11,23.5,16.1
2017-04-12,24.4,20.2
2017-04-13,21.0,18.5
2017-04-14,19.8,16.0
2017-04-15,22.6,15.2
2017-04-16,21.2,12.3
2017-04-17,21.3,12.7
2017-04-18,19.8,10.6
2017-04-19,21.0,8.2
2017-04-20,20.4,9.6
2017-04-21,20.0,9.4
2017-04-22,18.8,13.0
2017-04-23,20.8,10.4
2017-04-24,20.9,14.4
2017-04-25,20.0,7.7
2017-04-26,21.0,7.4
2017-04-27,22.0,7.9
2017-04-28,21.4,9.5
2017-04-29,22.6,15.1
2017-04-30,18.7,16.8
2017-05-01,19.1,12.2
2017-05-02,16.8,4.3
2017-05-03,16.6,3.4
2017-05-04,17.6,9.5
2017-05-05,17.7,13.4
2017-05-06,18.2,6.1
2017-05-07,19.0,6.4
2017-05-08,20.2,8.9
2017-05-09,20.4,8.0
2017-05-10,21.6,12.1
2017-05-11,20.9,16.2
2017-05-12,19.1,15.0
2017-05-13,16.1,11.3
2017-05-14,15.8,3.0
2017-05-15,17.1,9.2
2017-05-16,18.8,8.3
2017-05-17,18.6,12.7
2017-05-18,21.4,15.9
2017-05-19,17.8,13.5
2017-05-20,16.7,12.4
2017-05-21,16.9,8.2
2017-05-22,14.4,0.4
2017-05-23,14.9,0.6
2017-05-24,16.5,5.5
2017-05-25,19.8,7.7
2017-05-26,17.6,7.5
2017-05-27,19.6,13.9
2017-05-28,20.5,11.2
2017-05-29,18.8,10.8
2017-05-30,19.1,10.4
2017-05-31,18.1,10.0
2017-06-01,18.3,7.4
2017-06-02,18.5,10.5
2017-06-03,16.1,11.1
2017-06-04,16.5,4.8
2017-06-05,16.6,7.2
2017-06-06,17.0,3.8
2017-06-07,16.2,5.6
2017-06-08,16.6,5.0
2017-06-09,14.5,2.4
2017-06-10,15.3,7.1
2017-06-11,16.9,5.2
2017-06-12,15.8,6.6
2017-06-13,17.4,9.6
2017-06-14,17.6,12.9
2017-06-15,15.7,7.9
2017-06-16,15.7,9.8
2017-06-17,17.5,6.4
2017-06-18,16.1,7.2
2017-06-19,17.8,9.6
2017-06-20,18.0,8.2
2017-06-21,18.2,11.4
2017-06-22,16.0,13.8
2017-06-23,16.8,13.9
2017-06-24,18.4,12.6
2017-06-25,15.3,7.3
2017-06-26,17.5,6.8
2017-06-27,15.1,2.7
2017-06-28,14.4,1.9
2017-06-29,16.0,6.9
2017-06-30,17.0,2.7
2017-07-01,16.4,7.1
2017-07-02,15.7,6.9
2017-07-03,16.0,8.7
2017-07-04,15.4,5.4
2017-07-05,16.6,7.7
2017-07-06,15.1,9.1
2017-07-07,16.5,10.6
2017-07-08,16.8,7.0
2017-07-09,17.3,9.0
2017-07-10,15.7,8.8
2017-07-11,15.9,4.8
2017-07-12,16.1,7.5
2017-07-13,13.3,3.2
2017-07-14,11.6,5.9
2017-07-15,11.7,4.8
2017-07-16,14.8,3.1
2017-07-17,16.5,3.5
2017-07-18,15.6,7.5
2017-07-19,18.3,5.3
2017-07-20,17.3,6.6
2017-07-21,16.9,11.2
2017-07-22,14.5,10.0
2017-07-23,16.0,7.2
2017-07-24,16.9,9.4
2017-07-25,15.9,8.7
2017-07-26,16.0,6.8
2017-07-27,16.2,5.5
2017-07-28,15.3,9.5
2017-07-29,15.3,2.6
2017-07-30,11.5,-1.4
2017-07-31,13.6,0.2
2017-08-01,14.0,4.9
2017-08-02,17.2,9.0
2017-08-03,16.4,10.7
2017-08-04,14.7,2.3
2017-08-05,15.0,2.5
2017-08-06,15.4,6.2
2017-08-07,17.0,12.6
2017-08-08,19.5,12.0
2017-08-09,17.8,14.3
2017-08-10,16.0,11.1
2017-08-11,17.0,7.4
2017-08-12,16.6,10.6
2017-08-13,18.0,7.2
2017-08-14,17.9,9.8
2017-08-15,15.4,6.8
2017-08-16,16.0,8.3
2017-08-17,16.8,8.5
2017-08-18,16.9,8.3
2017-08-19,16.8,10.0
2017-08-20,17.0,10.3
2017-08-21,16.6,10.3
2017-08-22,15.9,5.1
2017-08-23,16.1,1.7
2017-08-24,16.4,3.2
2017-08-25,16.9,4.9
2017-08-26,17.0,7.7
2017-08-27,17.4,12.6
2017-08-28,16.8,13.6
2017-08-29,17.4,8.3
2017-08-30,19.1,7.4
2017-08-31,17.4,11.4
2017-09-01,19.0,7.6
2017-09-02,17.4,11.6
2017-09-03,16.5,10.1
2017-09-04,15.8,7.2
2017-09-05,17.8,9.1
2017-09-06,18.2,12.6
2017-09-07,16.0,12.3
2017-09-08,17.4,9.8
2017-09-09,17.0,11.5
2017-09-10,14.6,6.5
2017-09-11,13.8,7.2
2017-09-12,13.9,7.7
2017-09-13,15.7,8.6
2017-09-14,17.4,13.4
2017-09-15,18.9,12.2
2017-09-16,21.0,11.9
2017-09-17,17.4,6.0
2017-09-18,18.8,8.6
2017-09-19,14.0,8.6
2017-09-20,16.6,4.0
2017-09-21,19.0,11.3
2017-09-22,17.7,8.5
2017-09-23,16.6,10.2
2017-09-24,17.9,10.3
2017-09-25,18.9,12.5
2017-09-26,18.8,14.4
2017-09-27,19.4,12.0
2017-09-28,19.4,9.9
2017-09-29,19.5,7.7
2017-09-30,18.1,9.8
2017-10-01,17.9,9.5
2017-10-02,15.9,10.3
2017-10-03,16.4,11.5
2017-10-04,18.2,11.9
2017-10-05,18.4,11.8
2017-10-06,18.9,10.3
2017-10-07,19.6,12.0
2017-10-08,18.4,13.6
2017-10-09,20.1,13.6
2017-10-10,18.8,13.4
2017-10-11,18.7,13.1
2017-10-12,17.3,10.3
2017-10-13,18.4,9.3
2017-10-14,18.0,13.4
2017-10-15,21.5,8.6
2017-10-16,18.0,10.0
2017-10-17,18.4,12.1
2017-10-18,17.7,11.6
2017-10-19,17.3,6.0
2017-10-20,17.2,12.0
2017-10-21,17.2,12.1
2017-10-22,17.8,13.2
2017-10-23,17.4,11.5
2017-10-24,18.6,7.2
2017-10-25,19.7,12.0
2017-10-26,18.0,12.9
2017-10-27,19.6,15.2
2017-10-28,19.2,15.1
2017-10-29,19.6,15.4
2017-10-30,21.5,15.1
2017-10-31,20.7,12.4
2017-11-01,21.5,14.2
2017-11-02,21.1,14.9
2017-11-03,20.8,15.8
2017-11-04,21.4,16.4
2017-11-05,20.5,13.4
2017-11-06,22.6,11.1
2017-11-07,19.2,6.3
2017-11-08,19.1,14.4
2017-11-09,18.9,9.6
2017-11-10,18.9,10.8
2017-11-11,17.9,11.7
2017-11-12,18.8,9.1
2017-11-13,18.8,7.2
2017-11-14,20.7,10.1
2017-11-15,20.1,8.7
2017-11-16,20.7,9.9
2017-11-17,21.3,13.0
2017-11-18,22.1,13.9
2017-11-19,20.8,11.6
2017-11-20,20.1,12.9
2017-11-21,24.0,10.8
2017-11-22,23.9,13.3
2017-11-23,22.8,10.8
2017-11-24,25.0,12.4
2017-11-25,24.9,13.4
2017-11-26,22.5,16.0
2017-11-27,22.6,14.4
2017-11-28,23.4,15.7
2017-11-29,23.6,13.4
2017-11-30,24.2,14.8
2017-12-01,24.1,13.8
2017-12-02,23.8,12.6
2017-12-03,23.7,12.3
2017-12-04,25.5,12.9
2017-12-05,26.7,15.9
2017-12-06,25.7,15.4
2017-12-07,26.0,14.8
2017-12-08,25.2,17.3
2017-12-09,25.8,17.5
2017-12-10,25.3,15.7
2017-12-11,25.5,17.9
2017-12-12,27.9,17.8
2017-12-13,25.2,16.8
2017-12-14,25.0,15.3
2017-12-15,25.7,16.4
2017-12-16,25.2,13.8
2017-12-17,25.7,17.0
2017-12-18,26.5,15.3
2017-12-19,24.0,13.8
2017-12-20,23.6,17.7
2017-12-21,21.9,14.0
2017-12-22,24.3,16.0
2017-12-23,26.1,18.1
2017-12-24,24.9,18.1
2017-12-25,25.0,16.8
2017-12-26,25.1,17.4
2017-12-27,23.2,15.2
2017-12-28,23.8,12.1
2017-12-29,20.9,14.8
2017-12-30,23.9,13.9
2017-12-31,26.5,11.5
2018-01-01,25.2,17.8
2018-01-02,25.0,16.5
2018-01-03,27.1,17.3
2018-01-04,26.8,20.8
2018-01-05,22.0,18.8
2018-01-06,21.8,18.0
2018-01-07,22.6,17.5
2018-01-08,23.8,15.2
2018-01-09,24.4,13.3
2018-01-10,27.4,15.7
2018-01-11,26.5,16.3
2018-01-12,26.6,16.8
2018-01-13,29.1,20.4
2018-01-14,26.3,19.9
2018-01-15,26.8,20.0
2018-01-16,26.8,20.0
2018-01-17,25.7,19.4
2018-01-18,24.8,19.4
2018-01-19,21.2,19.0
2018-01-20,26.3,20.2
2018-01-21,26.7,20.0
2018-01-22,27.1,18.8
2018-01-23,25.3,18.6
2018-01-24,27.4,17.7
2018-01-25,27.0,18.1
2018-01-26,27.0,20.7
2018-01-27,28.4,17.6
2018-01-28,28.0,17.9
2018-01-29,28.8,19.6
2018-01-30,28.1,18.9
2018-01-31,27.3,20.0
2018-02-01,26.8,21.2
2018-02-02,22.6,16.0
2018-02-03,24.0,13.7
2018-02-04,22.9,14.6
2018-02-05,23.2,15.8
2018-02-06,25.8,12.4
2018-02-07,24.3,15.1
2018-02-08,25.5,14.7
2018-02-09,22.8,15.0
2018-02-10,21.4,15.9
2018-02-11,22.7,21.2
2018-02-12,23.2,19.5
2018-02-13,27.6,22.1
2018-02-14,23.9,21.0
2018-02-15,26.6,18.4
2018-02-16,26.6,14.2
2018-02-17,29.1,17.6
2018-02-18,26.8,18.2
2018-02-19,27.7,21.1
2018-02-20,28.0,21.3
2018-02-21,26.9,17.9
2018-02-22,24.2,15.7
2018-02-23,23.0,13.1
2018-02-24,24.4,12.4
2018-02-25,24.7,12.0
2018-02-26,27.1,13.9
2018-02-27,25.2,18.6
2018-02-28,25.5,19.6
2018-03-01,23.8,18.8
2018-03-02,25.1,19.0
2018-03-03,26.0,18.9
2018-03-04,26.6,19.6
2018-03-05,27.4,15.7
2018-03-06,28.5,15.5
2018-03-07,28.5,19.4
2018-03-08,26.5,14.5
2018-03-09,22.6,14.9
2018-03-10,26.6,12.5
2018-03-11,25.4,14.3
2018-03-12,23.6,15.2
2018-03-13,18.4,15.6
2018-03-14,23.4,14.4
2018-03-15,22.8,10.7
2018-03-16,22.2,12.0
2018-03-17,24.2,12.8
2018-03-18,23.9,15.7
2018-03-19,24.4,14.7
2018-03-20,24.9,13.8
2018-03-21,25.8,13.3
2018-03-22,25.5,12.7
2018-03-23,24.6,16.3
2018-03-24,24.1,16.9
2018-03-25,23.5,16.0
2018-03-26,24.7,12.8
2018-03-27,25.2,14.6
2018-03-28,23.5,13.8
2018-03-29,24.6,16.7
2018-03-30,26.6,16.7
2018-03-31,24.6,12.9
2018-04-01,24.7,13.3
2018-04-02,22.6,11.6
2018-04-03,22.7,10.6
2018-04-04,25.2,13.6
2018-04-05,25.6,12.5
2018-04-06,23.4,10.6
2018-04-07,24.7,11.4
2018-04-08,24.2,10.1
2018-04-09,22.4,8.8
2018-04-10,22.5,16.5
2018-04-11,21.6,8.2
2018-04-12,14.7,7.9
2018-04-13,18.4,13.1
2018-04-14,19.9,14.5
2018-04-15,20.8,14.9
2018-04-16,23.2,17.1
2018-04-17,23.2,15.0
2018-04-18,24.4,16.0
2018-04-19,18.9,9.7
2018-04-20,19.9,10.9
2018-04-21,20.6,12.3
2018-04-22,20.9,12.7
2018-04-23,19.9,10.5
2018-04-24,18.3,12.8
2018-04-25,18.4,8.9
2018-04-26,20.6,7.5
2018-04-27,20.9,10.2
2018-04-28,20.4,14.4
2018-04-29,19.5,17.2
2018-04-30,22.8,15.6
2018-05-01,21.1,13.9
2018-05-02,21.5,13.9
2018-05-03,22.2,7.0
2018-05-04,18.2,5.7
2018-05-05,19.8,8.4
2018-05-06,19.3,11.1
2018-05-07,20.6,10.2
2018-05-08,19.0,8.8
2018-05-09,19.7,8.7
2018-05-10,20.9,9.2
2018-05-11,20.0,13.7
2018-05-12,20.5,16.8
2018-05-13,18.9,16.9
2018-05-14,23.4,16.0
2018-05-15,23.7,17.0
2018-05-16,22.1,15.3
2018-05-17,21.6,12.1
2018-05-18,17.4,7.9
2018-05-19,19.3,9.3
2018-05-20,19.6,7.6
2018-05-21,19.8,11.4
2018-05-22,20.2,12.6
2018-05-23,19.4,10.5
2018-05-24,14.9,9.0
2018-05-25,17.2,12.3
2018-05-26,16.5,6.7
2018-05-27,15.8,11.3
2018-05-28,16.6,6.9
2018-05-29,12.6,1.4
2018-05-30,14.2,0.9
2018-05-31,13.9,1.3
2018-06-01,15.2,1.2
2018-06-02,17.0,6.2
2018-06-03,16.4,13.2
2018-06-04,17.0,12.3
2018-06-05,16.9,13.8
2018-06-06,17.0,10.2
2018-06-07,12.8,5.2
2018-06-08,13.2,7.2
2018-06-09,16.5,3.1
2018-06-10,17.1,5.6
2018-06-11,14.9,9.5
2018-06-12,12.9,10.3
2018-06-13,15.0,12.4
2018-06-14,17.1,7.4
2018-06-15,17.4,6.2
2018-06-16,18.1,11.4
2018-06-17,19.4,8.9
2018-06-18,17.8,8.8
2018-06-19,19.2,10.9
2018-06-20,18.6,11.1
2018-06-21,13.0,9.5
2018-06-22,12.6,3.0
2018-06-23,14.8,4.0
2018-06-24,15.9,7.9
2018-06-25,16.9,10.7
2018-06-26,13.2,7.0
2018-06-27,12.5,0.7
2018-06-28,14.3,3.0
2018-06-29,14.7,6.0
2018-06-30,12.6,0.5
2018-07-01,15.2,4.4
2018-07-02,14.3,7.9
2018-07-03,16.5,4.9
2018-07-04,14.1,-0.2
2018-07-05,14.3,4.2
2018-07-06,14.2,4.9
2018-07-07,15.8,4.2
2018-07-08,15.7,6.4
2018-07-09,17.1,11.9
2018-07-10,16.3,7.8
2018-07-11,15.2,3.8
2018-07-12,15.7,5.0
2018-07-13,16.4,2.2
2018-07-14,15.4,5.8
2018-07-15,16.1,12.6
2018-07-16,14.0,8.1
2018-07-17,17.1,5.8
2018-07-18,17.3,5.7
2018-07-19,16.2,7.7
2018-07-20,16.9,5.0
2018-07-21,16.4,4.6
2018-07-22,16.5,7.6
2018-07-23,16.3,4.4
2018-07-24,14.7,3.1
2018-07-25,14.5,2.1
2018-07-26,15.8,6.9
2018-07-27,17.2,3.6
2018-07-28,15.6,6.7
2018-07-29,16.5,6.1
2018-07-30,17.3,9.9
2018-07-31,15.8,2.9
2018-08-01,16.5,6.3
2018-08-02,17.4,5.8
2018-08-03,16.8,9.4
2018-08-04,15.8,3.1
2018-08-05,15.5,7.8
2018-08-06,14.6,5.6
2018-08-07,16.5,6.5
2018-08-08,17.5,9.6
2018-08-09,15.6,6.0
2018-08-10,16.8,4.3
2018-08-11,17.5,5.3
2018-08-12,17.8,4.5
2018-08-13,17.0,4.9
2018-08-14,15.7,10.5
2018-08-15,15.6,10.3
2018-08-16,15.8,9.4
2018-08-17,17.8,12.0
2018-08-18,15.6,8.3
2018-08-19,16.0,2.8
2018-08-20,15.6,7.2
2018-08-21,17.0,10.2
2018-08-22,14.3,9.4
2018-08-23,15.9,10.1
2018-08-24,15.7,5.9
2018-08-25,15.6,7.1
2018-08-26,16.1,9.6
2018-08-27,15.0,6.6
2018-08-28,17.3,4.8
2018-08-29,17.1,11.7
2018-08-30,17.8,6.9
2018-08-31,17.1,5.6
2018-09-01,18.6,5.8
2018-09-02,18.2,10.0
2018-09-03,17.2,9.1
2018-09-04,13.4,3.2
2018-09-05,13.6,6.6
2018-09-06,16.4,9.2
2018-09-07,12.9,9.3
2018-09-08,16.0,10.4
2018-09-09,17.3,9.7
2018-09-10,15.7,9.7
2018-09-11,15.8,10.9
2018-09-12,18.1,5.1
2018-09-13,18.2,6.3
2018-09-14,16.0,12.3
2018-09-15,17.4,8.6
2018-09-16,19.6,11.8
2018-09-17,18.2,13.3
2018-09-18,19.8,12.2
2018-09-19,17.4,13.9
2018-09-20,18.3,12.1
2018-09-21,21.0,12.0
2018-09-22,18.7,10.5
2018-09-23,18.0,6.9
2018-09-24,17.2,11.1
2018-09-25,18.1,9.5
2018-09-26,14.0,9.8
2018-09-27,15.4,9.9
2018-09-28,16.9,5.1
2018-09-29,16.3,3.8
2018-09-30,17.7,3.1
2018-10-01,19.0,9.8
2018-10-02,18.3,12.3
2018-10-03,18.8,7.2
2018-10-04,18.8,9.2
2018-10-05,18.1,6.9
2018-10-06,19.4,9.0
2018-10-07,19.9,9.4
2018-10-08,19.7,11.0
2018-10-09,18.9,5.5
2018-10-10,17.5,6.1
2018-10-11,18.0,5.3
2018-10-12,18.5,12.1
2018-10-13,16.9,7.4
2018-10-14,14.5,4.7
2018-10-15,17.1,4.8
2018-10-16,19.8,5.1
2018-10-17,17.2,11.7
2018-10-18,16.4,11.4
2018-10-19,17.8,6.8
2018-10-20,19.6,6.4
2018-10-21,21.3,10.6
2018-10-22,21.5,9.0
2018-10-23,21.4,8.7
2018-10-24,21.1,8.0
2018-10-25,21.0,9.9
2018-10-26,20.2,13.7
2018-10-27,19.3,9.4
2018-10-28,21.4,14.2
2018-10-29,20.4,12.2
2018-10-30,18.2,12.2
2018-10-31,15.9,9.7
2018-11-01,19.6,13.1
2018-11-02,16.3,10.9
2018-11-03,18.7,12.4
2018-11-04,19.4,14.6
2018-11-05,19.1,12.6
2018-11-06,18.8,10.1
2018-11-07,20.5,7.9
2018-11-08,21.0,15.1
2018-11-09,21.6,15.3
2018-11-10,23.4,11.7
2018-11-11,18.2,7.4
2018-11-12,20.0,12.8
2018-11-13,21.2,8.6
2018-11-14,20.5,10.8
2018-11-15,21.8,13.3
2018-11-16,21.5,10.0
2018-11-17,22.0,9.7
2018-11-18,22.2,10.6
2018-11-19,22.4,13.5
2018-11-20,18.1,5.8
2018-11-21,16.0,5.7
2018-11-22,17.6,8.7
2018-11-23,19.6,7.1
2018-11-24,21.2,15.5
2018-11-25,18.9,15.7
2018-11-26,21.9,13.0
2018-11-27,23.0,15.2
2018-11-28,22.1,14.6
2018-11-29,24.7,13.0
2018-11-30,23.9,17.8
2018-12-01,21.7,16.6
2018-12-02,20.3,17.6
2018-12-03,23.1,16.8
2018-12-04,21.5,16.7
2018-12-05,21.7,14.9
2018-12-06,21.1,12.3
2018-12-07,18.6,9.5
2018-12-08,19.6,12.0
2018-12-09,20.7,14.6
2018-12-10,21.2,16.0
2018-12-11,22.6,13.1
2018-12-12,23.8,15.4
2018-12-13,23.0,15.9
2018-12-14,23.9,17.2
2018-12-15,23.4,15.0
2018-12-16,23.2,14.5
2018-12-17,25.0,15.4
2018-12-18,26.0,15.1
2018-12-19,25.3,15.4
2018-12-20,24.3,16.5
2018-12-21,22.9,14.7
2018-12-22,22.0,14.2
2018-12-23,23.8,16.4
2018-12-24,20.7,18.5
2018-12-25,20.6,17.0
2018-12-26,21.7,16.6
2018-12-27,22.9,15.8
2018-12-28,21.7,13.3
2018-12-29,23.6,13.3
2018-12-30,24.6,13.2
2018-12-31,24.6,17.2
2019-01-01,23.1,18.0
2019-01-02,23.4,19.0
2019-01-03,25.1,15.7
2019-01-04,24.7,20.0
2019-01-05,23.6,14.4
2019-01-06,25.5,13.1
2019-01-07,25.4,15.8
2019-01-08,26.8,19.4
2019-01-09,24.5,14.4
2019-01-10,25.6,18.5
2019-01-11,27.5,16.9
2019-01-12,27.6,18.5
2019-01-13,27.2,19.4
2019-01-14,26.1,18.2
2019-01-15,21.9,12.9
2019-01-16,21.1,14.8
2019-01-17,24.2,18.8
2019-01-18,24.6,17.8
2019-01-19,24.8,18.3
2019-01-20,26.4,20.3
2019-01-21,24.1,17.2
2019-01-22,24.6,18.1
2019-01-23,23.9,14.7
2019-01-24,25.3,20.3
2019-01-25,22.6,13.6
2019-01-26,24.7,14.8
2019-01-27,24.0,14.3
2019-01-28,24.6,19.6
2019-01-29,26.4,19.7
2019-01-30,29.8,20.6
2019-01-31,27.9,19.0
2019-02-01,26.4,16.0
2019-02-02,27.1,15.1
2019-02-03,26.5,18.6
2019-02-04,25.3,16.4
2019-02-05,26.9,14.2
2019-02-06,27.9,14.2
2019-02-07,28.0,18.6
2019-02-08,22.0,16.4
2019-02-09,24.6,16.0
2019-02-10,26.2,13.7
2019-02-11,27.7,14.3
2019-02-12,28.4,15.1
2019-02-13,27.6,15.1
2019-02-14,26.8,14.4
2019-02-15,28.4,15.1
2019-02-16,27.3,18.1
2019-02-17,24.4,13.9
2019-02-18,26.0,15.7
2019-02-19,24.5,13.5
2019-02-20,26.8,14.5
2019-02-21,26.2,20.4
2019-02-22,26.8,19.5
2019-02-23,23.3,19.6
2019-02-24,21.4,15.9
2019-02-25,23.3,13.2
2019-02-26,23.3,10.6
2019-02-27,24.6,9.9
2019-02-28,23.5,14.7
2019-03-01,22.3,16.1
2019-03-02,22.6,11.2
2019-03-03,24.6,9.7
2019-03-04,26.7,11.8
2019-03-05,24.9,15.9
2019-03-06,22.8,11.1
2019-03-07,26.4,12.5
2019-03-08,24.9,17.0
2019-03-09,23.0,11.8
2019-03-10,20.4,12.0
2019-03-11,24.3,11.9
2019-03-12,25.7,15.5
2019-03-13,24.8,14.6
2019-03-14,26.5,14.4
2019-03-15,27.1,15.0
2019-03-16,25.5,15.8
2019-03-17,26.8,16.5
2019-03-18,26.7,18.8
2019-03-19,25.4,18.5
2019-03-20,20.6,15.9
2019-03-21,23.7,13.0
2019-03-22,25.9,15.8
2019-03-23,25.9,14.0
2019-03-24,25.3,14.9
2019-03-25,24.5,15.5
2019-03-26,24.8,13.4
2019-03-27,25.2,14.3
2019-03-28,24.9,17.7
2019-03-29,22.8,17.3
2019-03-30,25.4,19.6
2019-03-31,24.8,18.6
2019-04-01,24.9,19.8
2019-04-02,22.7,16.6
2019-04-03,21.5,11.0
2019-04-04,18.6,13.0
2019-04-05,22.6,9.9
2019-04-06,21.9,13.8
2019-04-07,17.2,10.1
2019-04-08,18.8,7.4
2019-04-09,20.2,10.6
2019-04-10,22.1,8.0
2019-04-11,23.0,10.1
2019-04-12,21.3,13.0
2019-04-13,20.5,10.7
2019-04-14,18.0,5.4
2019-04-15,20.5,7.0
2019-04-16,21.1,6.2
2019-04-17,21.0,7.3
2019-04-18,21.1,8.4
2019-04-19,20.8,7.2
2019-04-20,21.6,6.7
2019-04-21,21.7,7.5
2019-04-22,21.5,14.3
2019-04-23,17.2,10.9
2019-04-24,19.3,9.0
2019-04-25,20.7,13.8
2019-04-26,21.3,14.4
2019-04-27,22.0,11.4
2019-04-28,22.2,14.0
2019-04-29,19.3,10.3
2019-04-30,19.3,12.2
2019-05-01,18.7,4.1
2019-05-02,17.5,4.4
2019-05-03,19.2,9.6
2019-05-04,20.5,7.9
2019-05-05,20.8,7.5
2019-05-06,21.3,9.7
2019-05-07,19.8,11.0
2019-05-08,20.5,12.2
2019-05-09,21.5,8.7
2019-05-10,21.4,14.2
2019-05-11,22.1,11.2
2019-05-12,20.3,12.2
2019-05-13,21.1,15.2
2019-05-14,19.2,9.3
2019-05-15,17.3,9.2
2019-05-16,20.1,13.9
2019-05-17,19.2,14.0
2019-05-18,17.4,7.9
2019-05-19,18.4,11.6
2019-05-20,19.0,10.9
2019-05-21,17.8,13.1
2019-05-22,17.4,12.4
2019-05-23,18.6,10.5
2019-05-24,18.0,7.0
2019-05-25,19.6,6.7
2019-05-26,19.4,7.1
2019-05-27,20.0,11.6
2019-05-28,20.8,11.2
2019-05-29,20.3,13.2
2019-05-30,20.1,6.4
2019-05-31,20.6,11.7
2019-06-01,14.4,9.4
2019-06-02,14.6,5.0
2019-06-03,13.6,1.7
2019-06-04,14.4,4.4
2019-06-05,15.3,9.8
2019-06-06,15.3,9.6
2019-06-07,14.2,9.6
2019-06-08,14.6,8.4
2019-06-09,15.9,6.6
2019-06-10,15.7,7.7
2019-06-11,15.4,6.4
2019-06-12,16.4,7.5
2019-06-13,14.5,5.8
2019-06-14,13.2,4.0
2019-06-15,16.9,7.1
2019-06-16,17.2,9.0
2019-06-17,16.1,5.3
2019-06-18,14.7,4.8
2019-06-19,14.5,0.2
2019-06-20,14.4,3.4
2019-06-21,15.2,12.0
2019-06-22,15.5,5.7
2019-06-23,12.3,7.4
2019-06-24,15.4,4.9
2019-06-25,15.1,6.7
2019-06-26,14.1,0.8
2019-06-27,14.6,-0.5
2019-06-28,14.2,3.1
2019-06-29,15.6,3.0
2019-06-30,15.1,4.1
2019-07-01,14.8,7.2
2019-07-02,16.6,9.6
2019-07-03,16.4,13.0
2019-07-04,17.1,14.7
2019-07-05,15.7,6.7
2019-07-06,11.0,0.6
2019-07-07,13.0,-0.4
2019-07-08,13.2,3.4
2019-07-09,14.6,4.2
2019-07-10,13.9,2.5
2019-07-11,15.6,7.9
2019-07-12,16.9,4.8
2019-07-13,14.3,5.0
2019-07-14,17.2,10.2
2019-07-15,15.8,6.9
2019-07-16,15.1,9.4
2019-07-17,15.2,8.4
2019-07-18,15.0,4.3
2019-07-19,16.2,6.0
2019-07-20,13.7,6.3
2019-07-21,15.3,3.8
2019-07-22,15.0,2.5
2019-07-23,15.4,4.0
2019-07-24,14.9,3.0
2019-07-25,14.5,2.4
2019-07-26,14.9,5.4
2019-07-27,15.6,8.7
2019-07-28,16.3,5.7
2019-07-29,16.1,7.3
2019-07-30,17.0,9.4
2019-07-31,16.4,6.1
2019-08-01,12.6,1.8
2019-08-02,12.1,5.6
2019-08-03,14.9,7.5
2019-08-04,13.3,9.4
2019-08-05,14.7,6.2
2019-08-06,11.5,5.9
2019-08-07,14.2,4.0
2019-08-08,15.4,8.2
2019-08-09,15.2,9.7
2019-08-10,14.3,10.0
2019-08-11,17.6,10.9
2019-08-12,18.3,9.6
2019-08-13,15.9,8.5
2019-08-14,14.9,8.7
2019-08-15,14.8,4.6
2019-08-16,13.3,6.4
2019-08-17,14.4,6.8
2019-08-18,15.5,7.9
2019-08-19,9.0,1.8
2019-08-20,12.6,6.4
2019-08-21,14.0,9.1
2019-08-22,14.1,9.1
2019-08-23,14.2,9.0
2019-08-24,12.1,4.8
2019-08-25,14.4,10.2
2019-08-26,15.5,10.7
2019-08-27,15.9,7.5
2019-08-28,14.5,4.7
2019-08-29,15.1,3.9
2019-08-30,15.3,3.4
2019-08-31,15.5,9.1
2019-09-01,14.1,2.8
2019-09-02,15.1,4.7
2019-09-03,16.2,9.3
2019-09-04,15.5,12.7
2019-09-05,17.2,12.7
2019-09-06,16.9,9.6
2019-09-07,14.3,6.5
2019-09-08,15.9,7.7
2019-09-09,16.9,7.8
2019-09-10,16.5,9.4
2019-09-11,14.1,6.2
2019-09-12,14.8,9.6
2019-09-13,16.8,10.8
2019-09-14,16.8,11.4
2019-09-15,18.0,5.9
2019-09-16,18.3,6.6
2019-09-17,17.4,12.3
2019-09-18,18.5,11.1
2019-09-19,16.8,9.4
2019-09-20,15.7,4.9
2019-09-21,16.9,5.1
2019-09-22,17.8,6.2
2019-09-23,16.3,10.0
2019-09-24,18.1,12.7
2019-09-25,16.3,9.0
2019-09-26,16.3,8.5
2019-09-27,14.6,10.2
2019-09-28,17.4,10.0
2019-09-29,17.6,6.9
2019-09-30,19.2,12.2
2019-10-01,18.6,11.1
2019-10-02,15.7,8.4
2019-10-03,15.3,7.4
2019-10-04,14.9,8.1
2019-10-05,16.8,8.2
2019-10-06,17.5,10.6
2019-10-07,17.8,11.7
2019-10-08,17.3,11.0
2019-10-09,18.8,8.2
2019-10-10,20.2,13.2
2019-10-11,19.9,15.1
2019-10-12,18.9,13.1
2019-10-13,19.3,6.1
2019-10-14,19.5,9.9
2019-10-15,15.5,12.4
2019-10-16,18.6,12.1
2019-10-17,17.9,12.3
2019-10-18,18.1,11.5
2019-10-19,20.2,14.1
2019-10-20,19.1,12.7
2019-10-21,19.2,8.8
2019-10-22,18.9,12.6
2019-10-23,18.2,8.7
2019-10-24,15.4,10.1
2019-10-25,16.7,11.6
2019-10-26,16.7,10.8
2019-10-27,18.9,8.9
2019-10-28,22.0,13.1
2019-10-29,21.9,12.6
2019-10-30,17.7,10.8
2019-10-31,17.5,13.5
2019-11-01,18.9,11.8
2019-11-02,17.3,10.9
2019-11-03,18.4,9.9
2019-11-04,21.9,10.4
2019-11-05,23.6,12.4
2019-11-06,26.8,10.6
2019-11-07,24.8,15.6
2019-11-08,23.4,14.1
2019-11-09,23.5,17.7
2019-11-10,22.0,17.6
2019-11-11,22.0,13.8
2019-11-12,18.3,10.2
2019-11-13,17.3,7.9
2019-11-14,19.8,13.5
2019-11-15,20.6,13.1
2019-11-16,19.5,12.2
2019-11-17,22.0,13.2
2019-11-18,22.3,17.2
2019-11-19,21.7,8.3
2019-11-20,18.5,7.8
2019-11-21,20.5,12.9
2019-11-22,18.5,9.2
2019-11-23,19.4,14.3
2019-11-24,20.9,14.8
2019-11-25,20.0,15.1
2019-11-26,21.5,12.3
2019-11-27,24.4,11.8
2019-11-28,24.4,14.8
2019-11-29,23.7,16.1
2019-11-30,24.4,14.7
2019-12-01,24.2,17.6
2019-12-02,24.0,16.6
2019-12-03,23.9,19.1
2019-12-04,24.7,16.1
2019-12-05,25.6,12.1
2019-12-06,26.4,14.8
2019-12-07,24.3,17.6
2019-12-08,26.1,18.4
2019-12-09,25.3,15.2
2019-12-10,20.9,14.0
2019-12-11,23.1,10.5
2019-12-12,23.7,13.1
2019-12-13,26.0,13.9
2019-12-14,23.4,17.9
2019-12-15,23.0,11.9
2019-12-16,23.8,17.6
2019-12-17,24.5,19.1
2019-12-18,21.4,14.4
2019-12-19,20.4,12.9
2019-12-20,21.3,15.1
2019-12-21,22.0,10.1
2019-12-22,20.8,10.5
2019-12-23,21.2,15.4
2019-12-24,21.0,15.7
2019-12-25,23.4,14.6
2019-12-26,22.6,11.3
2019-12-27,22.8,12.3
2019-12-28,21.7,12.0
2019-12-29,20.9,11.9
2019-12-30,21.0,11.8
2019-12-31,21.3,16.7
2020-01-01,25.3,13.2
2020-01-02,23.2,16.0
2020-01-03,22.8,16.9
2020-01-04,23.2,16.0
2020-01-05,20.8,14.6
2020-01-06,20.0,14.8
2020-01-07,20.8,14.6
2020-01-08,19.9,12.5
2020-01-09,20.7,11.9
2020-01-10,21.4,13.2
2020-01-11,21.5,10.7
2020-01-12,24.1,10.0
2020-01-13,26.6,10.6
2020-01-14,25.5,14.8
2020-01-15,22.0,14.7
2020-01-16,24.2,13.7
2020-01-17,23.1,14.8
2020-01-18,24.6,11.6
2020-01-19,24.9,13.0
2020-01-20,27.3,13.7
2020-01-21,29.2,16.4
2020-01-22,24.8,14.8
2020-01-23,23.6,12.8
2020-01-24,25.9,19.5
2020-01-25,28.1,15.7
2020-01-26,25.6,19.5
2020-01-27,25.9,18.7
2020-01-28,26.9,15.6
2020-01-29,25.7,18.8
2020-01-30,27.2,17.7
2020-01-31,27.7,17.7
2020-02-01,26.9,16.4
2020-02-02,26.9,17.5
2020-02-03,27.3,17.8
2020-02-04,29.4,16.9
2020-02-05,29.0,18.4
2020-02-06,23.4,12.4
2020-02-07,22.9,17.4
2020-02-08,27.6,14.3
2020-02-09,26.1,16.1
2020-02-10,22.5,10.1
2020-02-11,23.7,11.2
2020-02-12,25.0,11.5
2020-02-13,27.7,12.8
2020-02-14,26.2,13.6
2020-02-15,28.6,18.8
2020-02-16,25.3,20.1
2020-02-17,25.8,20.0
2020-02-18,26.9,17.9
2020-02-19,28.0,19.2
2020-02-20,28.3,15.9
2020-02-21,28.9,15.5
2020-02-22,28.2,19.8
2020-02-23,23.8,13.6
2020-02-24,22.5,14.8
2020-02-25,25.8,11.6
2020-02-26,26.1,13.0
2020-02-27,28.1,17.0
2020-02-28,28.3,15.9
2020-02-29,28.0,16.7
2020-03-01,27.2,14.3
2020-03-02,26.9,19.4
2020-03-03,24.7,20.0
2020-03-04,26.2,20.4
2020-03-05,25.6,17.7
2020-03-06,25.2,13.3
2020-03-07,24.5,15.2
2020-03-08,25.1,12.7
2020-03-09,24.7,18.4
2020-03-10,25.1,16.6
2020-03-11,23.6,14.0
2020-03-12,23.0,13.0
2020-03-13,24.0,10.6
2020-03-14,23.6,11.9
2020-03-15,25.1,11.0
2020-03-16,25.5,12.3
2020-03-17,21.5,15.5
2020-03-18,23.9,7.3
2020-03-19,22.0,8.4
2020-03-20,21.9,13.3
2020-03-21,22.5,13.1
2020-03-22,24.5,15.3
2020-03-23,25.3,18.2
2020-03-24,22.7,15.2
2020-03-25,19.2,11.3
2020-03-26,21.1,9.1
2020-03-27,21.7,11.1
2020-03-28,21.0,10.5
2020-03-29,19.3,11.7
2020-03-30,22.7,11.7
2020-03-31,23.4,9.8
2020-04-01,24.5,10.1
2020-04-02,25.5,8.8
2020-04-03,23.7,10.6
2020-04-04,23.5,9.5
2020-04-05,22.9,13.8
2020-04-06,23.0,10.9
2020-04-07,22.0,10.1
2020-04-08,22.7,12.0
2020-04-09,21.9,14.2
2020-04-10,19.7,8.0
2020-04-11,20.0,6.8
2020-04-12,20.9,7.5
2020-04-13,22.9,15.5
2020-04-14,21.2,13.8
2020-04-15,18.2,13.1
2020-04-16,19.2,11.2
2020-04-17,20.2,13.0
2020-04-18,22.3,16.2
2020-04-19,22.7,14.3
2020-04-20,22.0,13.5
2020-04-21,20.8,12.9
2020-04-22,19.0,6.4
2020-04-23,20.6,11.5
2020-04-24,22.0,13.3
2020-04-25,21.7,9.9
2020-04-26,20.7,8.8
2020-04-27,20.5,5.4
2020-04-28,21.4,12.6
2020-04-29,19.5,7.1
2020-04-30,21.3,7.7
2020-05-01,21.0,8.5
2020-05-02,19.7,14.1
2020-05-03,21.3,17.3
2020-05-04,20.1,12.8
2020-05-05,20.7,11.9
2020-05-06,18.4,8.7
2020-05-07,15.8,3.9
2020-05-08,18.8,8.7
2020-05-09,19.6,5.7
2020-05-10,19.3,8.5
2020-05-11,21.5,12.4
2020-05-12,18.8,13.9
2020-05-13,18.9,11.3
2020-05-14,18.5,9.7
2020-05-15,18.7,7.7
2020-05-16,18.0,9.6
2020-05-17,20.1,6.6
2020-05-18,20.3,7.8
2020-05-19,17.9,5.8
2020-05-20,17.4,3.6
2020-05-21,15.6,3.4
2020-05-22,17.7,6.8
2020-05-23,17.3,2.6
2020-05-24,16.5,7.2
2020-05-25,18.2,16.3
2020-05-26,19.1,14.0
2020-05-27,19.6,13.9
2020-05-28,15.7,9.2
2020-05-29,17.9,11.6
2020-05-30,16.2,10.6
2020-05-31,19.5,11.3
2020-06-01,16.5,12.8
2020-06-02,19.4,13.6
2020-06-03,18.5,5.8
2020-06-04,18.1,9.8
2020-06-05,19.0,8.6
2020-06-06,17.5,10.6
2020-06-07,16.8,6.9
2020-06-08,15.6,4.7
2020-06-09,16.3,4.5
2020-06-10,16.9,4.6
2020-06-11,16.4,7.5
2020-06-12,17.4,7.2
2020-06-13,17.0,6.8
2020-06-14,17.2,11.3
2020-06-15,16.9,5.5
2020-06-16,16.9,9.1
2020-06-17,17.2,9.2
2020-06-18,18.5,9.9
2020-06-19,16.2,7.7
2020-06-20,16.8,7.2
2020-06-21,18.0,11.2
2020-06-22,16.8,11.2
2020-06-23,19.6,8.5
2020-06-24,18.2,13.3
2020-06-25,17.7,10.9
2020-06-26,18.6,8.7
2020-06-27,18.1,13.9
2020-06-28,19.4,9.9
2020-06-29,16.1,8.5
2020-06-30,16.0,9.0
2020-07-01,15.1,6.5
2020-07-02,13.6,3.4
2020-07-03,14.7,0.5
2020-07-04,14.5,4.4
2020-07-05,15.0,8.4
2020-07-06,17.1,8.6
2020-07-07,13.6,7.8
2020-07-08,15.4,9.8
2020-07-09,12.1,6.5
2020-07-10,14.1,0.1
2020-07-11,15.1,3.9
2020-07-12,14.7,3.4
2020-07-13,16.4,7.5
2020-07-14,19.0,10.2
2020-07-15,15.8,11.1
2020-07-16,14.9,12.2
2020-07-17,16.2,7.3
2020-07-18,16.9,11.4
2020-07-19,19.2,12.2
2020-07-20,17.8,8.2
2020-07-21,18.6,10.6
2020-07-22,16.7,6.8
2020-07-23,14.1,9.4
2020-07-24,16.8,11.1
2020-07-25,15.6,4.9
2020-07-26,14.8,4.0
2020-07-27,16.0,3.5
2020-07-28,16.5,5.8
2020-07-29,17.6,7.6
2020-07-30,17.5,8.6
2020-07-31,15.5,12.9
2020-08-01,16.4,11.6
2020-08-02,15.9,12.2
2020-08-03,16.1,9.2
2020-08-04,17.6,6.2
2020-08-05,18.3,3.7
2020-08-06,18.0,8.4
2020-08-07,17.5,12.1
2020-08-08,18.5,9.2
2020-08-09,14.7,3.6
2020-08-10,15.9,6.4
2020-08-11,15.6,7.2
2020-08-12,16.5,11.2
2020-08-13,18.6,4.6
2020-08-14,16.3,5.2
2020-08-15,15.3,3.1
2020-08-16,16.1,-0.1
2020-08-17,14.9,3.0
2020-08-18,15.4,9.9
2020-08-19,15.7,12.9
2020-08-20,17.0,11.9
2020-08-21,19.3,11.6
2020-08-22,18.2,7.8
2020-08-23,19.1,10.6
2020-08-24,18.6,10.5
2020-08-25,16.3,10.0
2020-08-26,15.4,8.2
2020-08-27,15.0,5.2
2020-08-28,16.2,5.6
2020-08-29,17.0,4.5
2020-08-30,19.2,4.9
2020-08-31,19.1,8.3
2020-09-01,17.2,11.1
2020-09-02,19.4,7.3
2020-09-03,14.7,5.9
2020-09-04,13.7,0.7
2020-09-05,15.7,7.4
2020-09-06,17.3,8.9
2020-09-07,17.4,11.9
2020-09-08,16.1,2.6
2020-09-09,16.8,3.0
2020-09-10,15.8,10.6
2020-09-11,16.5,6.0
2020-09-12,15.6,6.0
2020-09-13,15.1,7.8
2020-09-14,16.8,12.0
2020-09-15,16.7,12.1
2020-09-16,17.7,11.8
2020-09-17,17.5,5.8
2020-09-18,18.7,12.1
2020-09-19,15.4,11.0
2020-09-20,16.3,4.5
2020-09-21,17.1,7.6
2020-09-22,18.0,4.5
2020-09-23,18.5,7.0
2020-09-24,20.3,14.8
2020-09-25,20.0,13.6
2020-09-26,20.6,8.8
2020-09-27,20.1,14.6
2020-09-28,19.1,11.8
2020-09-29,16.8,11.6
2020-09-30,15.7,8.3
2020-10-01,15.6,3.8
2020-10-02,18.2,3.8
2020-10-03,17.4,4.1
2020-10-04,19.9,5.3
2020-10-05,20.2,11.8
2020-10-06,21.8,10.7
2020-10-07,18.6,10.8
2020-10-08,19.4,11.1
2020-10-09,19.0,12.7
2020-10-10,17.3,13.4
2020-10-11,18.4,13.4
2020-10-12,19.6,15.0
2020-10-13,17.8,15.5
2020-10-14,17.3,7.5
2020-10-15,18.2,7.6
2020-10-16,16.2,7.7
2020-10-17,17.4,3.4
2020-10-18,17.1,5.2
2020-10-19,19.1,13.1
2020-10-20,20.2,15.1
2020-10-21,20.5,15.6
2020-10-22,22.0,12.0
2020-10-23,22.3,11.4
2020-10-24,20.8,14.3
2020-10-25,22.1,16.3
2020-10-26,22.0,12.8
2020-10-27,22.7,11.1
2020-10-28,23.7,12.8
2020-10-29,21.2,15.6
2020-10-30,21.8,16.2
2020-10-31,21.2,16.3
2020-11-01,23.4,13.9
2020-11-02,22.2,9.8
2020-11-03,23.0,17.5
2020-11-04,21.4,18.5
2020-11-05,21.5,17.1
2020-11-06,19.2,16.0
2020-11-07,22.3,13.7
2020-11-08,23.2,16.9
2020-11-09,22.1,10.5
2020-11-10,19.9,11.2
2020-11-11,18.4,10.3
2020-11-12,18.7,10.6
2020-11-13,20.6,8.4
2020-11-14,21.4,11.2
2020-11-15,23.2,9.7
2020-11-16,22.2,9.1
2020-11-17,23.7,10.9
2020-11-18,22.0,15.5
2020-11-19,21.4,13.6
2020-11-20,19.5,9.4
2020-11-21,21.0,10.6
2020-11-22,21.1,15.0
2020-11-23,19.1,9.1
2020-11-24,19.3,11.1
2020-11-25,20.1,13.3
2020-11-26,23.9,16.4
2020-11-27,22.0,14.0
2020-11-28,21.3,13.8
2020-11-29,19.8,9.4
2020-11-30,21.3,12.1
2020-12-01,22.8,15.4
2020-12-02,20.3,9.0
2020-12-03,21.6,15.6
2020-12-04,20.2,12.2
2020-12-05,19.6,14.0
2020-12-06,20.9,14.3
2020-12-07,23.1,15.8
2020-12-08,24.9,18.5
2020-12-09,25.8,15.3
2020-12-10,26.2,19.1
2020-12-11,23.7,15.5
2020-12-12,22.2,13.1
2020-12-13,20.5,14.4
2020-12-14,20.0,12.3
2020-12-15,24.6,10.6
2020-12-16,25.2,12.2
2020-12-17,21.0,14.9
2020-12-18,20.4,12.7
2020-12-19,24.1,17.4
2020-12-20,25.0,14.6
2020-12-21,25.2,14.1
2020-12-22,24.9,18.4
2020-12-23,23.6,15.9
2020-12-24,24.3,18.5
2020-12-25,22.9,15.9
2020-12-26,21.3,12.0
2020-12-27,20.9,11.8
2020-12-28,20.1,10.4
2020-12-29,19.4,12.3
2020-12-30,21.1,14.5
2020-12-31,22.2,13.6
2021-01-01,24.4,10.9
