Date,Speed,Gust,Rain,Temp,RH
2018-01-01,12.516666666666667,21.912500000000005,0.42500000000000004,19.74583333333333,84.0
2018-01-02,14.899999999999997,22.2304347826087,0.0,20.633333333333336,87.33333333333333
2018-01-03,18.674999999999997,29.382608695652173,0.008695652173913044,20.779166666666665,89.375
2018-01-04,35.72916666666667,58.16363636363636,1.5090909090909093,20.187499999999996,98.5
2018-01-05,44.29166666666666,74.21666666666667,0.42500000000000004,18.995833333333334,92.16666666666667
2018-01-06,28.39166666666667,45.05833333333333,0.016666666666666666,18.9125,83.25
2018-01-07,18.912500000000005,29.699999999999992,0.0,19.345833333333335,73.20833333333333
2018-01-08,16.82916666666667,27.308333333333334,0.0,20.025,70.08333333333333
2018-01-09,13.979166666666666,21.379166666666666,0.0,20.475000000000005,75.45833333333333
2018-01-10,17.317391304347826,28.11818181818182,0.0,20.8375,75.58333333333333
2018-01-11,15.741666666666672,23.0,0.0,21.879166666666663,74.16666666666667
2018-01-12,11.125000000000002,18.44347826086956,0.0,21.61666666666667,81.875
2018-01-13,19.1375,30.265217391304343,0.0,21.629166666666666,82.79166666666667
2018-01-14,21.90833333333333,32.40416666666667,0.0,21.695833333333336,83.0
2018-01-15,31.474999999999998,46.63181818181818,0.0,21.304166666666667,84.20833333333333
2018-01-16,39.720833333333324,58.9625,0.19166666666666665,20.079166666666662,83.29166666666667
2018-01-17,44.041666666666664,66.98695652173913,0.034782608695652174,20.458333333333332,83.20833333333333
2018-01-18,40.125,64.41739130434782,1.5739130434782607,19.508333333333336,96.875
2018-01-19,29.63333333333333,45.6875,0.03333333333333333,20.974999999999998,92.66666666666667
2018-01-20,18.754166666666666,28.995652173913047,0.0,21.766666666666666,88.91666666666667
2018-01-21,19.22083333333334,27.61304347826087,0.0,21.808333333333337,90.875
2018-01-22,15.137500000000001,25.526086956521745,0.3391304347826088,20.583333333333332,96.625
2018-01-23,9.756521739130436,17.875,0.06000000000000001,21.765217391304354,93.30434782608695
2018-01-24,14.830434782608695,23.818181818181817,0.0,22.813043478260873,80.3913043478261
2018-01-25,14.400000000000004,24.072727272727274,0.0,22.586956521739136,79.8695652173913
2018-01-26,11.050000000000002,17.687499999999996,0.0,22.537500000000005,82.08333333333333
2018-01-27,11.662500000000001,19.066666666666666,0.0,23.412500000000005,81.0
2018-01-28,20.062499999999996,30.743478260869573,0.0,23.283333333333335,75.79166666666667
2018-01-29,24.375,38.333333333333336,0.0,23.033333333333335,76.75
2018-01-30,24.76666666666667,36.4608695652174,0.0,22.09166666666667,76.83333333333333
2018-01-31,34.39166666666667,50.604545454545445,0.0,21.962499999999995,77.70833333333333
2018-02-01,44.841666666666676,69.67500000000001,1.5666666666666664,21.20416666666667,93.83333333333333
2018-02-02,21.754166666666663,35.49166666666667,0.008333333333333333,19.445833333333333,75.33333333333333
2018-02-03,23.07083333333333,36.658333333333324,0.9333333333333332,17.304166666666667,89.625
2018-02-04,26.162500000000005,44.06249999999999,0.5666666666666667,18.066666666666666,88.83333333333333
2018-02-05,14.754166666666665,23.84583333333333,0.008333333333333333,20.82916666666667,81.25
2018-02-06,19.491304347826084,28.613636363636363,0.0,19.691666666666666,72.29166666666667
2018-02-07,26.316666666666666,42.14166666666667,0.0,20.429166666666667,72.54166666666667
2018-02-08,39.574999999999996,60.42916666666667,0.0,19.187499999999996,68.79166666666667
2018-02-09,30.854166666666668,48.61249999999999,0.6,18.3875,94.58333333333333
2018-02-10,27.54166666666667,41.43333333333334,0.8416666666666667,20.74166666666666,99.0
2018-02-11,33.72083333333334,49.93333333333334,1.9666666666666668,21.283333333333335,99.0
2018-02-12,15.129166666666665,24.625000000000004,0.0,22.008333333333336,97.83333333333333
2018-02-13,20.691666666666666,33.324999999999996,0.5666666666666665,21.54583333333333,99.0
2018-02-14,14.595833333333339,25.6125,0.37499999999999994,21.708333333333332,95.75
2018-02-15,12.116666666666669,20.83333333333333,0.06666666666666667,21.77916666666667,81.125
2018-02-16,12.283333333333331,20.141666666666666,0.0,21.75,83.70833333333333
2018-02-17,17.6,26.70416666666667,0.0,22.200000000000003,91.29166666666667
2018-02-18,11.29166666666667,19.00869565217391,0.0,22.629166666666666,92.95833333333333
2018-02-19,13.5875,23.150000000000002,0.0,23.004166666666666,92.25
2018-02-20,29.630434782608695,50.09545454545455,0.19999999999999998,22.558333333333334,89.54166666666667
2018-02-21,22.233333333333338,35.025,0.09166666666666666,19.8875,80.54166666666667
2018-02-22,23.604166666666668,38.04166666666667,0.10833333333333335,18.224999999999998,80.0
2018-02-23,16.9,26.391666666666666,0.0,18.85,75.125
2018-02-24,13.204166666666667,20.529166666666665,0.0,19.729166666666664,71.25
2018-02-25,9.512500000000001,15.829166666666666,0.0,20.250000000000004,73.20833333333333
2018-02-26,17.979166666666668,26.312500000000004,0.0,20.158333333333328,72.125
2018-02-27,18.608333333333334,28.858333333333338,0.0,20.51666666666667,86.08333333333333
2018-02-28,37.09583333333334,56.03333333333333,0.016666666666666666,20.525000000000002,81.41666666666667
2018-03-01,32.39583333333332,53.56666666666667,0.025000000000000005,20.441666666666663,88.66666666666667
2018-03-02,29.933333333333334,49.62173913043478,0.017391304347826087,21.145833333333336,86.0
2018-03-03,32.791666666666664,52.228571428571435,0.0,21.116666666666664,79.16666666666667
2018-03-04,23.075,37.733333333333334,0.0,21.14166666666667,81.625
2018-03-05,11.583333333333336,17.638095238095236,0.0,21.90833333333333,79.375
2018-03-06,9.975,16.058333333333337,0.0,21.787499999999998,85.625
2018-03-07,18.94545454545454,32.06315789473684,0.9833333333333334,20.4125,87.5
2018-03-08,21.599999999999998,37.80833333333333,0.17500000000000002,18.616666666666667,87.20833333333333
2018-03-09,14.97916666666667,25.000000000000004,0.0,20.616666666666667,78.70833333333333
2018-03-10,18.062499999999996,27.925,0.0,19.170833333333338,70.54166666666667
2018-03-11,30.09166666666667,46.90833333333334,0.0,18.84583333333334,71.08333333333333
2018-03-12,33.01666666666667,51.47083333333334,1.5666666666666667,16.783333333333335,89.625
2018-03-13,33.87499999999999,52.17083333333333,0.0,18.920833333333338,76.20833333333333
2018-03-14,19.2125,30.395833333333332,0.05000000000000001,17.89166666666667,75.25
2018-03-15,10.122727272727273,15.699999999999998,0.0,17.740909090909092,75.5
2018-03-16,13.516666666666667,20.837499999999995,0.0,18.541666666666664,80.33333333333333
2018-03-17,28.329166666666666,41.987500000000004,0.0,19.008333333333333,83.5
2018-03-18,33.31666666666667,53.29545454545453,0.0,19.025000000000002,72.58333333333333
2018-03-19,29.387500000000003,47.92500000000001,0.041666666666666664,19.3875,79.20833333333333
2018-03-20,26.475000000000005,41.80833333333334,0.008333333333333333,19.674999999999997,79.95833333333333
2018-03-21,17.1375,27.55416666666667,0.0,19.724999999999998,78.16666666666667
2018-03-22,16.825,25.774999999999995,0.0,19.695833333333336,75.375
2018-03-23,26.462500000000002,42.354166666666664,0.34166666666666673,19.070833333333336,84.25
2018-03-24,21.758333333333336,35.566666666666656,0.43333333333333335,18.791666666666664,87.20833333333333
2018-03-25,7.583333333333333,13.05833333333333,0.05833333333333333,18.633333333333336,86.75
2018-03-26,14.829166666666666,22.30416666666667,0.0,19.858333333333338,87.45833333333333
2018-03-27,19.758333333333333,30.470833333333342,0.0,20.48333333333333,81.95833333333333
2018-03-28,14.200000000000003,24.770833333333332,0.0,20.00416666666667,85.70833333333333
2018-03-29,10.825000000000001,16.754166666666663,0.0,19.474999999999998,86.91666666666667
2018-03-30,15.295833333333334,23.775000000000006,0.05000000000000001,18.999999999999996,90.08333333333333
2018-03-31,19.11363636363636,28.178260869565218,0.043478260869565216,18.179166666666667,85.375
2018-04-01,17.75,29.012500000000006,0.0,18.40833333333333,72.04166666666667
2018-04-02,12.66666666666667,19.674999999999997,0.0,17.8875,66.125
2018-04-03,12.662500000000001,19.031818181818178,0.0,17.825000000000003,74.45833333333333
2018-04-04,18.837500000000002,27.087500000000006,0.0,19.087499999999995,87.625
2018-04-05,20.3695652173913,32.7695652173913,0.0,18.47391304347826,75.82608695652173
2018-04-06,11.283333333333337,18.521739130434785,0.0,18.495833333333334,80.54166666666667
2018-04-07,19.529166666666665,30.504347826086963,0.0,18.158333333333335,76.5
2018-04-08,16.90416666666667,26.537499999999998,0.0,17.13333333333333,73.08333333333333
2018-04-09,16.829166666666666,24.304166666666664,0.0,17.40833333333333,78.375
2018-04-10,40.74583333333333,65.27083333333333,0.18333333333333335,17.099999999999998,85.16666666666667
2018-04-11,34.87499999999999,61.34583333333333,0.2666666666666667,10.316666666666668,78.91666666666667
2018-04-12,30.0125,50.50434782608696,0.10434782608695652,13.2875,71.125
2018-04-13,32.71666666666666,53.0,0.5130434782608695,15.649999999999999,70.0
2018-04-14,32.012499999999996,48.69166666666666,0.5083333333333333,18.616666666666667,97.25
2018-04-15,13.200000000000001,22.458333333333332,0.4166666666666667,17.862499999999994,98.0
2018-04-16,23.849999999999998,38.425,0.3166666666666667,18.604166666666668,93.375
2018-04-17,22.75833333333333,33.170833333333334,0.06666666666666667,18.95416666666667,89.875
2018-04-18,26.620833333333334,42.824999999999996,0.16666666666666666,15.7875,77.66666666666667
2018-04-19,17.687500000000004,29.46666666666667,0.0,14.429166666666662,73.08333333333333
2018-04-20,20.60833333333333,32.01666666666667,0.0,15.39583333333333,80.45833333333333
2018-04-21,23.069230769230767,34.03846153846154,0.03076923076923077,15.384615384615385,89.3076923076923
2018-04-22,,,,,
2018-04-23,,,,,
2018-04-24,,,,,
2018-04-25,,,,,
2018-04-26,,,,,
2018-04-27,,,,,
2018-04-28,,,,,
2018-04-29,,,,,
2018-04-30,22.0,33.58571428571428,0.2,16.7,99.0
2018-05-01,18.595833333333335,29.075000000000003,0.016666666666666666,16.662499999999998,90.375
2018-05-02,17.67083333333333,29.70416666666667,0.0,16.858333333333334,80.79166666666667
2018-05-03,10.662500000000001,17.83333333333334,0.0,13.66666666666667,73.58333333333333
2018-05-04,8.654166666666669,12.741666666666667,0.0,14.420833333333333,87.04166666666667
2018-05-05,11.504166666666668,18.90833333333333,0.0,15.766666666666664,84.54166666666667
2018-05-06,17.05,26.075000000000003,0.0,15.362499999999997,86.25
2018-05-07,21.070833333333333,33.5625,0.016666666666666666,14.68333333333333,77.625
2018-05-08,17.912499999999998,26.61666666666667,0.0,14.704166666666667,76.75
2018-05-09,16.75,26.16666666666667,0.0,15.808333333333335,85.625
2018-05-10,13.508333333333331,21.99166666666667,0.0,15.854166666666671,89.66666666666667
2018-05-11,17.987499999999994,35.650000000000006,0.049999999999999996,17.64166666666667,90.04166666666667
2018-05-12,12.058333333333335,19.754166666666666,0.4499999999999999,17.437500000000004,96.08333333333333
2018-05-13,16.212500000000002,30.087500000000002,0.4583333333333333,18.070833333333336,97.45833333333333
2018-05-14,13.512499999999998,23.45833333333334,0.09999999999999999,17.8125,96.54166666666667
2018-05-15,23.608333333333334,34.708333333333336,0.0,17.916666666666668,97.0
2018-05-16,19.29583333333333,32.324999999999996,0.0,17.11666666666667,91.83333333333333
2018-05-17,20.154166666666665,33.64166666666667,0.6333333333333333,13.166666666666671,91.75
2018-05-18,17.3625,27.12608695652174,0.008695652173913044,13.370833333333335,79.625
2018-05-19,23.837499999999995,39.26666666666666,0.14166666666666666,14.570833333333335,83.79166666666667
2018-05-20,17.45,26.537499999999998,0.008333333333333333,14.741666666666667,88.04166666666667
2018-05-21,23.375,35.65,0.425,15.179166666666667,92.33333333333333
2018-05-22,20.758333333333333,31.629166666666663,0.041666666666666664,14.975000000000001,89.33333333333333
2018-05-23,27.004166666666663,47.07916666666667,0.5583333333333333,11.295833333333334,91.91666666666667
2018-05-24,28.937499999999996,46.786956521739135,0.20869565217391303,12.070833333333333,84.29166666666667
2018-05-25,24.304166666666664,43.90416666666666,0.1166666666666667,12.58333333333333,87.625
2018-05-26,26.2375,43.662499999999994,0.008333333333333333,11.175000000000002,80.79166666666667
2018-05-27,28.23750000000001,46.84166666666667,0.14166666666666666,12.049999999999997,90.83333333333333
2018-05-28,22.987499999999997,38.420833333333334,0.024999999999999998,9.525,70.375
2018-05-29,17.9125,30.941666666666674,0.0,9.416666666666666,69.08333333333333
2018-05-30,13.516666666666666,21.537500000000005,0.0,9.825,82.45833333333333
2018-05-31,13.35416666666667,21.995833333333334,0.0,10.708333333333334,79.16666666666667
2018-06-01,16.370833333333334,25.687500000000004,0.0,12.775,82.375
2018-06-02,45.76666666666667,70.68750000000001,0.0,15.16666666666667,76.91666666666667
2018-06-03,28.817391304347826,48.79130434782609,2.4347826086956523,14.495652173913042,95.8695652173913
2018-06-04,28.933333333333337,47.76666666666667,0.6249999999999999,15.183333333333335,98.625
2018-06-05,23.995833333333337,38.34999999999999,0.016666666666666666,14.004166666666665,90.375
2018-06-06,19.912499999999998,35.02083333333333,0.10833333333333335,10.245833333333335,86.58333333333333
2018-06-07,28.704166666666666,47.537499999999994,0.024999999999999998,9.133333333333333,77.45833333333333
2018-06-08,16.287500000000005,27.862499999999994,0.0,11.862500000000002,75.83333333333333
2018-06-09,11.820833333333335,18.14166666666667,0.0,12.658333333333337,90.70833333333333
2018-06-10,24.008333333333336,36.566666666666656,0.0,13.125000000000002,86.83333333333333
2018-06-11,24.54166666666666,38.5875,0.6666666666666666,11.166666666666666,93.20833333333333
2018-06-12,32.94166666666667,50.32083333333333,0.08333333333333333,12.179166666666665,95.58333333333333
2018-06-13,23.76666666666667,36.725,0.025000000000000005,12.879166666666668,94.20833333333333
2018-06-14,18.383333333333333,27.162500000000005,0.0,12.391666666666666,87.16666666666667
2018-06-15,14.587500000000004,21.841666666666665,0.008333333333333333,12.966666666666663,94.125
2018-06-16,15.437500000000002,24.308333333333334,0.041666666666666664,14.841666666666663,92.91666666666667
2018-06-17,14.370833333333339,23.079166666666666,0.0,13.787499999999996,87.20833333333333
2018-06-18,17.9125,31.85833333333333,0.0,14.479166666666666,89.04166666666667
2018-06-19,13.808333333333337,23.186956521739134,0.043478260869565216,13.791666666666666,92.79166666666667
2018-06-20,44.06666666666666,66.29166666666669,0.8166666666666665,12.133333333333335,92.16666666666667
2018-06-21,44.856521739130415,70.7909090909091,0.3363636363636364,11.134782608695653,90.65217391304348
2018-06-22,13.208333333333336,20.983333333333338,0.0,9.745833333333334,81.875
2018-06-23,10.658333333333333,19.314285714285717,0.009523809523809525,10.708333333333334,86.875
2018-06-24,20.44583333333333,30.586956521739122,0.1391304347826087,11.729166666666666,93.75
2018-06-25,26.087500000000002,46.77391304347827,0.3304347826086957,10.575,91.45833333333333
2018-06-26,27.933333333333334,52.166666666666664,0.45,8.229166666666666,88.5
2018-06-27,9.204166666666667,14.062500000000002,0.0,9.433333333333335,77.66666666666667
2018-06-28,9.966666666666667,16.839130434782607,0.034782608695652174,10.125,94.375
2018-06-29,11.66666666666667,20.14583333333333,0.024999999999999998,9.304166666666669,90.20833333333333
2018-06-30,8.129166666666668,12.569565217391306,0.0,9.541666666666664,80.95833333333333
2018-07-01,14.591666666666663,25.168181818181814,0.18181818181818182,11.15,89.79166666666667
2018-07-02,22.295833333333334,33.49130434782609,0.06086956521739131,12.1,89.95833333333333
2018-07-03,17.524999999999995,28.39999999999999,0.06666666666666667,10.025,83.625
2018-07-04,15.759090909090911,24.65909090909091,0.0,9.704545454545455,80.9090909090909
2018-07-05,10.741666666666665,19.216666666666665,0.0,11.550000000000002,75.33333333333333
2018-07-06,9.195833333333335,14.212499999999997,0.0,11.316666666666668,83.875
2018-07-07,17.48260869565218,28.440909090909088,0.0,11.613043478260868,86.73913043478261
2018-07-08,20.379166666666666,38.8875,0.17500000000000002,13.441666666666665,89.125
2018-07-09,32.54583333333334,53.55217391304348,0.20869565217391303,12.362500000000002,87.25
2018-07-10,27.93913043478261,48.87826086956522,0.14782608695652175,10.095652173913043,86.6086956521739
2018-07-11,18.37391304347826,29.264999999999997,0.01,10.469565217391304,89.56521739130434
2018-07-12,12.437500000000005,19.44583333333333,0.0,11.387499999999998,82.125
2018-07-13,12.973913043478262,20.378260869565214,0.0,11.226086956521737,94.78260869565217
2018-07-14,34.4125,53.86249999999999,0.06666666666666667,13.258333333333335,94.08333333333333
2018-07-15,27.174999999999994,42.74782608695652,1.3043478260869565,12.804166666666665,98.875
2018-07-16,16.666666666666668,25.04782608695652,0.0,12.145833333333336,93.08333333333333
2018-07-17,14.054166666666669,21.833333333333332,0.008333333333333333,11.983333333333334,90.45833333333333
2018-07-18,10.358333333333334,15.22173913043478,0.0,11.895833333333334,94.375
2018-07-19,13.66666666666667,20.782608695652172,0.09565217391304348,12.200000000000001,94.54166666666667
2018-07-20,12.204166666666664,20.530434782608694,0.008695652173913044,11.220833333333333,88.125
2018-07-21,11.120833333333332,20.1952380952381,0.0,12.3125,88.83333333333333
2018-07-22,18.36666666666667,31.326086956521735,0.34782608695652173,12.262500000000003,94.25
2018-07-23,11.200000000000001,19.01304347826087,0.0608695652173913,10.583333333333334,87.75
2018-07-24,10.966666666666669,15.983333333333334,0.008333333333333333,9.787500000000001,85.625
2018-07-25,17.525,26.734782608695657,0.05217391304347827,10.512500000000001,89.16666666666667
2018-07-26,23.0625,34.78260869565217,0.0,12.420833333333334,86.5
2018-07-27,17.75833333333333,25.254545454545454,0.009090909090909092,11.204166666666666,91.20833333333333
2018-07-28,22.612499999999997,34.845454545454544,0.18181818181818182,11.862499999999999,91.95833333333333
2018-07-29,24.995833333333326,37.26666666666666,0.03333333333333333,12.133333333333335,91.20833333333333
2018-07-30,14.054166666666667,22.46521739130435,0.017391304347826087,11.4375,74.04166666666667
2018-07-31,16.763636363636365,26.65,0.0,12.463636363636363,83.31818181818181
2018-08-01,7.8125,14.568181818181818,0.009090909090909092,13.133333333333335,91.33333333333333
2018-08-02,9.200000000000001,16.254545454545454,0.009090909090909092,12.0,92.25
2018-08-03,9.966666666666667,16.750000000000004,0.018181818181818184,11.762500000000001,88.45833333333333
2018-08-04,12.741666666666667,18.908333333333335,0.0,10.933333333333332,86.125
2018-08-05,19.987499999999997,32.126086956521746,0.017391304347826087,10.7875,96.375
2018-08-06,11.737499999999999,20.05217391304348,0.0,12.216666666666667,91.58333333333333
2018-08-07,10.078260869565218,15.878260869565219,0.0,12.986956521739133,94.21739130434783
2018-08-08,19.24782608695652,32.647368421052626,0.3157894736842105,12.869565217391305,97.1304347826087
2018-08-09,20.0625,29.954545454545453,0.018181818181818184,11.754166666666665,85.66666666666667
2018-08-10,14.137500000000003,21.876190476190473,0.0,12.141666666666664,83.66666666666667
2018-08-11,19.2125,30.108695652173914,0.0,12.258333333333333,88.95833333333333
2018-08-12,14.979166666666671,23.508695652173916,0.0,12.1875,83.125
2018-08-13,23.762500000000003,38.36190476190476,0.18095238095238095,12.125,85.54166666666667
2018-08-14,32.25416666666667,53.237500000000004,0.4083333333333334,11.6,87.25
2018-08-15,33.49565217391305,55.81363636363637,0.09090909090909091,11.5,80.52173913043478
2018-08-16,20.30416666666667,32.521739130434774,0.0,12.695833333333333,87.79166666666667
2018-08-17,19.99166666666667,34.2625,0.049999999999999996,12.595833333333331,91.25
2018-08-18,21.2125,33.48333333333334,0.06666666666666667,11.204166666666666,84.79166666666667
2018-08-19,10.429166666666665,16.604347826086954,0.0,11.325000000000001,80.79166666666667
2018-08-20,22.383333333333336,38.12727272727273,0.03636363636363637,13.62083333333333,88.875
2018-08-21,25.466666666666665,41.670833333333334,0.041666666666666664,10.9,87.70833333333333
2018-08-22,25.2375,42.678260869565214,0.08695652173913046,11.174999999999999,82.91666666666667
2018-08-23,21.578260869565224,34.45217391304349,0.1826086956521739,11.454166666666664,88.08333333333333
2018-08-24,20.91666666666666,34.373913043478254,0.008695652173913044,10.383333333333335,79.29166666666667
2018-08-25,26.474999999999998,42.36249999999999,0.016666666666666666,11.354166666666664,80.83333333333333
2018-08-26,15.283333333333337,26.933333333333337,0.0,11.466666666666667,81.41666666666667
2018-08-27,9.049999999999999,14.4375,0.0,11.9,77.70833333333333
2018-08-28,21.84166666666667,33.03333333333334,0.0,13.008333333333333,90.0
2018-08-29,23.762500000000003,39.34999999999999,1.6500000000000001,14.079166666666667,92.75
2018-08-30,16.829166666666666,24.308333333333326,0.0,12.333333333333334,88.20833333333333
2018-08-31,12.358333333333334,20.612499999999997,0.2333333333333333,11.970833333333331,93.29166666666667
2018-09-01,12.6625,19.141666666666666,0.008333333333333333,12.620833333333332,88.95833333333333
2018-09-02,31.10416666666667,53.54166666666668,0.275,13.504166666666663,90.625
2018-09-03,16.975,31.136363636363637,0.15454545454545454,10.066666666666665,91.20833333333333
2018-09-04,16.829166666666666,28.083333333333332,0.0,9.720833333333333,84.45833333333333
2018-09-05,18.82916666666667,31.950000000000003,0.0,11.133333333333333,79.04166666666667
2018-09-06,22.795652173913048,37.78636363636363,0.17272727272727273,10.104347826086956,90.1304347826087
2018-09-07,26.695833333333336,42.98695652173913,0.026086956521739136,11.620833333333335,76.16666666666667
2018-09-08,22.370833333333334,37.42173913043478,0.0,12.154166666666667,73.66666666666667
2018-09-09,26.075,43.12916666666666,0.0,10.866666666666665,71.75
2018-09-10,18.14166666666667,29.321739130434782,0.034782608695652174,11.795833333333334,77.16666666666667
2018-09-11,17.758333333333333,28.6608695652174,0.08695652173913042,12.637500000000001,91.25
2018-09-12,8.7375,14.557142857142859,0.0,12.583333333333336,87.0
2018-09-13,18.612499999999994,30.59565217391304,0.0,12.270833333333334,77.5
2018-09-14,19.066666666666666,31.069565217391304,0.0,12.862499999999997,74.41666666666667
2018-09-15,13.441666666666663,22.004166666666666,0.0,13.766666666666666,87.375
2018-09-16,22.770833333333332,34.175000000000004,0.0,14.458333333333336,79.125
2018-09-17,21.450000000000003,34.94166666666666,0.125,14.612500000000002,97.375
2018-09-18,23.84583333333333,36.025,0.40833333333333327,14.287500000000001,98.58333333333333
2018-09-19,26.775000000000002,40.81739130434781,0.11304347826086956,14.304166666666669,95.91666666666667
2018-09-20,17.44583333333333,27.387500000000003,0.0,15.241666666666665,85.45833333333333
2018-09-21,11.737499999999999,19.726086956521744,0.0,13.895833333333336,89.125
2018-09-22,14.904166666666669,23.6875,0.016666666666666666,13.85,90.625
2018-09-23,16.679166666666667,26.243478260869562,0.0,13.16666666666667,80.25
2018-09-24,26.308333333333334,41.270833333333336,0.18333333333333332,13.025,81.125
2018-09-25,35.650000000000006,61.50869565217391,0.26956521739130435,9.916666666666664,80.41666666666667
2018-09-26,30.475000000000005,48.960869565217386,0.09565217391304348,11.116666666666669,81.70833333333333
2018-09-27,19.379166666666666,31.46666666666668,0.008333333333333333,11.637499999999998,77.29166666666667
2018-09-28,12.441666666666668,20.916666666666668,0.03333333333333333,11.679166666666667,76.04166666666667
2018-09-29,15.749999999999998,23.49090909090909,0.0,12.016666666666664,71.875
2018-09-30,14.129166666666668,22.70434782608696,0.0,12.97916666666667,80.125
2018-10-01,14.741666666666667,26.299999999999997,0.0,14.662500000000001,78.5
2018-10-02,13.520833333333334,21.841666666666665,0.06666666666666667,13.416666666666666,89.58333333333333
2018-10-03,10.950000000000001,17.638095238095236,0.0,13.25,86.9090909090909
2018-10-04,9.354166666666666,16.058333333333334,0.0,14.258333333333333,88.20833333333333
2018-10-05,13.741666666666667,21.6875,0.0,14.379166666666665,79.66666666666667
2018-10-06,18.370833333333334,28.23333333333333,0.0,14.29166666666667,83.75
2018-10-07,12.200000000000001,19.749999999999996,0.0,14.891666666666664,82.91666666666667
2018-10-08,12.433333333333335,19.754166666666666,0.0,13.487499999999997,75.83333333333333
2018-10-09,14.595833333333333,22.762500000000003,0.0,12.9125,66.66666666666667
2018-10-10,14.670833333333334,21.92083333333333,0.0,12.995833333333335,67.625
2018-10-11,18.983333333333334,29.79565217391304,0.782608695652174,14.174999999999997,90.25
2018-10-12,36.34166666666667,60.26250000000001,0.36666666666666664,12.345833333333333,85.33333333333333
2018-10-13,23.38333333333333,41.58750000000001,0.075,10.358333333333333,71.08333333333333
2018-10-14,17.683333333333334,30.2375,0.05000000000000001,11.579166666666666,72.0
2018-10-15,10.737499999999999,17.445833333333336,0.0,13.541666666666664,73.75
2018-10-16,16.98333333333333,26.233333333333334,0.0,12.358333333333333,71.375
2018-10-17,24.691666666666666,40.35833333333333,0.0,12.429166666666665,69.04166666666667
2018-10-18,19.370833333333334,31.320833333333326,0.008333333333333333,12.891666666666667,83.125
2018-10-19,14.670833333333333,23.15416666666667,0.0,14.770833333333334,77.54166666666667
2018-10-20,9.420833333333333,15.433333333333332,0.0,15.695833333333331,79.04166666666667
2018-10-21,13.366666666666665,21.3,0.0,16.175,79.16666666666667
2018-10-22,10.120833333333332,15.837499999999999,0.0,15.1,77.5
2018-10-23,12.66666666666667,18.912499999999998,0.0,15.495833333333332,76.54166666666667
2018-10-24,10.66666666666667,16.37083333333333,0.0,15.158333333333333,77.70833333333333
2018-10-25,17.833333333333332,26.079166666666662,0.0,15.383333333333331,76.54166666666667
2018-10-26,18.14583333333333,30.483333333333338,0.16666666666666666,15.166666666666666,73.91666666666667
2018-10-27,17.370833333333337,28.708333333333332,0.8166666666666665,15.266666666666667,83.91666666666667
2018-10-28,14.675000000000002,23.691666666666663,0.19999999999999998,15.512500000000001,84.41666666666667
2018-10-29,24.754166666666666,41.90833333333334,0.3,14.054166666666662,84.58333333333333
2018-10-30,28.779166666666672,46.145833333333336,0.26666666666666666,12.375,87.41666666666667
2018-10-31,17.133333333333336,27.62499999999999,0.0,14.4125,75.45833333333333
2018-11-01,36.879166666666656,63.65833333333334,0.09999999999999999,12.920833333333334,72.58333333333333
2018-11-02,23.6875,38.025000000000006,0.0,13.741666666666667,64.20833333333333
2018-11-03,34.737500000000004,51.541666666666664,0.0,14.820833333333335,79.29166666666667
2018-11-04,35.71666666666667,56.79583333333335,0.09166666666666667,15.516666666666666,75.54166666666667
2018-11-05,26.162499999999998,41.2125,0.0,14.191666666666663,75.375
2018-11-06,14.670833333333333,22.070833333333336,0.0,15.154166666666669,78.75
2018-11-07,11.129166666666668,17.829166666666662,0.0,15.954166666666673,86.83333333333333
2018-11-08,10.658333333333333,16.825,0.05833333333333333,16.929166666666664,95.0
2018-11-09,16.525000000000002,28.316666666666666,0.016666666666666666,17.033333333333335,88.25
2018-11-10,21.22083333333333,33.40416666666667,0.075,14.32083333333334,71.25
2018-11-11,10.745833333333332,18.375,0.26666666666666666,14.520833333333334,87.29166666666667
2018-11-12,11.433333333333332,18.98333333333333,0.016666666666666666,15.349999999999996,82.08333333333333
2018-11-13,15.68333333333333,23.841666666666658,0.0,16.033333333333335,74.95833333333333
2018-11-14,22.766666666666666,33.025000000000006,0.0,16.912500000000005,81.95833333333333
2018-11-15,21.9875,33.78333333333333,0.0,16.825,71.875
2018-11-16,13.820833333333333,21.062499999999996,0.0,17.075,74.41666666666667
2018-11-17,11.975000000000001,17.90833333333333,0.0,16.908333333333335,74.58333333333333
2018-11-18,11.437500000000002,18.291666666666664,0.0,16.170833333333334,78.5
2018-11-19,18.441666666666663,29.39166666666667,0.0,13.770833333333334,74.41666666666667
2018-11-20,16.366666666666667,29.391666666666666,0.041666666666666664,11.920833333333336,71.95833333333333
2018-11-21,20.991666666666667,34.400000000000006,0.10833333333333334,12.345833333333333,79.54166666666667
2018-11-22,15.824999999999998,26.000000000000004,0.17500000000000002,13.991666666666667,79.58333333333333
2018-11-23,15.204166666666666,22.925,0.0,15.912500000000001,75.95833333333333
2018-11-24,28.700000000000006,44.83333333333334,1.0666666666666664,15.92083333333334,95.70833333333333
2018-11-25,18.2875,31.78333333333333,0.4416666666666667,16.90416666666667,93.91666666666667
2018-11-26,11.5875,19.90434782608695,0.0,17.437499999999996,84.29166666666667
2018-11-27,9.199999999999998,15.133333333333333,0.049999999999999996,17.462500000000002,86.625
2018-11-28,20.754166666666666,31.09166666666667,0.0,18.037499999999998,82.95833333333333
2018-11-29,14.216666666666669,22.0,0.0,18.2125,81.70833333333333
2018-11-30,35.17916666666667,51.400000000000006,0.0,17.725,88.0
2018-12-01,39.43333333333334,58.491666666666674,0.09166666666666667,17.145833333333336,93.66666666666667
2018-12-02,24.374999999999996,35.645833333333336,0.0,18.816666666666666,90.83333333333333
2018-12-03,22.304166666666664,38.80416666666667,0.9250000000000002,17.129166666666666,95.75
2018-12-04,26.23333333333333,40.512499999999996,1.0083333333333333,17.67916666666667,85.0
2018-12-05,28.691666666666674,43.525000000000006,0.049999999999999996,16.825,74.625
2018-12-06,26.999999999999996,44.520833333333336,0.17500000000000002,14.820833333333335,74.20833333333333
2018-12-07,18.829166666666666,32.166666666666664,0.0,16.099999999999998,67.83333333333333
2018-12-08,20.604166666666668,32.087500000000006,0.0,16.8625,74.91666666666667
2018-12-09,23.004166666666666,37.87083333333333,0.0,17.433333333333334,74.70833333333333
2018-12-10,21.22916666666667,33.32500000000001,0.0,17.46666666666667,78.79166666666667
2018-12-11,10.516666666666667,16.520833333333332,0.0,18.07083333333333,83.91666666666667
2018-12-12,11.045833333333333,17.370833333333334,0.0,18.0,82.70833333333333
2018-12-13,10.041666666666668,16.979166666666668,0.0,18.8875,79.625
2018-12-14,14.908333333333331,25.847826086956523,0.0,18.866666666666664,86.5
2018-12-15,17.066666666666666,29.700000000000003,0.375,18.525000000000002,87.29166666666667
2018-12-16,11.891666666666667,19.062499999999996,0.0,20.304166666666664,81.5
2018-12-17,14.287500000000001,21.841666666666665,0.0,20.2,80.875
2018-12-18,11.895833333333334,20.22083333333333,0.0,20.2,76.33333333333333
2018-12-19,22.845833333333335,33.95000000000001,0.0,19.520833333333332,77.125
2018-12-20,24.995833333333337,40.125,1.341666666666667,17.012500000000003,87.91666666666667
2018-12-21,26.77083333333334,41.2875,0.041666666666666664,17.225,81.95833333333333
2018-12-22,16.520833333333332,27.783333333333335,0.008333333333333333,17.725,82.75
2018-12-23,19.445833333333336,30.9375,0.6166666666666667,18.079166666666662,97.25
2018-12-24,22.075,37.11666666666668,2.441666666666667,18.774999999999995,99.0
2018-12-25,25.079166666666662,42.28333333333334,0.7666666666666665,17.412499999999998,92.79166666666667
2018-12-26,28.0,45.69166666666666,0.008333333333333333,18.02916666666667,79.91666666666667
2018-12-27,18.83333333333333,30.937500000000004,0.0,17.691666666666666,70.45833333333333
2018-12-28,13.904166666666669,22.995833333333326,0.0,18.58333333333334,68.66666666666667
2018-12-29,13.516666666666667,21.61666666666667,0.0,19.425,81.91666666666667
2018-12-30,11.737499999999999,18.8375,0.0,19.675,75.91666666666667
2018-12-31,16.287499999999998,25.083333333333332,0.0,18.89166666666667,81.58333333333333
2019-01-01,16.1375,26.075000000000003,0.0,19.691666666666663,82.58333333333333
2019-01-02,16.595833333333328,26.691666666666666,0.0,20.25833333333333,76.58333333333333
2019-01-03,22.225000000000005,33.79583333333333,0.0,20.2625,82.75
2019-01-04,27.712500000000002,44.208333333333336,0.0,20.250000000000004,74.91666666666667
2019-01-05,14.37083333333333,24.537500000000005,0.0,20.095833333333335,75.58333333333333
2019-01-06,20.766666666666666,30.747826086956525,0.0,19.762500000000003,78.33333333333333
2019-01-07,19.29583333333333,28.76666666666667,0.0,21.154166666666665,77.25
2019-01-08,17.208333333333332,28.779166666666665,0.0,21.212500000000002,71.79166666666667
2019-01-09,14.516666666666666,23.458333333333332,0.0,20.46666666666667,78.45833333333333
2019-01-10,12.820833333333335,21.691666666666663,0.0,21.566666666666674,83.0
2019-01-11,13.820833333333331,20.9125,0.0,21.854166666666668,81.375
2019-01-12,19.058333333333337,31.479166666666668,0.0,21.183333333333337,71.04166666666667
2019-01-13,17.754166666666666,28.47083333333333,0.0,21.566666666666666,79.25
2019-01-14,20.841666666666665,35.35416666666667,0.2833333333333333,17.662499999999998,79.33333333333333
2019-01-15,17.745833333333326,30.55416666666667,0.9083333333333333,17.354166666666668,80.625
2019-01-16,20.76666666666667,31.929166666666664,0.0,19.837500000000002,76.79166666666667
2019-01-17,24.916666666666668,39.650000000000006,0.0,20.066666666666666,75.41666666666667
2019-01-18,19.67916666666667,31.775000000000002,0.0,20.125,80.125
2019-01-19,16.208333333333332,26.0,0.0,21.441666666666663,76.41666666666667
2019-01-20,23.90869565217391,37.733333333333334,0.024999999999999998,20.35833333333333,76.375
2019-01-21,27.55,42.666666666666664,0.0,19.349999999999998,70.04166666666667
2019-01-22,26.220833333333342,44.216666666666676,0.0,19.39583333333333,71.16666666666667
2019-01-23,22.450000000000006,34.862500000000004,0.0,19.95,76.25
2019-01-24,23.454166666666666,34.71666666666666,0.09999999999999999,19.408333333333335,80.04166666666667
2019-01-25,16.3625,24.683333333333334,0.0,19.320833333333336,77.625
2019-01-26,13.979166666666666,22.995833333333337,0.0,19.150000000000002,69.83333333333333
2019-01-27,18.754166666666666,29.166666666666657,0.0,19.6125,80.41666666666667
2019-01-28,22.291666666666668,35.87083333333333,0.0,21.58333333333333,82.29166666666667
2019-01-29,18.212499999999995,30.316666666666674,0.0,22.379166666666674,82.16666666666667
2019-01-30,19.525,30.47916666666666,0.0,22.204166666666666,85.375
2019-01-31,17.819047619047613,27.025,0.0,20.94285714285714,78.52380952380952
2019-02-01,13.4375,21.916666666666668,0.0,21.47083333333333,72.45833333333333
2019-02-02,10.733333333333334,17.2125,0.024999999999999998,20.72083333333333,81.5
2019-02-03,25.308333333333334,39.654166666666676,0.125,20.00833333333333,79.20833333333333
2019-02-04,18.912499999999998,30.854166666666668,0.0,21.037499999999998,72.66666666666667
2019-02-05,8.191666666666666,14.829166666666664,0.0,22.041666666666668,75.125
2019-02-06,15.362499999999999,24.225000000000005,0.0,22.099999999999998,72.625
2019-02-07,34.94583333333333,52.55833333333333,0.0,18.770833333333332,72.375
2019-02-08,28.775000000000006,46.29999999999999,0.0,19.525000000000002,66.25
2019-02-09,28.00000000000001,44.98333333333335,0.0,19.9125,75.58333333333333
2019-02-10,14.666666666666663,25.54583333333333,0.0,21.275000000000002,69.625
2019-02-11,14.825000000000001,23.84166666666667,0.0,21.450000000000003,71.375
2019-02-12,18.758333333333333,28.31250000000001,0.0,21.34583333333333,77.16666666666667
2019-02-13,15.991666666666662,25.54166666666666,0.0,21.65416666666667,76.25
2019-02-14,12.979166666666666,20.378260869565217,0.0,21.479166666666668,82.91666666666667
2019-02-15,17.979166666666664,28.079166666666662,0.0,21.645833333333332,74.95833333333333
2019-02-16,25.312500000000004,41.80833333333334,0.0,20.316666666666666,66.5
2019-02-17,16.895833333333332,27.545833333333338,0.0,20.79583333333333,77.25
2019-02-18,13.745833333333332,22.68333333333334,0.0,20.5875,72.83333333333333
2019-02-19,12.508333333333333,20.6875,0.0,20.0625,70.54166666666667
2019-02-20,9.737499999999999,16.05,0.075,20.779166666666665,87.91666666666667
2019-02-21,24.383333333333336,36.40833333333334,0.0,21.91666666666667,89.29166666666667
2019-02-22,20.995833333333334,35.80416666666667,0.6749999999999999,20.154166666666665,92.41666666666667
2019-02-23,17.912499999999998,28.466666666666665,0.225,18.8125,90.54166666666667
2019-02-24,20.67916666666667,34.40833333333333,0.075,17.237500000000004,76.5
2019-02-25,23.845833333333328,39.34583333333333,0.0,17.941666666666666,58.541666666666664
2019-02-26,15.054166666666669,25.278260869565216,0.0,18.233333333333338,61.333333333333336
2019-02-27,14.979166666666664,23.691666666666666,0.0,18.604166666666668,66.95833333333333
2019-02-28,21.608333333333334,35.33749999999999,0.0,18.754166666666666,65.45833333333333
2019-03-01,17.058333333333334,27.77916666666667,0.0,18.570833333333333,63.625
2019-03-02,13.437500000000005,21.347826086956523,0.0,18.875,63.75
2019-03-03,12.045833333333334,17.516666666666666,0.0,19.720833333333335,63.333333333333336
2019-03-04,16.208333333333332,24.683333333333337,0.0,19.016666666666666,77.79166666666667
2019-03-05,19.90833333333333,32.67826086956522,0.0,18.762500000000003,69.45833333333333
2019-03-06,12.895833333333334,20.370833333333334,0.0,19.420833333333334,75.83333333333333
2019-03-07,17.370833333333334,27.391666666666666,0.0,20.620833333333334,84.0
2019-03-08,15.291666666666666,29.554166666666664,0.7333333333333333,17.645833333333332,93.25
2019-03-09,19.295833333333334,31.977272727272727,0.02727272727272728,16.75833333333333,83.29166666666667
2019-03-10,17.058333333333334,27.126086956521732,0.0,18.612499999999997,75.83333333333333
2019-03-11,10.966666666666663,15.904166666666663,0.0,19.033333333333335,81.375
2019-03-12,11.508333333333333,18.516666666666662,0.0,19.979166666666668,77.79166666666667
2019-03-13,12.573913043478262,18.12608695652174,0.0,20.504166666666666,79.375
2019-03-14,10.345833333333337,16.295833333333327,0.0,20.733333333333334,82.54166666666667
2019-03-15,14.98695652173913,23.186956521739127,0.0,21.21739130434783,79.3913043478261
2019-03-16,12.595833333333331,20.06666666666666,0.0,20.98333333333333,84.25
2019-03-17,16.295833333333338,24.14583333333333,0.0,21.045833333333338,85.16666666666667
2019-03-18,17.437500000000004,27.3875,0.0,20.875000000000004,79.875
2019-03-19,12.441666666666668,21.145833333333332,0.0,19.09583333333333,80.875
2019-03-20,11.59583333333333,20.1375,0.0,19.9125,74.41666666666667
2019-03-21,16.758333333333333,24.608333333333334,0.0,20.379166666666666,75.54166666666667
2019-03-22,12.583333333333336,21.29583333333333,0.10833333333333334,20.662499999999998,79.875
2019-03-23,11.049999999999999,17.758333333333336,0.008333333333333333,19.745833333333334,85.875
2019-03-24,15.666666666666664,24.920833333333338,0.0,20.266666666666666,75.5
2019-03-25,19.445833333333333,29.933333333333337,0.0,20.6375,71.54166666666667
2019-03-26,20.766666666666662,34.24583333333334,0.0,20.57916666666667,71.16666666666667
2019-03-27,16.900000000000002,32.63750000000001,0.0,20.195833333333333,78.41666666666667
2019-03-28,16.45,27.462500000000002,0.2583333333333333,19.316666666666663,89.91666666666667
2019-03-29,29.391666666666666,46.29999999999999,0.025000000000000005,20.03333333333333,83.45833333333333
2019-03-30,32.01666666666666,48.78333333333333,0.0,20.15833333333333,79.83333333333333
2019-03-31,29.004166666666663,46.137499999999996,0.03333333333333333,20.63333333333333,85.45833333333333
2019-04-01,30.25,47.43478260869564,1.8608695652173919,19.941666666666666,96.25
2019-04-02,20.84583333333333,34.7875,0.0,17.95,75.125
2019-04-03,20.29583333333333,34.175000000000004,0.16666666666666666,15.979166666666666,83.125
2019-04-04,15.354166666666664,25.466666666666665,0.041666666666666664,17.508333333333336,73.375
2019-04-05,13.512500000000001,22.145833333333332,0.016666666666666666,17.145833333333336,69.95833333333333
2019-04-06,15.908333333333337,27.166666666666675,0.25000000000000006,15.366666666666665,88.08333333333333
2019-04-07,16.21666666666667,26.691666666666666,0.0,15.049999999999997,74.375
2019-04-08,16.9875,27.09166666666667,0.0,15.387500000000001,74.25
2019-04-09,17.6,27.012499999999992,0.0,17.033333333333335,71.54166666666667
2019-04-10,11.658333333333333,17.37083333333333,0.0,16.8875,76.375
2019-04-11,21.995833333333334,39.28333333333334,0.05000000000000001,16.566666666666666,78.91666666666667
2019-04-12,25.39166666666667,41.51250000000001,0.1416666666666667,15.391666666666666,80.45833333333333
2019-04-13,17.9875,30.241666666666674,0.0,14.366666666666665,64.75
2019-04-14,16.829166666666666,28.629166666666666,0.0,14.800000000000002,71.125
2019-04-15,11.508333333333335,18.12608695652174,0.0,16.229166666666668,74.95833333333333
2019-04-16,11.354166666666666,17.560869565217395,0.0,16.11666666666667,74.25
2019-04-17,17.062500000000004,26.545833333333334,0.0,16.529166666666665,66.25
2019-04-18,14.21666666666667,23.67391304347826,0.0,16.458333333333336,67.75
2019-04-19,10.287500000000003,16.513043478260872,0.0,16.270833333333332,71.58333333333333
2019-04-20,10.51666666666667,15.358333333333334,0.0,16.275,80.70833333333333
2019-04-21,15.441666666666665,25.45833333333334,0.05833333333333333,16.8375,81.54166666666667
2019-04-22,14.833333333333334,27.250000000000004,0.7833333333333335,15.216666666666669,91.45833333333333
2019-04-23,9.354166666666666,16.754166666666666,0.008333333333333333,14.945833333333331,86.79166666666667
2019-04-24,18.295833333333334,29.07916666666667,0.016666666666666666,16.266666666666666,84.70833333333333
2019-04-25,19.833333333333332,31.400000000000002,0.0,16.679166666666664,83.375
2019-04-26,19.99583333333333,31.558333333333337,0.0,16.687500000000004,81.91666666666667
2019-04-27,15.054166666666667,21.92083333333333,0.0,17.129166666666666,88.875
2019-04-28,14.208333333333334,22.84166666666667,0.4583333333333333,16.183333333333334,90.66666666666667
2019-04-29,22.99166666666666,37.73333333333333,0.09166666666666667,14.600000000000003,85.29166666666667
2019-04-30,22.541666666666657,37.17916666666667,0.0,14.1625,68.33333333333333
2019-05-01,18.45,30.933333333333337,0.0,13.299999999999999,63.708333333333336
2019-05-02,18.2125,30.030434782608694,0.0,14.633333333333331,75.66666666666667
2019-05-03,11.054166666666667,17.216666666666665,0.0,16.333333333333332,82.66666666666667
2019-05-04,10.437500000000002,15.9,0.0,16.395833333333332,85.83333333333333
2019-05-05,9.975,16.987499999999997,0.0,16.758333333333333,82.16666666666667
2019-05-06,15.437499999999998,25.360869565217396,0.0,16.537499999999998,83.25
2019-05-07,20.766666666666662,32.40416666666667,0.0,17.13333333333333,76.625
2019-05-08,20.14166666666667,31.09166666666667,0.0,17.537499999999998,73.0
2019-05-09,21.383333333333336,32.25,0.0,17.77916666666666,72.66666666666667
2019-05-10,14.745833333333337,25.929166666666674,0.125,17.4375,87.08333333333333
2019-05-11,9.666666666666666,15.441666666666665,0.008333333333333333,16.2375,92.5
2019-05-12,38.4375,63.526086956521745,0.6695652173913043,17.67083333333333,91.70833333333333
2019-05-13,33.175000000000004,56.095238095238095,0.028571428571428574,15.712499999999997,75.375
2019-05-14,10.737499999999999,17.34090909090909,0.0,14.033333333333331,77.70833333333333
2019-05-15,28.008333333333326,41.24999999999999,0.0,15.64583333333333,77.91666666666667
2019-05-16,28.620833333333326,48.23809523809524,0.0857142857142857,14.945833333333333,82.83333333333333
2019-05-17,20.71304347826087,35.97826086956522,0.034782608695652174,14.286956521739132,75.21739130434783
2019-05-18,14.133333333333331,23.67391304347826,0.0,13.854166666666664,79.04166666666667
2019-05-19,24.224999999999998,38.07826086956521,0.05217391304347826,14.054166666666667,87.79166666666667
2019-05-20,19.7625,34.4875,0.008333333333333333,13.625000000000002,81.41666666666667
2019-05-21,12.050000000000002,21.083333333333336,0.0,14.279166666666663,73.45833333333333
2019-05-22,10.508333333333335,18.52083333333333,0.0,13.945833333333335,82.08333333333333
2019-05-23,13.283333333333337,22.062499999999996,0.0,14.195833333333333,85.66666666666667
2019-05-24,13.441666666666668,22.221739130434784,0.0,14.600000000000001,85.79166666666667
2019-05-25,6.966666666666666,11.299999999999999,0.0,14.708333333333336,88.79166666666667
2019-05-26,9.719047619047618,14.63,0.0,15.19090909090909,81.86363636363636
2019-05-27,13.674999999999999,25.11304347826087,0.40869565217391296,16.65833333333333,95.04166666666667
2019-05-28,26.933333333333326,46.20454545454545,0.18181818181818182,16.962500000000002,92.70833333333333
2019-05-29,20.99583333333334,36.18181818181819,0.13636363636363635,14.958333333333336,80.70833333333333
2019-05-30,15.212499999999997,27.295652173913048,0.0,15.837499999999999,81.66666666666667
2019-05-31,27.7,48.37916666666666,0.6999999999999998,14.241666666666667,89.41666666666667
2019-06-01,32.020833333333336,53.64166666666665,0.18333333333333332,11.041666666666664,83.79166666666667
2019-06-02,21.679166666666674,35.908695652173904,0.19130434782608696,10.354166666666666,78.20833333333333
2019-06-03,8.350000000000001,13.805000000000001,0.0,10.962499999999999,67.58333333333333
2019-06-04,17.212499999999995,27.004166666666666,0.0,12.924999999999999,71.0
2019-06-05,25.308333333333337,45.520833333333336,0.6583333333333333,14.166666666666666,89.25
2019-06-06,25.924999999999997,42.59130434782608,0.05217391304347826,12.150000000000004,84.5
2019-06-07,24.52916666666667,44.74583333333333,0.7666666666666667,11.008333333333335,88.0
2019-06-08,41.70434782608695,68.07619047619048,0.0,13.99565217391304,74.82608695652173
2019-06-09,14.979166666666671,25.004166666666666,0.0,13.137500000000003,70.33333333333333
2019-06-10,13.133333333333335,20.81904761904762,0.0,12.662500000000001,85.41666666666667
2019-06-11,9.433333333333335,16.058333333333334,0.0,13.308333333333332,84.875
2019-06-12,10.508333333333335,16.9875,0.049999999999999996,13.016666666666671,93.45833333333333
2019-06-13,7.266666666666667,12.133333333333333,0.025000000000000005,12.074999999999998,95.375
2019-06-14,12.045833333333333,18.829166666666666,0.016666666666666666,12.829166666666667,93.79166666666667
2019-06-15,22.81052631578948,33.61578947368421,0.021052631578947368,14.163157894736843,91.26315789473684
2019-06-16,25.18,38.46666666666667,0.044444444444444446,13.010000000000002,83.8
2019-06-17,21.29583333333333,34.02916666666666,0.016666666666666666,11.295833333333334,82.95833333333333
2019-06-18,11.447826086956525,17.633333333333333,0.0,11.208695652173915,78.69565217391305
2019-06-19,21.3,33.791666666666664,0.0,11.512500000000003,77.54166666666667
2019-06-20,35.02499999999999,51.48749999999999,0.275,13.658333333333333,75.5
2019-06-21,19.14166666666667,32.725,0.4000000000000001,13.883333333333335,96.70833333333333
2019-06-22,8.120833333333332,12.820833333333338,0.0,11.799999999999999,90.66666666666667
2019-06-23,22.38333333333333,36.04166666666667,0.049999999999999996,12.766666666666666,84.875
2019-06-24,15.912500000000001,25.995652173913047,0.008695652173913044,12.029166666666669,88.08333333333333
2019-06-25,14.975000000000001,23.74090909090909,0.0,11.649999999999999,81.58333333333333
2019-06-26,10.204166666666664,14.666666666666666,0.0,10.975000000000001,86.75
2019-06-27,11.970833333333331,19.2125,0.0,11.183333333333335,86.75
2019-06-28,18.208333333333332,28.004166666666666,0.0,12.424999999999999,81.0
2019-06-29,16.212500000000002,26.312499999999996,0.0,12.133333333333333,78.45833333333333
2019-06-30,19.991666666666667,31.320833333333344,0.0,11.954166666666664,83.83333333333333
2019-07-01,21.154166666666665,32.38333333333333,0.22499999999999998,13.295833333333336,92.08333333333333
2019-07-02,32.4,51.4608695652174,0.05217391304347827,14.241666666666665,92.5
2019-07-03,25.22916666666666,41.1,0.008333333333333333,15.649999999999999,98.125
2019-07-04,29.162499999999994,47.8375,1.6916666666666667,13.466666666666667,98.95833333333333
2019-07-05,15.837499999999997,27.075,0.0,10.179166666666667,89.08333333333333
2019-07-06,15.058333333333335,24.685714285714283,0.0,9.729166666666668,78.20833333333333
2019-07-07,11.433333333333332,16.904166666666665,0.0,9.933333333333335,81.66666666666667
2019-07-08,21.525000000000006,36.18333333333333,0.025000000000000005,11.066666666666668,85.5
2019-07-09,12.977272727272725,21.076190476190476,0.009523809523809525,10.622727272727273,93.4090909090909
2019-07-10,13.399999999999999,22.541666666666668,0.0,13.576923076923077,81.76923076923077
2019-07-11,14.366666666666669,21.430434782608696,0.017391304347826087,13.133333333333333,91.75
2019-07-12,17.366666666666664,28.629166666666666,0.16666666666666666,12.991666666666669,97.75
2019-07-13,18.445833333333333,27.775000000000006,0.0,13.579166666666666,89.0
2019-07-14,21.6875,41.6625,0.35833333333333334,13.099999999999996,92.20833333333333
2019-07-15,20.062499999999996,33.7875,0.09166666666666667,12.195833333333335,83.625
2019-07-16,25.379166666666666,43.90833333333334,0.10833333333333334,12.545833333333334,88.29166666666667
2019-07-17,28.466666666666665,47.987500000000004,0.08333333333333333,11.779166666666667,85.41666666666667
2019-07-18,13.433333333333335,23.60833333333333,0.0,12.020833333333334,84.16666666666667
2019-07-19,23.766666666666666,43.330434782608684,0.2695652173913044,12.724999999999996,95.16666666666667
2019-07-20,21.454166666666666,33.17916666666666,0.08333333333333333,11.441666666666668,91.33333333333333
2019-07-21,9.429166666666665,15.791304347826088,0.008695652173913044,11.408333333333333,84.83333333333333
2019-07-22,8.575000000000001,12.885714285714286,0.0,11.516666666666667,91.83333333333333
2019-07-23,10.643478260869566,15.885714285714284,0.0,11.504347826086958,91.78260869565217
2019-07-24,7.416666666666667,11.647619047619047,0.0,11.183333333333332,93.54166666666667
2019-07-25,8.500000000000002,14.366666666666665,0.0,11.225,96.79166666666667
2019-07-26,24.38333333333334,39.645833333333336,0.15833333333333335,13.045833333333334,95.75
2019-07-27,25.15833333333333,40.575,0.10000000000000002,13.475000000000001,89.25
2019-07-28,23.387499999999992,37.258333333333326,0.0,13.512500000000001,86.16666666666667
2019-07-29,19.441666666666666,30.704166666666666,0.15833333333333335,14.116666666666669,94.375
2019-07-30,19.3,29.217391304347817,0.07826086956521738,12.462499999999999,92.375
2019-07-31,20.991666666666664,37.12608695652174,0.1391304347826087,9.675,87.33333333333333
2019-08-01,19.295833333333338,32.09166666666666,0.041666666666666664,8.829166666666667,84.375
2019-08-02,34.3375,56.36521739130435,0.026086956521739136,11.083333333333334,76.625
2019-08-03,33.86666666666666,60.19090909090908,0.14545454545454548,10.420833333333333,83.79166666666667
2019-08-04,36.88333333333333,60.19500000000001,0.2,11.579166666666666,84.125
2019-08-05,30.850000000000005,58.33636363636363,0.13636363636363635,8.604166666666668,80.20833333333333
2019-08-06,22.150000000000002,37.38181818181818,0.009090909090909092,10.445833333333335,78.95833333333333
2019-08-07,20.133333333333333,33.80434782608696,0.008695652173913044,11.14583333333333,85.625
2019-08-08,13.516666666666666,24.454166666666662,0.39999999999999997,11.85,96.875
2019-08-09,13.979166666666666,22.995833333333337,0.3916666666666666,12.295833333333333,98.95833333333333
2019-08-10,20.45,33.87499999999999,0.125,13.229166666666666,91.125
2019-08-11,22.458333333333332,39.74166666666665,0.18333333333333335,14.166666666666666,86.08333333333333
2019-08-12,33.32083333333333,55.24583333333334,0.06666666666666667,12.637499999999998,86.625
2019-08-13,31.02083333333334,51.166666666666664,0.20833333333333337,11.695833333333333,86.33333333333333
2019-08-14,26.391666666666666,42.74166666666667,0.03333333333333333,11.608333333333334,82.25
2019-08-15,11.666666666666666,20.539130434782606,0.02608695652173913,10.5625,85.79166666666667
2019-08-16,18.454166666666662,30.016666666666666,0.0,10.954166666666666,81.66666666666667
2019-08-17,22.770833333333332,35.03333333333334,0.2416666666666667,11.91666666666667,88.70833333333333
2019-08-18,24.308333333333337,38.666666666666664,0.20833333333333337,9.741666666666665,89.83333333333333
2019-08-19,26.15416666666667,43.27916666666666,0.0,9.95,73.0
2019-08-20,33.63333333333332,56.79583333333333,0.275,11.91666666666667,78.70833333333333
2019-08-21,24.375,41.85652173913043,0.06956521739130435,11.650000000000004,86.54166666666667
2019-08-22,28.937499999999996,49.22083333333333,0.15833333333333333,12.120833333333335,85.04166666666667
2019-08-23,17.833333333333332,31.554166666666664,0.23333333333333336,10.995833333333332,94.83333333333333
2019-08-24,28.549999999999997,48.30833333333333,0.0,11.308333333333332,77.125
2019-08-25,28.549999999999997,46.375,0.008333333333333333,12.083333333333334,80.54166666666667
2019-08-26,32.02916666666667,51.85,0.05833333333333333,12.904166666666667,81.33333333333333
2019-08-27,22.379166666666666,34.17083333333334,0.0,11.520833333333336,70.41666666666667
2019-08-28,14.283333333333333,21.60833333333333,0.0,11.450000000000001,74.125
2019-08-29,18.679166666666667,27.933333333333326,0.008333333333333333,10.991666666666665,85.08333333333333
2019-08-30,17.449999999999996,24.766666666666666,0.0,11.958333333333336,85.70833333333333
2019-08-31,20.845833333333335,33.62916666666666,0.016666666666666666,11.954166666666667,78.83333333333333
2019-09-01,9.737500000000002,15.979166666666666,0.0,11.758333333333335,82.54166666666667
2019-09-02,10.049999999999999,15.362499999999999,0.0,12.20833333333333,85.875
2019-09-03,40.050000000000004,61.11250000000001,0.425,13.700000000000003,92.20833333333333
2019-09-04,30.9375,48.53333333333333,0.3,14.45833333333333,98.70833333333333
2019-09-05,24.383333333333336,40.037499999999994,0.6083333333333333,13.895833333333329,96.70833333333333
2019-09-06,33.87083333333333,54.62916666666667,0.2916666666666667,11.058333333333335,83.58333333333333
2019-09-07,24.616666666666664,40.191666666666656,0.08333333333333333,11.195833333333333,79.66666666666667
2019-09-08,26.470833333333335,41.979166666666664,0.3166666666666667,13.625,84.25
2019-09-09,20.916666666666664,32.71666666666666,0.25000000000000006,13.041666666666664,93.29166666666667
2019-09-10,40.82083333333333,65.35833333333333,0.10000000000000003,11.58333333333333,91.95833333333333
2019-09-11,20.14166666666667,32.93750000000001,0.0,11.279166666666663,84.375
2019-09-12,21.304166666666667,36.71666666666666,0.008333333333333333,11.612499999999999,77.625
2019-09-13,21.370833333333334,32.32083333333333,0.0,12.625,82.54166666666667
2019-09-14,19.75833333333333,34.3375,0.03333333333333333,12.875,84.20833333333333
2019-09-15,13.516666666666671,22.22083333333333,0.0,12.587500000000004,84.75
2019-09-16,18.52916666666667,28.158333333333335,0.025000000000000005,12.716666666666667,78.91666666666667
2019-09-17,26.695833333333336,38.73333333333333,0.024999999999999998,14.079166666666664,83.5
2019-09-18,15.750000000000002,26.470833333333335,0.0,12.516666666666666,68.375
2019-09-19,11.59166666666667,18.908333333333335,0.05833333333333334,13.174999999999999,83.25
2019-09-20,10.35,17.07391304347826,0.0,12.645833333333334,77.58333333333333
2019-09-21,13.979166666666666,23.845833333333335,0.0,13.329166666666667,70.25
2019-09-22,16.366666666666667,25.775000000000002,0.0,12.299999999999999,79.25
2019-09-23,22.079166666666662,34.175,0.0,13.466666666666663,70.25
2019-09-24,30.25,52.775000000000006,0.17500000000000004,12.39583333333333,84.66666666666667
2019-09-25,41.512499999999996,68.4375,0.2666666666666667,11.337499999999999,80.08333333333333
2019-09-26,41.050000000000004,70.7,0.11304347826086956,10.320833333333335,74.33333333333333
2019-09-27,28.08333333333334,45.57391304347825,0.017391304347826087,12.220833333333337,80.20833333333333
2019-09-28,21.679166666666664,34.61304347826088,0.0,12.516666666666666,83.375
2019-09-29,15.366666666666669,24.462500000000002,0.0,14.149999999999997,84.04166666666667
2019-09-30,28.695833333333336,47.84583333333334,0.39999999999999997,14.279166666666667,88.33333333333333
2019-10-01,30.075,48.14166666666666,0.09166666666666666,11.662500000000001,81.16666666666667
2019-10-02,37.10833333333334,61.41666666666668,0.15833333333333335,10.966666666666663,80.08333333333333
2019-10-03,22.458333333333332,38.0375,0.008333333333333333,10.791666666666666,78.5
2019-10-04,17.212500000000002,27.462499999999995,0.0,11.566666666666668,79.08333333333333
2019-10-05,23.308333333333326,35.02083333333333,0.0,12.966666666666669,85.5
2019-10-06,16.1375,26.326086956521745,0.017391304347826087,13.195833333333333,85.5
2019-10-07,23.766666666666662,35.70416666666666,0.03333333333333333,13.720833333333337,93.5
2019-10-08,12.904166666666667,20.145833333333332,0.008333333333333333,15.012499999999996,86.625
2019-10-09,13.970833333333331,22.537500000000005,0.0,15.570833333333333,90.58333333333333
2019-10-10,33.175,49.39166666666667,0.05833333333333333,15.579166666666671,96.70833333333333
2019-10-11,12.500000000000002,26.550000000000008,0.9083333333333333,15.133333333333331,98.91666666666667
2019-10-12,14.054166666666667,23.537499999999998,0.008333333333333333,14.370833333333337,84.95833333333333
2019-10-13,13.134782608695655,20.86521739130435,0.0,14.85217391304348,73.8695652173913
2019-10-14,47.0,73.075,0.44166666666666665,13.183333333333332,90.75
2019-10-15,35.3375,56.87500000000002,0.8833333333333334,14.704166666666667,96.41666666666667
2019-10-16,33.32916666666666,53.475,0.0,13.729166666666664,81.45833333333333
2019-10-17,26.004166666666663,41.195833333333326,0.0,13.616666666666669,82.33333333333333
2019-10-18,15.358333333333333,25.687500000000004,0.008333333333333333,14.912500000000001,83.58333333333333
2019-10-19,25.466666666666658,41.51666666666667,0.06666666666666667,14.99583333333333,85.20833333333333
2019-10-20,13.12916666666667,21.762500000000003,0.0,14.387500000000001,72.79166666666667
2019-10-21,23.683333333333334,36.82083333333334,0.125,13.704166666666667,81.25
2019-10-22,32.09166666666666,50.41304347826088,0.043478260869565216,13.799999999999997,82.625
2019-10-23,40.741666666666674,68.8375,0.19166666666666665,11.695833333333331,73.91666666666667
2019-10-24,35.57916666666666,58.02916666666666,0.0,13.095833333333333,70.5
2019-10-25,32.09166666666667,52.82608695652174,0.0,12.520833333333336,66.08333333333333
2019-10-26,23.7625,37.8,0.0,13.733333333333334,72.91666666666667
2019-10-27,15.370833333333335,24.620833333333334,0.0,15.60416666666667,70.375
2019-10-28,14.366666666666667,22.908333333333335,0.0,15.699999999999998,84.70833333333333
2019-10-29,17.05,27.466666666666658,0.06666666666666667,13.825000000000001,79.91666666666667
2019-10-30,26.933333333333334,44.2125,0.0,13.266666666666667,70.41666666666667
2019-10-31,23.45833333333334,37.43043478260871,0.026086956521739136,14.94166666666667,74.16666666666667
2019-11-01,28.091666666666665,44.29583333333332,0.0,13.345833333333331,65.91666666666667
2019-11-02,20.537499999999998,32.32083333333332,0.0,14.462499999999999,73.45833333333333
2019-11-03,18.9125,30.012500000000003,0.0,16.250000000000004,73.125
2019-11-04,16.745833333333334,25.92916666666667,0.0,17.029166666666665,72.75
2019-11-05,10.81666666666667,16.1375,0.0,17.820833333333333,72.16666666666667
2019-11-06,9.891666666666664,17.058333333333334,0.0,17.6625,74.54166666666667
2019-11-07,17.0625,28.39583333333333,0.0,17.462500000000002,91.5
2019-11-08,20.141666666666666,33.016666666666666,0.0,18.270833333333336,92.58333333333333
2019-11-09,26.620833333333334,42.275,0.024999999999999998,17.604166666666668,95.33333333333333
2019-11-10,31.5625,52.25416666666667,0.24166666666666667,17.174999999999994,94.29166666666667
2019-11-11,20.604166666666668,34.13478260869565,0.643478260869565,13.866666666666667,82.375
2019-11-12,19.599999999999998,34.18333333333334,0.325,12.233333333333336,79.25
2019-11-13,18.054166666666664,26.775000000000002,0.0,14.845833333333331,70.58333333333333
2019-11-14,27.229166666666668,43.520833333333336,0.49166666666666653,15.808333333333339,79.33333333333333
2019-11-15,26.54583333333333,40.4375,0.0,14.954166666666664,70.29166666666667
2019-11-16,20.062500000000004,30.40416666666667,0.0,16.9625,80.29166666666667
2019-11-17,18.366666666666664,31.17083333333333,0.008333333333333333,16.916666666666668,86.20833333333333
2019-11-18,17.066666666666666,29.147826086956524,0.25217391304347825,15.495833333333335,93.79166666666667
2019-11-19,14.524999999999997,22.987499999999997,0.0,14.079166666666666,74.375
2019-11-20,21.21666666666666,32.55416666666666,0.0,15.508333333333335,75.125
2019-11-21,21.912499999999994,36.729166666666664,0.0,14.970833333333333,63.458333333333336
2019-11-22,20.45416666666667,32.25416666666667,0.0,15.420833333333334,73.25
2019-11-23,22.533333333333328,38.020833333333336,0.0,16.875,77.70833333333333
2019-11-24,17.674999999999997,30.245833333333326,0.0,17.179166666666667,82.20833333333333
2019-11-25,17.833333333333332,29.400000000000006,0.0,17.854166666666668,79.83333333333333
2019-11-26,11.66666666666667,18.2,0.0,17.55,85.70833333333333
2019-11-27,10.049999999999999,16.675,0.0,18.775000000000002,80.75
2019-11-28,11.041666666666664,19.770833333333336,0.0,18.529166666666672,83.45833333333333
2019-11-29,12.520833333333336,20.07083333333333,0.0,19.208333333333332,83.41666666666667
2019-11-30,16.837499999999995,25.852173913043483,0.0,19.29166666666667,84.58333333333333
2019-12-01,22.60833333333333,34.63333333333333,0.06666666666666667,18.79166666666666,85.41666666666667
2019-12-02,25.999999999999996,42.604166666666664,0.0,18.81666666666667,91.54166666666667
2019-12-03,25.312499999999996,46.520833333333336,0.09166666666666667,18.766666666666666,85.41666666666667
2019-12-04,14.833333333333334,23.837500000000006,0.0,18.525000000000002,82.79166666666667
2019-12-05,12.195833333333335,19.0625,0.0,19.587500000000002,81.75
2019-12-06,12.358333333333334,20.220833333333335,0.0,19.13333333333333,88.79166666666667
2019-12-07,11.275,21.14166666666667,0.16666666666666666,19.775000000000006,92.91666666666667
2019-12-08,16.45,32.175000000000004,0.3833333333333333,19.562499999999996,95.375
2019-12-09,20.066666666666663,31.704166666666662,0.125,16.95,75.95833333333333
2019-12-10,14.582608695652178,26.239130434782602,0.0,17.9,63.56521739130435
2019-12-11,15.6,25.45833333333334,0.0,18.670833333333334,60.708333333333336
2019-12-12,12.591666666666667,18.987499999999997,0.0,19.179166666666664,75.375
2019-12-13,21.533333333333335,32.166666666666664,0.0,18.845833333333335,73.79166666666667
2019-12-14,16.9,27.391666666666666,0.05000000000000001,18.799999999999997,77.08333333333333
2019-12-15,14.208333333333334,23.15416666666667,0.0,18.245833333333334,78.625
2019-12-16,22.379166666666666,35.96666666666666,0.03333333333333333,19.400000000000002,91.0
2019-12-17,33.575,55.63333333333333,0.7916666666666666,17.95,95.29166666666667
2019-12-18,39.508333333333326,63.88750000000001,0.05833333333333333,16.141666666666666,73.16666666666667
2019-12-19,17.520833333333332,28.3875,0.0,16.879166666666666,63.583333333333336
2019-12-20,22.762500000000006,36.425,0.03333333333333333,15.808333333333335,82.08333333333333
2019-12-21,21.9875,37.65416666666666,0.05000000000000001,16.51666666666667,65.375
2019-12-22,25.995833333333337,41.12499999999999,0.0,16.6,58.916666666666664
2019-12-23,23.304166666666664,38.03333333333334,0.0,17.120833333333334,79.20833333333333
2019-12-24,17.216666666666665,26.2375,0.0,17.929166666666667,83.0
2019-12-25,14.737499999999999,23.545833333333338,0.0,18.008333333333336,74.79166666666667
2019-12-26,13.516666666666667,21.924999999999997,0.0,18.212500000000002,75.91666666666667
2019-12-27,16.374999999999996,26.0,0.0,18.012500000000003,71.54166666666667
2019-12-28,24.15416666666667,38.80833333333333,0.016666666666666666,16.729166666666664,66.375
2019-12-29,21.462500000000002,34.71666666666666,0.0,16.504166666666666,62.541666666666664
2019-12-30,25.374999999999996,37.81249999999999,0.0,17.045833333333334,80.625
2019-12-31,13.825000000000003,22.84583333333333,0.0,18.970833333333335,70.875
2020-01-01,11.1,18.5,0.0,15.7,89.0
