Date,Wheezing_unscaled,Wheezing_monthly,isPartial,scale,Wheezing
2018-03-01,0,,,,
2018-03-02,0,,,,
2018-03-03,0,,,,
2018-03-04,0,0.0,False,0.0,0.0
2018-03-05,74,0.0,,0.0,0.0
2018-03-06,0,0.0,,0.0,0.0
2018-03-07,0,0.0,,0.0,0.0
2018-03-08,0,0.0,,0.0,0.0
2018-03-09,0,0.0,,0.0,0.0
2018-03-10,0,0.0,,0.0,0.0
2018-03-11,0,0.0,False,0.0,0.0
2018-03-12,0,0.0,,0.0,0.0
2018-03-13,0,0.0,,0.0,0.0
2018-03-14,0,0.0,,0.0,0.0
2018-03-15,0,0.0,,0.0,0.0
2018-03-16,0,0.0,,0.0,0.0
2018-03-17,100,0.0,,0.0,0.0
2018-03-18,0,0.0,False,0.0,0.0
2018-03-19,0,0.0,,0.0,0.0
2018-03-20,0,0.0,,0.0,0.0
2018-03-21,0,0.0,,0.0,0.0
2018-03-22,76,0.0,,0.0,0.0
2018-03-23,0,0.0,,0.0,0.0
2018-03-24,0,0.0,,0.0,0.0
2018-03-25,0,45.0,False,0.45,0.0
2018-03-26,0,45.0,,0.45,0.0
2018-03-27,0,45.0,,0.45,0.0
2018-03-28,0,45.0,,0.45,0.0
2018-03-29,91,45.0,,0.45,40.95
2018-03-30,0,45.0,,0.45,0.0
2018-03-31,0,45.0,,0.45,0.0
2018-04-01,0,0.0,False,0.0,0.0
2018-04-02,0,0.0,,0.0,0.0
2018-04-03,0,0.0,,0.0,0.0
2018-04-04,0,0.0,,0.0,0.0
2018-04-05,0,0.0,,0.0,0.0
2018-04-06,0,0.0,,0.0,0.0
2018-04-07,0,0.0,,0.0,0.0
2018-04-08,100,0.0,False,0.0,0.0
2018-04-09,0,0.0,,0.0,0.0
2018-04-10,0,0.0,,0.0,0.0
2018-04-11,0,0.0,,0.0,0.0
2018-04-12,0,0.0,,0.0,0.0
2018-04-13,0,0.0,,0.0,0.0
2018-04-14,0,0.0,,0.0,0.0
2018-04-15,0,45.0,False,0.45,0.0
2018-04-16,0,45.0,,0.45,0.0
2018-04-17,0,45.0,,0.45,0.0
2018-04-18,0,45.0,,0.45,0.0
2018-04-19,0,45.0,,0.45,0.0
2018-04-20,0,45.0,,0.45,0.0
2018-04-21,0,45.0,,0.45,0.0
2018-04-22,0,0.0,False,0.0,0.0
2018-04-23,0,0.0,,0.0,0.0
2018-04-24,0,0.0,,0.0,0.0
2018-04-25,0,0.0,,0.0,0.0
2018-04-26,0,0.0,,0.0,0.0
2018-04-27,0,0.0,,0.0,0.0
2018-04-28,0,0.0,,0.0,0.0
2018-04-29,0,0.0,False,0.0,0.0
2018-04-30,0,0.0,,0.0,0.0
2018-05-01,0,0.0,,0.0,0.0
2018-05-02,0,0.0,,0.0,0.0
2018-05-03,0,0.0,,0.0,0.0
2018-05-04,0,0.0,,0.0,0.0
2018-05-05,0,0.0,,0.0,0.0
2018-05-06,0,42.0,False,0.42,0.0
2018-05-07,0,42.0,,0.42,0.0
2018-05-08,88,42.0,,0.42,36.96
2018-05-09,0,42.0,,0.42,0.0
2018-05-10,0,42.0,,0.42,0.0
2018-05-11,100,42.0,,0.42,42.0
2018-05-12,0,42.0,,0.42,0.0
2018-05-13,0,0.0,False,0.0,0.0
2018-05-14,0,0.0,,0.0,0.0
2018-05-15,0,0.0,,0.0,0.0
2018-05-16,0,0.0,,0.0,0.0
2018-05-17,0,0.0,,0.0,0.0
2018-05-18,0,0.0,,0.0,0.0
2018-05-19,0,0.0,,0.0,0.0
2018-05-20,99,43.0,False,0.43,42.57
2018-05-21,0,43.0,,0.43,0.0
2018-05-22,0,43.0,,0.43,0.0
2018-05-23,0,43.0,,0.43,0.0
2018-05-24,0,43.0,,0.43,0.0
2018-05-25,0,43.0,,0.43,0.0
2018-05-26,0,43.0,,0.43,0.0
2018-05-27,0,43.0,False,0.43,0.0
2018-05-28,0,43.0,,0.43,0.0
2018-05-29,0,43.0,,0.43,0.0
2018-05-30,0,43.0,,0.43,0.0
2018-05-31,95,43.0,,0.43,40.85
2018-06-01,0,43.0,,0.43,0.0
2018-06-02,100,43.0,,0.43,43.0
2018-06-03,0,0.0,False,0.0,0.0
2018-06-04,0,0.0,,0.0,0.0
2018-06-05,0,0.0,,0.0,0.0
2018-06-06,0,0.0,,0.0,0.0
2018-06-07,0,0.0,,0.0,0.0
2018-06-08,0,0.0,,0.0,0.0
2018-06-09,0,0.0,,0.0,0.0
2018-06-10,86,0.0,False,0.0,0.0
2018-06-11,0,0.0,,0.0,0.0
2018-06-12,0,0.0,,0.0,0.0
2018-06-13,0,0.0,,0.0,0.0
2018-06-14,0,0.0,,0.0,0.0
2018-06-15,0,0.0,,0.0,0.0
2018-06-16,0,0.0,,0.0,0.0
2018-06-17,0,0.0,False,0.0,0.0
2018-06-18,0,0.0,,0.0,0.0
2018-06-19,0,0.0,,0.0,0.0
2018-06-20,0,0.0,,0.0,0.0
2018-06-21,0,0.0,,0.0,0.0
2018-06-22,0,0.0,,0.0,0.0
2018-06-23,0,0.0,,0.0,0.0
2018-06-24,0,44.0,False,0.44,0.0
2018-06-25,0,44.0,,0.44,0.0
2018-06-26,0,44.0,,0.44,0.0
2018-06-27,0,44.0,,0.44,0.0
2018-06-28,0,44.0,,0.44,0.0
2018-06-29,0,44.0,,0.44,0.0
2018-06-30,0,44.0,,0.44,0.0
2018-07-01,0,0.0,False,0.0,0.0
2018-07-02,0,0.0,,0.0,0.0
2018-07-03,0,0.0,,0.0,0.0
2018-07-04,0,0.0,,0.0,0.0
2018-07-05,0,0.0,,0.0,0.0
2018-07-06,0,0.0,,0.0,0.0
2018-07-07,0,0.0,,0.0,0.0
2018-07-08,0,0.0,False,0.0,0.0
2018-07-09,0,0.0,,0.0,0.0
2018-07-10,0,0.0,,0.0,0.0
2018-07-11,0,0.0,,0.0,0.0
2018-07-12,0,0.0,,0.0,0.0
2018-07-13,0,0.0,,0.0,0.0
2018-07-14,0,0.0,,0.0,0.0
2018-07-15,0,0.0,False,0.0,0.0
2018-07-16,0,0.0,,0.0,0.0
2018-07-17,0,0.0,,0.0,0.0
2018-07-18,0,0.0,,0.0,0.0
2018-07-19,0,0.0,,0.0,0.0
2018-07-20,0,0.0,,0.0,0.0
2018-07-21,0,0.0,,0.0,0.0
2018-07-22,0,0.0,False,0.0,0.0
2018-07-23,0,0.0,,0.0,0.0
2018-07-24,0,0.0,,0.0,0.0
2018-07-25,0,0.0,,0.0,0.0
2018-07-26,0,0.0,,0.0,0.0
2018-07-27,0,0.0,,0.0,0.0
2018-07-28,0,0.0,,0.0,0.0
2018-07-29,0,44.0,False,0.44,0.0
2018-07-30,0,44.0,,0.44,0.0
2018-07-31,100,44.0,,0.44,44.0
2018-08-01,0,44.0,,0.44,0.0
2018-08-02,0,44.0,,0.44,0.0
2018-08-03,0,44.0,,0.44,0.0
2018-08-04,0,44.0,,0.44,0.0
2018-08-05,0,0.0,False,0.0,0.0
2018-08-06,0,0.0,,0.0,0.0
2018-08-07,0,0.0,,0.0,0.0
2018-08-08,0,0.0,,0.0,0.0
2018-08-09,0,0.0,,0.0,0.0
2018-08-10,0,0.0,,0.0,0.0
2018-08-11,0,0.0,,0.0,0.0
2018-08-12,0,43.0,False,0.43,0.0
2018-08-13,0,43.0,,0.43,0.0
2018-08-14,100,43.0,,0.43,43.0
2018-08-15,0,43.0,,0.43,0.0
2018-08-16,0,43.0,,0.43,0.0
2018-08-17,0,43.0,,0.43,0.0
2018-08-18,0,43.0,,0.43,0.0
2018-08-19,0,0.0,False,0.0,0.0
2018-08-20,0,0.0,,0.0,0.0
2018-08-21,0,0.0,,0.0,0.0
2018-08-22,0,0.0,,0.0,0.0
2018-08-23,0,0.0,,0.0,0.0
2018-08-24,0,0.0,,0.0,0.0
2018-08-25,0,0.0,,0.0,0.0
2018-08-26,0,0.0,False,0.0,0.0
2018-08-27,0,0.0,,0.0,0.0
2018-08-28,0,0.0,,0.0,0.0
2018-08-29,0,0.0,,0.0,0.0
2018-08-30,0,0.0,,0.0,0.0
2018-08-31,0,0.0,,0.0,0.0
2018-09-01,0,0.0,,0.0,0.0
2018-09-02,0,0.0,False,0.0,0.0
2018-09-03,0,0.0,,0.0,0.0
2018-09-04,100,0.0,,0.0,0.0
2018-09-05,0,0.0,,0.0,0.0
2018-09-06,0,0.0,,0.0,0.0
2018-09-07,0,0.0,,0.0,0.0
2018-09-08,0,0.0,,0.0,0.0
2018-09-09,0,0.0,False,0.0,0.0
2018-09-10,0,0.0,,0.0,0.0
2018-09-11,0,0.0,,0.0,0.0
2018-09-12,0,0.0,,0.0,0.0
2018-09-13,0,0.0,,0.0,0.0
2018-09-14,0,0.0,,0.0,0.0
2018-09-15,0,0.0,,0.0,0.0
2018-09-16,0,44.0,False,0.44,0.0
2018-09-17,0,44.0,,0.44,0.0
2018-09-18,0,44.0,,0.44,0.0
2018-09-19,0,44.0,,0.44,0.0
2018-09-20,0,44.0,,0.44,0.0
2018-09-21,0,44.0,,0.44,0.0
2018-09-22,0,44.0,,0.44,0.0
2018-09-23,0,0.0,False,0.0,0.0
2018-09-24,0,0.0,,0.0,0.0
2018-09-25,0,0.0,,0.0,0.0
2018-09-26,0,0.0,,0.0,0.0
2018-09-27,0,0.0,,0.0,0.0
2018-09-28,0,0.0,,0.0,0.0
2018-09-29,0,0.0,,0.0,0.0
2018-09-30,0,0.0,False,0.0,0.0
2018-10-01,0,0.0,,0.0,0.0
2018-10-02,0,0.0,,0.0,0.0
2018-10-03,0,0.0,,0.0,0.0
2018-10-04,0,0.0,,0.0,0.0
2018-10-05,0,0.0,,0.0,0.0
2018-10-06,0,0.0,,0.0,0.0
2018-10-07,0,48.0,False,0.48,0.0
2018-10-08,0,48.0,,0.48,0.0
2018-10-09,0,48.0,,0.48,0.0
2018-10-10,0,48.0,,0.48,0.0
2018-10-11,0,48.0,,0.48,0.0
2018-10-12,0,48.0,,0.48,0.0
2018-10-13,0,48.0,,0.48,0.0
2018-10-14,0,0.0,False,0.0,0.0
2018-10-15,0,0.0,,0.0,0.0
2018-10-16,0,0.0,,0.0,0.0
2018-10-17,0,0.0,,0.0,0.0
2018-10-18,94,0.0,,0.0,0.0
2018-10-19,0,0.0,,0.0,0.0
2018-10-20,0,0.0,,0.0,0.0
2018-10-21,0,0.0,False,0.0,0.0
2018-10-22,100,0.0,,0.0,0.0
2018-10-23,89,0.0,,0.0,0.0
2018-10-24,0,0.0,,0.0,0.0
2018-10-25,0,0.0,,0.0,0.0
2018-10-26,0,0.0,,0.0,0.0
2018-10-27,0,0.0,,0.0,0.0
2018-10-28,0,0.0,False,0.0,0.0
2018-10-29,0,0.0,,0.0,0.0
2018-10-30,0,0.0,,0.0,0.0
2018-10-31,0,0.0,,0.0,0.0
2018-11-01,0,0.0,,0.0,0.0
2018-11-02,0,0.0,,0.0,0.0
2018-11-03,0,0.0,,0.0,0.0
2018-11-04,0,0.0,False,0.0,0.0
2018-11-05,0,0.0,,0.0,0.0
2018-11-06,0,0.0,,0.0,0.0
2018-11-07,99,0.0,,0.0,0.0
2018-11-08,0,0.0,,0.0,0.0
2018-11-09,0,0.0,,0.0,0.0
2018-11-10,0,0.0,,0.0,0.0
2018-11-11,0,0.0,False,0.0,0.0
2018-11-12,0,0.0,,0.0,0.0
2018-11-13,0,0.0,,0.0,0.0
2018-11-14,0,0.0,,0.0,0.0
2018-11-15,0,0.0,,0.0,0.0
2018-11-16,0,0.0,,0.0,0.0
2018-11-17,0,0.0,,0.0,0.0
2018-11-18,0,44.0,False,0.44,0.0
2018-11-19,0,44.0,,0.44,0.0
2018-11-20,100,44.0,,0.44,44.0
2018-11-21,0,44.0,,0.44,0.0
2018-11-22,0,44.0,,0.44,0.0
2018-11-23,0,44.0,,0.44,0.0
2018-11-24,0,44.0,,0.44,0.0
2018-11-25,0,0.0,False,0.0,0.0
2018-11-26,0,0.0,,0.0,0.0
2018-11-27,0,0.0,,0.0,0.0
2018-11-28,0,0.0,,0.0,0.0
2018-11-29,0,0.0,,0.0,0.0
2018-11-30,0,0.0,,0.0,0.0
2018-12-01,0,0.0,,0.0,0.0
2018-12-02,0,0.0,False,0.0,0.0
2018-12-03,0,0.0,,0.0,0.0
2018-12-04,0,0.0,,0.0,0.0
2018-12-05,0,0.0,,0.0,0.0
2018-12-06,0,0.0,,0.0,0.0
2018-12-07,0,0.0,,0.0,0.0
2018-12-08,0,0.0,,0.0,0.0
2018-12-09,0,100.0,False,1.0,0.0
2018-12-10,0,100.0,,1.0,0.0
2018-12-11,0,100.0,,1.0,0.0
2018-12-12,0,100.0,,1.0,0.0
2018-12-13,0,100.0,,1.0,0.0
2018-12-14,0,100.0,,1.0,0.0
2018-12-15,100,100.0,,1.0,100.0
2018-12-16,0,0.0,False,0.0,0.0
2018-12-17,0,0.0,,0.0,0.0
2018-12-18,0,0.0,,0.0,0.0
2018-12-19,0,0.0,,0.0,0.0
2018-12-20,0,0.0,,0.0,0.0
2018-12-21,0,0.0,,0.0,0.0
2018-12-22,0,0.0,,0.0,0.0
2018-12-23,0,0.0,False,0.0,0.0
2018-12-24,0,0.0,,0.0,0.0
2018-12-25,0,0.0,,0.0,0.0
2018-12-26,0,0.0,,0.0,0.0
2018-12-27,0,0.0,,0.0,0.0
2018-12-28,0,0.0,,0.0,0.0
2018-12-29,0,0.0,,0.0,0.0
2018-12-30,0,0.0,False,0.0,0.0
2018-12-31,0,0.0,,0.0,0.0
2019-01-01,0,0.0,,0.0,0.0
2019-01-02,0,0.0,,0.0,0.0
2019-01-03,0,0.0,,0.0,0.0
2019-01-04,0,0.0,,0.0,0.0
2019-01-05,0,0.0,,0.0,0.0
2019-01-06,0,50.0,False,0.5,0.0
2019-01-07,0,50.0,,0.5,0.0
2019-01-08,0,50.0,,0.5,0.0
2019-01-09,0,50.0,,0.5,0.0
2019-01-10,0,50.0,,0.5,0.0
2019-01-11,0,50.0,,0.5,0.0
2019-01-12,0,50.0,,0.5,0.0
2019-01-13,0,0.0,False,0.0,0.0
2019-01-14,0,0.0,,0.0,0.0
2019-01-15,0,0.0,,0.0,0.0
2019-01-16,0,0.0,,0.0,0.0
2019-01-17,0,0.0,,0.0,0.0
2019-01-18,100,0.0,,0.0,0.0
2019-01-19,0,0.0,,0.0,0.0
2019-01-20,0,47.0,False,0.47,0.0
2019-01-21,0,47.0,,0.47,0.0
2019-01-22,0,47.0,,0.47,0.0
2019-01-23,0,47.0,,0.47,0.0
2019-01-24,0,47.0,,0.47,0.0
2019-01-25,0,47.0,,0.47,0.0
2019-01-26,0,47.0,,0.47,0.0
2019-01-27,0,0.0,False,0.0,0.0
2019-01-28,0,0.0,,0.0,0.0
2019-01-29,0,0.0,,0.0,0.0
2019-01-30,0,0.0,,0.0,0.0
2019-01-31,0,0.0,,0.0,0.0
2019-02-01,0,0.0,,0.0,0.0
2019-02-02,0,0.0,,0.0,0.0
2019-02-03,0,47.0,False,0.47,0.0
2019-02-04,0,47.0,,0.47,0.0
2019-02-05,0,47.0,,0.47,0.0
2019-02-06,0,47.0,,0.47,0.0
2019-02-07,0,47.0,,0.47,0.0
2019-02-08,0,47.0,,0.47,0.0
2019-02-09,0,47.0,,0.47,0.0
2019-02-10,0,0.0,False,0.0,0.0
2019-02-11,0,0.0,,0.0,0.0
2019-02-12,0,0.0,,0.0,0.0
2019-02-13,0,0.0,,0.0,0.0
2019-02-14,0,0.0,,0.0,0.0
2019-02-15,0,0.0,,0.0,0.0
2019-02-16,0,0.0,,0.0,0.0
2019-02-17,0,0.0,False,0.0,0.0
2019-02-18,0,0.0,,0.0,0.0
2019-02-19,0,0.0,,0.0,0.0
2019-02-20,0,0.0,,0.0,0.0
2019-02-21,0,0.0,,0.0,0.0
2019-02-22,0,0.0,,0.0,0.0
2019-02-23,0,0.0,,0.0,0.0
2019-02-24,0,47.0,False,0.47,0.0
2019-02-25,0,47.0,,0.47,0.0
2019-02-26,100,47.0,,0.47,47.0
2019-02-27,0,47.0,,0.47,0.0
2019-02-28,0,47.0,,0.47,0.0
2019-03-01,0,47.0,,0.47,0.0
2019-03-02,0,47.0,,0.47,0.0
2019-03-03,0,0.0,False,0.0,0.0
2019-03-04,0,0.0,,0.0,0.0
2019-03-05,0,0.0,,0.0,0.0
2019-03-06,0,0.0,,0.0,0.0
2019-03-07,0,0.0,,0.0,0.0
2019-03-08,0,0.0,,0.0,0.0
2019-03-09,0,0.0,,0.0,0.0
2019-03-10,0,0.0,False,0.0,0.0
2019-03-11,0,0.0,,0.0,0.0
2019-03-12,0,0.0,,0.0,0.0
2019-03-13,0,0.0,,0.0,0.0
2019-03-14,0,0.0,,0.0,0.0
2019-03-15,0,0.0,,0.0,0.0
2019-03-16,0,0.0,,0.0,0.0
2019-03-17,0,0.0,False,0.0,0.0
2019-03-18,100,0.0,,0.0,0.0
2019-03-19,0,0.0,,0.0,0.0
2019-03-20,0,0.0,,0.0,0.0
2019-03-21,0,0.0,,0.0,0.0
2019-03-22,0,0.0,,0.0,0.0
2019-03-23,0,0.0,,0.0,0.0
2019-03-24,0,0.0,False,0.0,0.0
2019-03-25,0,0.0,,0.0,0.0
2019-03-26,0,0.0,,0.0,0.0
2019-03-27,0,0.0,,0.0,0.0
2019-03-28,0,0.0,,0.0,0.0
2019-03-29,0,0.0,,0.0,0.0
2019-03-30,0,0.0,,0.0,0.0
2019-03-31,0,0.0,False,0.0,0.0
2019-04-01,0,0.0,,0.0,0.0
2019-04-02,0,0.0,,0.0,0.0
2019-04-03,0,0.0,,0.0,0.0
2019-04-04,0,0.0,,0.0,0.0
2019-04-05,0,0.0,,0.0,0.0
2019-04-06,0,0.0,,0.0,0.0
2019-04-07,0,0.0,False,0.0,0.0
2019-04-08,0,0.0,,0.0,0.0
2019-04-09,0,0.0,,0.0,0.0
2019-04-10,0,0.0,,0.0,0.0
2019-04-11,0,0.0,,0.0,0.0
2019-04-12,0,0.0,,0.0,0.0
2019-04-13,0,0.0,,0.0,0.0
2019-04-14,0,0.0,False,0.0,0.0
2019-04-15,100,0.0,,0.0,0.0
2019-04-16,0,0.0,,0.0,0.0
2019-04-17,0,0.0,,0.0,0.0
2019-04-18,0,0.0,,0.0,0.0
2019-04-19,0,0.0,,0.0,0.0
2019-04-20,0,0.0,,0.0,0.0
2019-04-21,0,51.0,False,0.51,0.0
2019-04-22,0,51.0,,0.51,0.0
2019-04-23,0,51.0,,0.51,0.0
2019-04-24,0,51.0,,0.51,0.0
2019-04-25,0,51.0,,0.51,0.0
2019-04-26,0,51.0,,0.51,0.0
2019-04-27,0,51.0,,0.51,0.0
2019-04-28,0,0.0,False,0.0,0.0
2019-04-29,0,0.0,,0.0,0.0
2019-04-30,0,0.0,,0.0,0.0
2019-05-01,0,0.0,,0.0,0.0
2019-05-02,0,0.0,,0.0,0.0
2019-05-03,0,0.0,,0.0,0.0
2019-05-04,0,0.0,,0.0,0.0
2019-05-05,0,0.0,False,0.0,0.0
2019-05-06,0,0.0,,0.0,0.0
2019-05-07,0,0.0,,0.0,0.0
2019-05-08,0,0.0,,0.0,0.0
2019-05-09,0,0.0,,0.0,0.0
2019-05-10,0,0.0,,0.0,0.0
2019-05-11,0,0.0,,0.0,0.0
2019-05-12,0,46.0,False,0.46,0.0
2019-05-13,0,46.0,,0.46,0.0
2019-05-14,0,46.0,,0.46,0.0
2019-05-15,0,46.0,,0.46,0.0
2019-05-16,0,46.0,,0.46,0.0
2019-05-17,0,46.0,,0.46,0.0
2019-05-18,100,46.0,,0.46,46.0
2019-05-19,0,0.0,False,0.0,0.0
2019-05-20,0,0.0,,0.0,0.0
2019-05-21,0,0.0,,0.0,0.0
2019-05-22,0,0.0,,0.0,0.0
2019-05-23,0,0.0,,0.0,0.0
2019-05-24,0,0.0,,0.0,0.0
2019-05-25,0,0.0,,0.0,0.0
2019-05-26,0,43.0,False,0.43,0.0
2019-05-27,0,43.0,,0.43,0.0
2019-05-28,0,43.0,,0.43,0.0
2019-05-29,0,43.0,,0.43,0.0
2019-05-30,0,43.0,,0.43,0.0
2019-05-31,0,43.0,,0.43,0.0
2019-06-01,0,43.0,,0.43,0.0
2019-06-02,0,86.0,False,0.86,0.0
2019-06-03,0,86.0,,0.86,0.0
2019-06-04,0,86.0,,0.86,0.0
2019-06-05,0,86.0,,0.86,0.0
2019-06-06,100,86.0,,0.86,86.0
2019-06-07,0,86.0,,0.86,0.0
2019-06-08,0,86.0,,0.86,0.0
2019-06-09,0,43.0,False,0.43,0.0
2019-06-10,98,43.0,,0.43,42.14
2019-06-11,0,43.0,,0.43,0.0
2019-06-12,0,43.0,,0.43,0.0
2019-06-13,0,43.0,,0.43,0.0
2019-06-14,0,43.0,,0.43,0.0
2019-06-15,0,43.0,,0.43,0.0
2019-06-16,0,43.0,False,0.43,0.0
2019-06-17,0,43.0,,0.43,0.0
2019-06-18,0,43.0,,0.43,0.0
2019-06-19,0,43.0,,0.43,0.0
2019-06-20,0,43.0,,0.43,0.0
2019-06-21,0,43.0,,0.43,0.0
2019-06-22,0,43.0,,0.43,0.0
2019-06-23,0,0.0,False,0.0,0.0
2019-06-24,0,0.0,,0.0,0.0
2019-06-25,0,0.0,,0.0,0.0
2019-06-26,0,0.0,,0.0,0.0
2019-06-27,0,0.0,,0.0,0.0
2019-06-28,0,0.0,,0.0,0.0
2019-06-29,0,0.0,,0.0,0.0
2019-06-30,0,88.0,False,0.88,0.0
2019-07-01,0,88.0,,0.88,0.0
2019-07-02,0,88.0,,0.88,0.0
2019-07-03,0,88.0,,0.88,0.0
2019-07-04,0,88.0,,0.88,0.0
2019-07-05,0,88.0,,0.88,0.0
2019-07-06,100,88.0,,0.88,88.0
2019-07-07,0,0.0,False,0.0,0.0
2019-07-08,0,0.0,,0.0,0.0
2019-07-09,0,0.0,,0.0,0.0
2019-07-10,0,0.0,,0.0,0.0
2019-07-11,0,0.0,,0.0,0.0
2019-07-12,0,0.0,,0.0,0.0
2019-07-13,0,0.0,,0.0,0.0
2019-07-14,0,0.0,False,0.0,0.0
2019-07-15,0,0.0,,0.0,0.0
2019-07-16,0,0.0,,0.0,0.0
2019-07-17,80,0.0,,0.0,0.0
2019-07-18,0,0.0,,0.0,0.0
2019-07-19,0,0.0,,0.0,0.0
2019-07-20,0,0.0,,0.0,0.0
2019-07-21,0,0.0,False,0.0,0.0
2019-07-22,0,0.0,,0.0,0.0
2019-07-23,0,0.0,,0.0,0.0
2019-07-24,0,0.0,,0.0,0.0
2019-07-25,0,0.0,,0.0,0.0
2019-07-26,0,0.0,,0.0,0.0
2019-07-27,0,0.0,,0.0,0.0
2019-07-28,0,0.0,False,0.0,0.0
2019-07-29,0,0.0,,0.0,0.0
2019-07-30,0,0.0,,0.0,0.0
2019-07-31,0,0.0,,0.0,0.0
2019-08-01,0,0.0,,0.0,0.0
2019-08-02,0,0.0,,0.0,0.0
2019-08-03,0,0.0,,0.0,0.0
2019-08-04,0,0.0,False,0.0,0.0
2019-08-05,0,0.0,,0.0,0.0
2019-08-06,0,0.0,,0.0,0.0
2019-08-07,0,0.0,,0.0,0.0
2019-08-08,0,0.0,,0.0,0.0
2019-08-09,0,0.0,,0.0,0.0
2019-08-10,0,0.0,,0.0,0.0
2019-08-11,0,0.0,False,0.0,0.0
2019-08-12,0,0.0,,0.0,0.0
2019-08-13,0,0.0,,0.0,0.0
2019-08-14,0,0.0,,0.0,0.0
2019-08-15,0,0.0,,0.0,0.0
2019-08-16,0,0.0,,0.0,0.0
2019-08-17,0,0.0,,0.0,0.0
2019-08-18,0,41.0,False,0.41,0.0
2019-08-19,0,41.0,,0.41,0.0
2019-08-20,0,41.0,,0.41,0.0
2019-08-21,0,41.0,,0.41,0.0
2019-08-22,0,41.0,,0.41,0.0
2019-08-23,0,41.0,,0.41,0.0
2019-08-24,0,41.0,,0.41,0.0
2019-08-25,100,41.0,False,0.41,41.0
2019-08-26,0,41.0,,0.41,0.0
2019-08-27,0,41.0,,0.41,0.0
2019-08-28,0,41.0,,0.41,0.0
2019-08-29,0,41.0,,0.41,0.0
2019-08-30,0,41.0,,0.41,0.0
2019-08-31,0,41.0,,0.41,0.0
2019-10-01,90,41.0,,0.41,36.9
2019-10-02,0,41.0,,0.41,0.0
2019-10-03,0,41.0,,0.41,0.0
2019-10-04,0,41.0,,0.41,0.0
2019-10-05,0,41.0,,0.41,0.0
2019-10-06,0,0.0,False,0.0,0.0
2019-10-07,0,0.0,,0.0,0.0
2019-10-08,89,0.0,,0.0,0.0
2019-10-09,0,0.0,,0.0,0.0
2019-10-10,0,0.0,,0.0,0.0
2019-10-11,0,0.0,,0.0,0.0
2019-10-12,0,0.0,,0.0,0.0
2019-10-13,0,0.0,False,0.0,0.0
2019-10-14,0,0.0,,0.0,0.0
2019-10-15,0,0.0,,0.0,0.0
2019-10-16,0,0.0,,0.0,0.0
2019-10-17,0,0.0,,0.0,0.0
2019-10-18,0,0.0,,0.0,0.0
2019-10-19,100,0.0,,0.0,0.0
2019-10-20,0,39.0,False,0.39,0.0
2019-10-21,0,39.0,,0.39,0.0
2019-10-22,0,39.0,,0.39,0.0
2019-10-23,0,39.0,,0.39,0.0
2019-10-24,0,39.0,,0.39,0.0
2019-10-25,0,39.0,,0.39,0.0
2019-10-26,0,39.0,,0.39,0.0
2019-10-27,0,0.0,False,0.0,0.0
2019-10-28,0,0.0,,0.0,0.0
2019-10-29,0,0.0,,0.0,0.0
2019-10-30,0,0.0,,0.0,0.0
2019-10-31,0,0.0,,0.0,0.0
2019-11-01,0,0.0,,0.0,0.0
2019-11-02,0,0.0,,0.0,0.0
2019-11-03,0,39.0,False,0.39,0.0
2019-11-04,0,39.0,,0.39,0.0
2019-11-05,0,39.0,,0.39,0.0
2019-11-06,0,39.0,,0.39,0.0
2019-11-07,0,39.0,,0.39,0.0
2019-11-08,0,39.0,,0.39,0.0
2019-11-09,0,39.0,,0.39,0.0
2019-11-10,0,0.0,False,0.0,0.0
2019-11-11,0,0.0,,0.0,0.0
2019-11-12,0,0.0,,0.0,0.0
2019-11-13,0,0.0,,0.0,0.0
2019-11-14,0,0.0,,0.0,0.0
2019-11-15,0,0.0,,0.0,0.0
2019-11-16,100,0.0,,0.0,0.0
2019-11-17,0,0.0,False,0.0,0.0
2019-11-18,0,0.0,,0.0,0.0
2019-11-19,0,0.0,,0.0,0.0
2019-11-20,0,0.0,,0.0,0.0
2019-11-21,0,0.0,,0.0,0.0
2019-11-22,0,0.0,,0.0,0.0
2019-11-23,0,0.0,,0.0,0.0
2019-11-24,0,0.0,False,0.0,0.0
2019-11-25,0,0.0,,0.0,0.0
2019-11-26,0,0.0,,0.0,0.0
2019-11-27,0,0.0,,0.0,0.0
2019-11-28,0,0.0,,0.0,0.0
2019-11-29,0,0.0,,0.0,0.0
2019-11-30,0,0.0,,0.0,0.0
2019-12-01,0,42.0,False,0.42,0.0
2019-12-02,0,42.0,,0.42,0.0
2019-12-03,83,42.0,,0.42,34.86
2019-12-04,0,42.0,,0.42,0.0
2019-12-05,0,42.0,,0.42,0.0
2019-12-06,0,42.0,,0.42,0.0
2019-12-07,0,42.0,,0.42,0.0
2019-12-08,0,0.0,False,0.0,0.0
2019-12-09,0,0.0,,0.0,0.0
2019-12-10,0,0.0,,0.0,0.0
2019-12-11,0,0.0,,0.0,0.0
2019-12-12,0,0.0,,0.0,0.0
2019-12-13,0,0.0,,0.0,0.0
2019-12-14,0,0.0,,0.0,0.0
2019-12-15,0,0.0,False,0.0,0.0
2019-12-16,0,0.0,,0.0,0.0
2019-12-17,0,0.0,,0.0,0.0
2019-12-18,0,0.0,,0.0,0.0
2019-12-19,0,0.0,,0.0,0.0
2019-12-20,0,0.0,,0.0,0.0
2019-12-21,0,0.0,,0.0,0.0
2019-12-22,0,0.0,False,0.0,0.0
2019-12-23,0,0.0,,0.0,0.0
2019-12-24,0,0.0,,0.0,0.0
2019-12-25,0,0.0,,0.0,0.0
2019-12-26,100,0.0,,0.0,0.0
2019-12-27,0,0.0,,0.0,0.0
2019-12-28,0,0.0,,0.0,0.0
2019-12-29,0,0.0,False,0.0,0.0
2019-12-30,0,0.0,,0.0,0.0
2019-12-31,0,0.0,,0.0,0.0
2020-01-01,0,0.0,,0.0,0.0
2020-01-02,0,0.0,,0.0,0.0
2020-01-03,96,0.0,,0.0,0.0
2020-01-04,0,0.0,,0.0,0.0
2020-01-05,0,41.0,False,0.41,0.0
2020-01-06,0,41.0,,0.41,0.0
2020-01-07,0,41.0,,0.41,0.0
2020-01-08,0,41.0,,0.41,0.0
2020-01-09,0,41.0,,0.41,0.0
2020-01-10,0,41.0,,0.41,0.0
2020-01-11,100,41.0,,0.41,41.0
2020-01-12,0,0.0,False,0.0,0.0
2020-01-13,0,0.0,,0.0,0.0
2020-01-14,0,0.0,,0.0,0.0
2020-01-15,0,0.0,,0.0,0.0
2020-01-16,0,0.0,,0.0,0.0
2020-01-17,0,0.0,,0.0,0.0
2020-01-18,0,0.0,,0.0,0.0
2020-01-19,0,0.0,False,0.0,0.0
2020-01-20,0,0.0,,0.0,0.0
2020-01-21,0,0.0,,0.0,0.0
2020-01-22,0,0.0,,0.0,0.0
2020-01-23,0,0.0,,0.0,0.0
2020-01-24,0,0.0,,0.0,0.0
2020-01-25,0,0.0,,0.0,0.0
2020-01-26,0,0.0,False,0.0,0.0
2020-01-27,0,0.0,,0.0,0.0
2020-01-28,78,0.0,,0.0,0.0
2020-01-29,0,0.0,,0.0,0.0
2020-01-30,0,0.0,,0.0,0.0
2020-01-31,0,0.0,,0.0,0.0
2020-03-01,0,0.0,False,0.0,0.0
2020-03-02,0,0.0,,0.0,0.0
2020-03-03,0,0.0,,0.0,0.0
2020-03-04,0,0.0,,0.0,0.0
2020-03-05,0,0.0,,0.0,0.0
2020-03-06,0,0.0,,0.0,0.0
2020-03-07,0,0.0,,0.0,0.0
2020-03-08,0,37.0,False,0.37,0.0
2020-03-09,0,37.0,,0.37,0.0
2020-03-10,0,37.0,,0.37,0.0
2020-03-11,0,37.0,,0.37,0.0
2020-03-12,0,37.0,,0.37,0.0
2020-03-13,0,37.0,,0.37,0.0
2020-03-14,0,37.0,,0.37,0.0
2020-03-15,0,35.0,False,0.35,0.0
2020-03-16,99,35.0,,0.35,34.65
2020-03-17,0,35.0,,0.35,0.0
2020-03-18,0,35.0,,0.35,0.0
2020-03-19,0,35.0,,0.35,0.0
2020-03-20,0,35.0,,0.35,0.0
2020-03-21,0,35.0,,0.35,0.0
2020-03-22,0,0.0,False,0.0,0.0
2020-03-23,0,0.0,,0.0,0.0
2020-03-24,0,0.0,,0.0,0.0
2020-03-25,0,0.0,,0.0,0.0
2020-03-26,0,0.0,,0.0,0.0
2020-03-27,0,0.0,,0.0,0.0
2020-03-28,0,0.0,,0.0,0.0
2020-03-29,0,0.0,False,0.0,0.0
2020-03-30,0,0.0,,0.0,0.0
2020-03-31,100,0.0,,0.0,0.0
2020-04-01,0,0.0,,0.0,0.0
2020-04-02,0,0.0,,0.0,0.0
2020-04-03,0,0.0,,0.0,0.0
2020-04-04,0,0.0,,0.0,0.0
2020-04-05,0,0.0,False,0.0,0.0
2020-04-06,0,0.0,,0.0,0.0
2020-04-07,0,0.0,,0.0,0.0
2020-04-08,100,0.0,,0.0,0.0
2020-04-09,0,0.0,,0.0,0.0
2020-04-10,0,0.0,,0.0,0.0
2020-04-11,0,0.0,,0.0,0.0
2020-04-12,0,0.0,False,0.0,0.0
2020-04-13,0,0.0,,0.0,0.0
2020-04-14,0,0.0,,0.0,0.0
2020-04-15,0,0.0,,0.0,0.0
2020-04-16,0,0.0,,0.0,0.0
2020-04-17,0,0.0,,0.0,0.0
2020-04-18,0,0.0,,0.0,0.0
2020-04-19,0,96.0,False,0.96,0.0
2020-04-20,0,96.0,,0.96,0.0
2020-04-21,0,96.0,,0.96,0.0
2020-04-22,0,96.0,,0.96,0.0
2020-04-23,0,96.0,,0.96,0.0
2020-04-24,0,96.0,,0.96,0.0
2020-04-25,0,96.0,,0.96,0.0
2020-04-26,0,32.0,False,0.32,0.0
2020-04-27,0,32.0,,0.32,0.0
2020-04-28,0,32.0,,0.32,0.0
2020-04-29,0,32.0,,0.32,0.0
2020-04-30,0,32.0,,0.32,0.0
2020-05-01,0,32.0,,0.32,0.0
2020-05-02,0,32.0,,0.32,0.0
2020-05-03,0,0.0,False,0.0,0.0
2020-05-04,0,0.0,,0.0,0.0
2020-05-05,0,0.0,,0.0,0.0
2020-05-06,0,0.0,,0.0,0.0
2020-05-07,0,0.0,,0.0,0.0
2020-05-08,0,0.0,,0.0,0.0
2020-05-09,0,0.0,,0.0,0.0
2020-05-10,0,0.0,False,0.0,0.0
2020-05-11,0,0.0,,0.0,0.0
2020-05-12,0,0.0,,0.0,0.0
2020-05-13,100,0.0,,0.0,0.0
2020-05-14,0,0.0,,0.0,0.0
2020-05-15,0,0.0,,0.0,0.0
2020-05-16,0,0.0,,0.0,0.0
2020-05-17,0,0.0,False,0.0,0.0
2020-05-18,0,0.0,,0.0,0.0
2020-05-19,0,0.0,,0.0,0.0
2020-05-20,0,0.0,,0.0,0.0
2020-05-21,0,0.0,,0.0,0.0
2020-05-22,0,0.0,,0.0,0.0
2020-05-23,0,0.0,,0.0,0.0
2020-05-24,0,0.0,False,0.0,0.0
2020-05-25,0,0.0,,0.0,0.0
2020-05-26,0,0.0,,0.0,0.0
2020-05-27,0,0.0,,0.0,0.0
2020-05-28,0,0.0,,0.0,0.0
2020-05-29,0,0.0,,0.0,0.0
2020-05-30,0,0.0,,0.0,0.0
2020-05-31,0,34.0,False,0.34,0.0
2020-06-01,0,34.0,,0.34,0.0
2020-06-02,0,34.0,,0.34,0.0
2020-06-03,0,34.0,,0.34,0.0
2020-06-04,0,34.0,,0.34,0.0
2020-06-05,0,34.0,,0.34,0.0
2020-06-06,0,34.0,,0.34,0.0
2020-06-07,0,68.0,False,0.68,0.0
2020-06-08,100,68.0,,0.68,68.0
2020-06-09,0,68.0,,0.68,0.0
2020-06-10,0,68.0,,0.68,0.0
2020-06-11,0,68.0,,0.68,0.0
2020-06-12,0,68.0,,0.68,0.0
2020-06-13,0,68.0,,0.68,0.0
2020-06-14,0,0.0,False,0.0,0.0
2020-06-15,0,0.0,,0.0,0.0
2020-06-16,0,0.0,,0.0,0.0
2020-06-17,0,0.0,,0.0,0.0
2020-06-18,0,0.0,,0.0,0.0
2020-06-19,0,0.0,,0.0,0.0
2020-06-20,0,0.0,,0.0,0.0
2020-06-21,0,0.0,False,0.0,0.0
2020-06-22,0,0.0,,0.0,0.0
2020-06-23,0,0.0,,0.0,0.0
2020-06-24,0,0.0,,0.0,0.0
2020-06-25,0,0.0,,0.0,0.0
2020-06-26,0,0.0,,0.0,0.0
2020-06-27,0,0.0,,0.0,0.0
2020-06-28,0,0.0,False,0.0,0.0
2020-06-29,0,0.0,,0.0,0.0
2020-06-30,0,0.0,,0.0,0.0
2020-07-01,0,0.0,,0.0,0.0
2020-07-02,0,0.0,,0.0,0.0
2020-07-03,0,0.0,,0.0,0.0
2020-07-04,0,0.0,,0.0,0.0
2020-07-05,100,0.0,False,0.0,0.0
2020-07-06,0,0.0,,0.0,0.0
2020-07-07,0,0.0,,0.0,0.0
2020-07-08,0,0.0,,0.0,0.0
2020-07-09,0,0.0,,0.0,0.0
2020-07-10,0,0.0,,0.0,0.0
2020-07-11,0,0.0,,0.0,0.0
2020-07-12,0,0.0,False,0.0,0.0
2020-07-13,0,0.0,,0.0,0.0
2020-07-14,0,0.0,,0.0,0.0
2020-07-15,0,0.0,,0.0,0.0
2020-07-16,0,0.0,,0.0,0.0
2020-07-17,0,0.0,,0.0,0.0
2020-07-18,0,0.0,,0.0,0.0
2020-07-19,0,0.0,False,0.0,0.0
2020-07-20,0,0.0,,0.0,0.0
2020-07-21,0,0.0,,0.0,0.0
2020-07-22,0,0.0,,0.0,0.0
2020-07-23,0,0.0,,0.0,0.0
2020-07-24,0,0.0,,0.0,0.0
2020-07-25,0,0.0,,0.0,0.0
2020-07-26,0,0.0,False,0.0,0.0
2020-07-27,0,0.0,,0.0,0.0
2020-07-28,0,0.0,,0.0,0.0
2020-07-29,0,0.0,,0.0,0.0
2020-07-30,0,0.0,,0.0,0.0
2020-07-31,0,0.0,,0.0,0.0
2020-08-01,0,0.0,,0.0,0.0
2020-08-02,0,36.0,False,0.36,0.0
2020-08-03,0,36.0,,0.36,0.0
2020-08-04,0,36.0,,0.36,0.0
2020-08-05,0,36.0,,0.36,0.0
2020-08-06,0,36.0,,0.36,0.0
2020-08-07,100,36.0,,0.36,36.0
2020-08-08,0,36.0,,0.36,0.0
2020-08-09,0,33.0,False,0.33,0.0
2020-08-10,0,33.0,,0.33,0.0
2020-08-11,0,33.0,,0.33,0.0
2020-08-12,0,33.0,,0.33,0.0
2020-08-13,0,33.0,,0.33,0.0
2020-08-14,0,33.0,,0.33,0.0
2020-08-15,0,33.0,,0.33,0.0
2020-08-16,0,0.0,False,0.0,0.0
2020-08-17,0,0.0,,0.0,0.0
2020-08-18,0,0.0,,0.0,0.0
2020-08-19,0,0.0,,0.0,0.0
2020-08-20,0,0.0,,0.0,0.0
2020-08-21,0,0.0,,0.0,0.0
2020-08-22,0,0.0,,0.0,0.0
2020-08-23,0,0.0,False,0.0,0.0
2020-08-24,0,0.0,,0.0,0.0
2020-08-25,0,0.0,,0.0,0.0
2020-08-26,0,0.0,,0.0,0.0
2020-08-27,0,0.0,,0.0,0.0
2020-08-28,0,0.0,,0.0,0.0
2020-08-29,0,0.0,,0.0,0.0
2020-08-30,0,69.0,False,0.69,0.0
2020-08-31,0,69.0,,0.69,0.0
2020-09-01,0,69.0,,0.69,0.0
2020-09-02,0,69.0,,0.69,0.0
2020-09-03,0,69.0,,0.69,0.0
2020-09-04,89,69.0,,0.69,61.41
2020-09-05,0,69.0,,0.69,0.0
2020-09-06,0,36.0,False,0.36,0.0
2020-09-07,0,36.0,,0.36,0.0
2020-09-08,0,36.0,,0.36,0.0
2020-09-09,0,36.0,,0.36,0.0
2020-09-10,0,36.0,,0.36,0.0
2020-09-11,0,36.0,,0.36,0.0
2020-09-12,100,36.0,,0.36,36.0
2020-09-13,0,35.0,False,0.35,0.0
2020-09-14,77,35.0,,0.35,26.95
2020-09-15,0,35.0,,0.35,0.0
2020-09-16,0,35.0,,0.35,0.0
2020-09-17,0,35.0,,0.35,0.0
2020-09-18,0,35.0,,0.35,0.0
2020-09-19,0,35.0,,0.35,0.0
2020-09-20,0,0.0,False,0.0,0.0
2020-09-21,0,0.0,,0.0,0.0
2020-09-22,0,0.0,,0.0,0.0
2020-09-23,0,0.0,,0.0,0.0
2020-09-24,0,0.0,,0.0,0.0
2020-09-25,0,0.0,,0.0,0.0
2020-09-26,0,0.0,,0.0,0.0
2020-09-27,0,41.0,False,0.41,0.0
2020-09-28,0,41.0,,0.41,0.0
2020-09-29,0,41.0,,0.41,0.0
2020-09-30,0,41.0,,0.41,0.0
2020-10-01,0,41.0,,0.41,0.0
2020-10-02,0,41.0,,0.41,0.0
2020-10-03,0,41.0,,0.41,0.0
2020-10-04,0,0.0,False,0.0,0.0
2020-10-05,0,0.0,,0.0,0.0
2020-10-06,0,0.0,,0.0,0.0
2020-10-07,0,0.0,,0.0,0.0
2020-10-08,0,0.0,,0.0,0.0
2020-10-09,0,0.0,,0.0,0.0
2020-10-10,0,0.0,,0.0,0.0
2020-10-11,0,0.0,False,0.0,0.0
2020-10-12,0,0.0,,0.0,0.0
2020-10-13,0,0.0,,0.0,0.0
2020-10-14,0,0.0,,0.0,0.0
2020-10-15,0,0.0,,0.0,0.0
2020-10-16,0,0.0,,0.0,0.0
2020-10-17,0,0.0,,0.0,0.0
2020-10-18,0,0.0,False,0.0,0.0
2020-10-19,0,0.0,,0.0,0.0
2020-10-20,0,0.0,,0.0,0.0
2020-10-21,0,0.0,,0.0,0.0
2020-10-22,0,0.0,,0.0,0.0
2020-10-23,0,0.0,,0.0,0.0
2020-10-24,0,0.0,,0.0,0.0
2020-10-25,0,45.0,False,0.45,0.0
2020-10-26,0,45.0,,0.45,0.0
2020-10-27,0,45.0,,0.45,0.0
2020-10-28,0,45.0,,0.45,0.0
2020-10-29,100,45.0,,0.45,45.0
2020-10-30,0,45.0,,0.45,0.0
2020-10-31,0,45.0,,0.45,0.0
2020-11-01,0,0.0,False,0.0,0.0
2020-11-02,0,0.0,,0.0,0.0
2020-11-03,0,0.0,,0.0,0.0
2020-11-04,0,0.0,,0.0,0.0
2020-11-05,0,0.0,,0.0,0.0
2020-11-06,0,0.0,,0.0,0.0
2020-11-07,0,0.0,,0.0,0.0
2020-11-08,0,0.0,False,0.0,0.0
2020-11-09,0,0.0,,0.0,0.0
2020-11-10,0,0.0,,0.0,0.0
2020-11-11,0,0.0,,0.0,0.0
2020-11-12,0,0.0,,0.0,0.0
2020-11-13,0,0.0,,0.0,0.0
2020-11-14,0,0.0,,0.0,0.0
2020-11-15,0,44.0,False,0.44,0.0
2020-11-16,0,44.0,,0.44,0.0
2020-11-17,0,44.0,,0.44,0.0
2020-11-18,0,44.0,,0.44,0.0
2020-11-19,0,44.0,,0.44,0.0
2020-11-20,0,44.0,,0.44,0.0
2020-11-21,0,44.0,,0.44,0.0
2020-11-22,0,43.0,False,0.43,0.0
2020-11-23,0,43.0,,0.43,0.0
2020-11-24,0,43.0,,0.43,0.0
2020-11-25,0,43.0,,0.43,0.0
2020-11-26,0,43.0,,0.43,0.0
2020-11-27,0,43.0,,0.43,0.0
2020-11-28,100,43.0,,0.43,43.0
2020-11-29,0,0.0,False,0.0,0.0
2020-11-30,0,0.0,,0.0,0.0
2020-12-01,0,0.0,,0.0,0.0
2020-12-02,0,0.0,,0.0,0.0
2020-12-03,0,0.0,,0.0,0.0
2020-12-04,0,0.0,,0.0,0.0
2020-12-05,0,0.0,,0.0,0.0
2020-12-06,0,0.0,False,0.0,0.0
2020-12-07,0,0.0,,0.0,0.0
2020-12-08,0,0.0,,0.0,0.0
2020-12-09,100,0.0,,0.0,0.0
2020-12-10,0,0.0,,0.0,0.0
2020-12-11,0,0.0,,0.0,0.0
2020-12-12,0,0.0,,0.0,0.0
2020-12-13,0,0.0,False,0.0,0.0
2020-12-14,0,0.0,,0.0,0.0
2020-12-15,0,0.0,,0.0,0.0
2020-12-16,0,0.0,,0.0,0.0
2020-12-17,0,0.0,,0.0,0.0
2020-12-18,0,0.0,,0.0,0.0
2020-12-19,0,0.0,,0.0,0.0
2020-12-20,0,0.0,False,0.0,0.0
2020-12-21,0,0.0,,0.0,0.0
2020-12-22,0,0.0,,0.0,0.0
2020-12-23,0,0.0,,0.0,0.0
2020-12-24,0,0.0,,0.0,0.0
2020-12-25,0,0.0,,0.0,0.0
2020-12-26,0,0.0,,0.0,0.0
2020-12-27,0,0.0,False,0.0,0.0
2020-12-28,0,0.0,,0.0,0.0
2020-12-29,0,0.0,,0.0,0.0
2020-12-30,0,0.0,,0.0,0.0
2020-12-31,0,0.0,,0.0,0.0
2021-01-01,0,0.0,,0.0,0.0
2021-01-02,0,0.0,,0.0,0.0
2021-01-03,0,90.0,False,0.9,0.0
2021-01-04,0,90.0,,0.9,0.0
2021-01-05,0,90.0,,0.9,0.0
2021-01-06,0,90.0,,0.9,0.0
2021-01-07,0,90.0,,0.9,0.0
2021-01-08,0,90.0,,0.9,0.0
2021-01-09,0,90.0,,0.9,0.0
2021-01-10,0,0.0,False,0.0,0.0
2021-01-11,0,0.0,,0.0,0.0
2021-01-12,0,0.0,,0.0,0.0
2021-01-13,0,0.0,,0.0,0.0
2021-01-14,0,0.0,,0.0,0.0
2021-01-15,0,0.0,,0.0,0.0
2021-01-16,0,0.0,,0.0,0.0
2021-01-17,0,0.0,False,0.0,0.0
2021-01-18,0,0.0,,0.0,0.0
2021-01-19,0,0.0,,0.0,0.0
2021-01-20,0,0.0,,0.0,0.0
2021-01-21,0,0.0,,0.0,0.0
2021-01-22,0,0.0,,0.0,0.0
2021-01-23,0,0.0,,0.0,0.0
2021-01-24,100,0.0,False,0.0,0.0
2021-01-25,0,0.0,,0.0,0.0
2021-01-26,0,0.0,,0.0,0.0
2021-01-27,0,0.0,,0.0,0.0
2021-01-28,0,0.0,,0.0,0.0
2021-01-29,0,0.0,,0.0,0.0
2021-01-30,0,0.0,,0.0,0.0
2021-01-31,0,45.0,False,0.45,0.0
